year,code,name,ASAL,AvgTemp_MarMay,coef_var_MarMay,AvgTemp_MarAug,coef_var_MarAug,AvgTemp_OctDec,coef_var_OctDec
1981,51338,-999,1,291.5,3.2,290.5,4.6,291.4,2.4
1982,51338,-999,1,292,3.8,291,4.8,290.8,2.2
1983,51338,-999,1,292.9,3.4,291.6,5.3,291.3,2.2
1984,51338,-999,1,292.4,3.1,291.1,5.4,290.6,2.3
1985,51338,-999,1,291.7,3.1,290.5,4.9,291,2.5
1986,51338,-999,1,291.9,3.8,290.7,5.7,291.6,2.9
1987,51338,-999,1,293,4.1,291.5,6.3,292.3,2.7
1988,51338,-999,1,292.3,3.8,291.1,5.3,290.8,2.4
1989,51338,-999,1,291.4,2.9,290.3,4.8,290.9,2
1990,51338,-999,1,291.4,2.5,290.4,4.3,291.1,2.6
1991,51338,-999,1,292.2,2.5,290.9,5.2,291.2,2.4
1992,51338,-999,1,292.6,4.1,291.1,6.4,291.4,2.3
1993,51338,-999,1,292,2.7,290.9,4.9,291.7,2.3
1994,51338,-999,1,292.4,3.1,291.1,5.1,291.3,2.7
1995,51338,-999,1,292.1,2.2,291.1,4.2,291.1,2.4
1996,51338,-999,1,292.4,2.6,291,5.6,291.5,2.9
1997,51338,-999,1,292.1,4.3,291.3,4.6,291.2,2.1
1998,51338,-999,1,292.6,2.5,291.2,5.7,291.5,2.1
1999,51338,-999,1,292.1,3.3,291.1,4.5,291,2.8
2000,51338,-999,1,292.6,2.6,291.3,5,291.7,2
2001,51338,-999,1,291.8,2.1,290.8,4.3,291.4,2.6
2002,51338,-999,1,292.1,2.8,290.9,4.8,291.3,2.4
2003,51338,-999,1,292.5,3.3,291.2,5.5,291.6,2.4
2004,51338,-999,1,292.3,3,291.2,4.7,291.7,2.2
2005,51338,-999,1,292.8,3.4,291.3,6,292.1,1.7
2006,51338,-999,1,292.4,2.8,291.4,4.4,291.6,2.1
2007,51338,-999,1,292.5,2.4,291.2,5,291.5,1.8
2008,51338,-999,1,292,2.7,291,4.4,291.8,2.3
2009,51338,-999,1,293.1,3.2,291.9,5.1,292.1,2.1
2010,51338,-999,1,292.5,2.1,291.4,4.4,291.9,2.2
2011,51338,-999,1,292.9,2.6,291.8,4.6,291.5,2.3
2012,51338,-999,1,292.4,3.5,291.2,5.2,291.6,2.5
2013,51338,-999,1,292.3,3.6,291,5.4,291.7,2.4
2014,51338,-999,1,292.4,2.6,291.5,4,292,2.5
2015,51338,-999,1,292.7,2.8,291.7,4.4,292.2,2.5
2016,51338,-999,1,292.9,4.9,291.5,6.4,292,2.4
2017,51338,-999,1,293,3.8,291.9,5.1,291.8,2.6
1981,51340,-999,1,299.9,3.2,298.7,4.6,299.8,2.4
1982,51340,-999,1,299.9,4.3,298.8,5,299.5,2.4
1983,51340,-999,1,300.8,3.6,299.5,5.2,299.9,2.6
1984,51340,-999,1,300.4,3.6,298.8,6.1,299.3,2.3
1985,51340,-999,1,300,3.1,298.8,4.6,299.5,2.4
1986,51340,-999,1,300.1,4.6,298.8,5.7,300.1,2.4
1987,51340,-999,1,301,4.4,299.4,6.4,300.6,2.3
1988,51340,-999,1,300.6,4.2,299.3,5.4,299.8,2.1
1989,51340,-999,1,300,3.7,298.7,5.1,299.5,2.1
1990,51340,-999,1,300,2.8,298.9,4.4,299.8,2.3
1991,51340,-999,1,300.6,4,299.1,5.9,300,2.2
1992,51340,-999,1,300.7,3.8,299.2,6,299.8,2
1993,51340,-999,1,300.6,2.6,299.2,5.5,300,2.7
1994,51340,-999,1,300.6,4.5,299.3,5.7,299.5,1.7
1995,51340,-999,1,300.5,3.5,299.3,4.9,299.7,1.9
1996,51340,-999,1,300.3,3.7,299,5.2,300,2.8
1997,51340,-999,1,300.4,3.8,299.3,4.7,299.4,2.2
1998,51340,-999,1,300.8,3.1,299.5,5.2,299.9,2.2
1999,51340,-999,1,300.2,4.2,298.8,5.5,299.3,2.4
2000,51340,-999,1,300.4,3.5,299,5.4,300.2,2.4
2001,51340,-999,1,300.8,3,299.3,5.5,300.1,1.9
2002,51340,-999,1,300.8,3.7,299.4,5.6,299.8,3
2003,51340,-999,1,301.2,3.9,299.6,6.2,300.4,2.2
2004,51340,-999,1,300.9,2.8,299.4,5.6,300.2,2.5
2005,51340,-999,1,301.1,3.4,299.5,6.1,300.2,2.1
2006,51340,-999,1,300.5,3.3,299.4,4.8,299.9,2.3
2007,51340,-999,1,301,3.4,299.6,5.5,299.9,1.8
2008,51340,-999,1,300.1,3.4,298.9,5,300.5,1.9
2009,51340,-999,1,301.1,3.2,299.7,5.4,300.3,2.7
2010,51340,-999,1,301,3.3,299.6,5.5,300.2,1.7
2011,51340,-999,1,300.9,3,299.9,4.3,300.3,2.8
2012,51340,-999,1,300.9,3.2,299.7,4.9,300.4,2.2
2013,51340,-999,1,300.7,4.1,299.4,5.5,300.3,1.8
2014,51340,-999,1,300.8,3.7,299.7,4.7,300.5,2.7
2015,51340,-999,1,301.1,3.2,299.8,4.9,300.9,2.3
2016,51340,-999,1,301.4,4.9,299.9,6.3,300.7,1.9
2017,51340,-999,1,301.1,4.8,300,5.2,300.4,1.9
1981,51341,-999,1,299.1,3.8,297.8,5.5,299.4,3.2
1982,51341,-999,1,299.2,4.9,298,5.5,299.3,2.8
1983,51341,-999,1,300.1,3.8,298.7,5.7,299.6,3.3
1984,51341,-999,1,299.6,3.7,298,6.3,299.2,2.9
1985,51341,-999,1,299.3,3.6,298,5.3,299.2,2.9
1986,51341,-999,1,299.5,4.6,298,6.2,299.8,2.8
1987,51341,-999,1,300.2,4.8,298.5,6.8,300.3,3.4
1988,51341,-999,1,299.9,4.6,298.5,5.8,299.6,2.6
1989,51341,-999,1,299.2,3.9,297.9,5.5,299.3,2.8
1990,51341,-999,1,299.4,3.2,298.1,5.1,299.5,3
1991,51341,-999,1,299.8,4.3,298.2,6.3,299.6,2.7
1992,51341,-999,1,299.9,3.9,298.4,6.3,299.5,2.6
1993,51341,-999,1,299.8,2.5,298.3,5.8,299.8,3.5
1994,51341,-999,1,299.8,4.9,298.4,6,299.4,2.2
1995,51341,-999,1,299.8,3.9,298.5,5.4,299.6,2.5
1996,51341,-999,1,299.4,4.1,298.1,5.6,299.7,3.6
1997,51341,-999,1,299.7,4.4,298.5,5.3,299.4,2.8
1998,51341,-999,1,300.2,3.8,298.8,5.7,299.7,2.8
1999,51341,-999,1,299.4,4.2,298,5.7,299.1,3.1
2000,51341,-999,1,299.6,3.9,298.2,5.7,299.8,2.6
2001,51341,-999,1,300,3.4,298.5,5.9,300,2.7
2002,51341,-999,1,300,3.7,298.6,5.7,299.6,3.2
2003,51341,-999,1,300.4,4.3,298.7,6.7,300.3,3.1
2004,51341,-999,1,300.1,3.6,298.5,6,299.9,3.1
2005,51341,-999,1,300.3,4,298.8,6.4,300,3
2006,51341,-999,1,299.7,3.8,298.5,5.3,299.7,2.7
2007,51341,-999,1,300.2,3.8,298.7,5.9,299.8,2.6
2008,51341,-999,1,299.3,3.8,298,5.5,300.2,2.3
2009,51341,-999,1,300.2,3.6,298.8,5.7,300.2,3
2010,51341,-999,1,300.3,3.7,298.8,6.1,300.2,2.3
2011,51341,-999,1,300.1,3.3,298.9,4.9,300.1,3.4
2012,51341,-999,1,300,3.6,298.7,5.2,300.2,2.7
2013,51341,-999,1,299.9,4.2,298.5,5.8,300,2.8
2014,51341,-999,1,299.9,4,298.8,5.1,300.2,3.2
2015,51341,-999,1,300.2,3.5,298.9,5.2,300.7,2.8
2016,51341,-999,1,300.5,5.6,299,6.6,300.3,2.8
2017,51341,-999,1,300.2,5.1,299,5.6,300.1,2.4
1981,51342,-999,1,300.7,2.8,299.7,4,300.8,2.4
1982,51342,-999,1,300.8,3.4,299.8,4.5,300.3,2.6
1983,51342,-999,1,301.9,3.4,300.6,4.9,300.8,2.4
1984,51342,-999,1,301.4,3.3,299.9,5.8,300,2
1985,51342,-999,1,300.8,2.8,299.8,4.2,300.5,2.5
1986,51342,-999,1,301,4.2,299.8,5.2,300.8,2.4
1987,51342,-999,1,301.9,3.3,300.4,5.8,301.2,1.9
1988,51342,-999,1,301.5,3.5,300.4,4.9,300.5,1.9
1989,51342,-999,1,300.9,3.2,299.8,4.6,300.1,1.7
1990,51342,-999,1,300.8,2.5,299.9,3.9,300.4,2.2
1991,51342,-999,1,301.4,3.3,300,5.4,300.8,2.2
1992,51342,-999,1,301.7,3.2,300.3,5.7,300.5,1.9
1993,51342,-999,1,301.6,2.6,300.1,5.4,300.7,2.4
1994,51342,-999,1,301.6,3.7,300.2,5.5,300.1,1.7
1995,51342,-999,1,301.4,3,300.3,4.5,300.5,1.7
1996,51342,-999,1,301.3,3.2,300.1,5,300.7,2.6
1997,51342,-999,1,301.2,3.3,300.3,4.1,299.8,2.1
1998,51342,-999,1,301.7,2.6,300.4,5.1,300.6,2.2
1999,51342,-999,1,301.2,4,299.9,5.3,300.1,2.3
2000,51342,-999,1,301.4,3.1,300,5.3,301.1,2.6
2001,51342,-999,1,301.6,2.5,300.2,5.2,300.9,1.8
2002,51342,-999,1,301.7,3.8,300.3,5.8,300.6,3.1
2003,51342,-999,1,302.1,3.5,300.6,5.7,300.9,1.8
2004,51342,-999,1,301.8,2.4,300.4,5.3,300.9,2.2
2005,51342,-999,1,302,3.1,300.6,5.7,300.9,1.9
2006,51342,-999,1,301.5,2.9,300.4,4.4,300.5,2
2007,51342,-999,1,302.1,2.9,300.7,5.1,300.6,1.6
2008,51342,-999,1,301.1,2.9,300,4.5,301.3,2.1
2009,51342,-999,1,302.1,2.8,300.8,4.9,301,2.9
2010,51342,-999,1,301.8,2.6,300.6,4.9,300.9,1.6
2011,51342,-999,1,301.9,2.6,300.9,4.1,300.8,2.4
2012,51342,-999,1,301.8,2.9,300.7,4.4,301.2,2.3
2013,51342,-999,1,301.8,4,300.4,5.4,301.1,1.7
2014,51342,-999,1,301.8,3.5,300.8,4.5,301.5,2.4
2015,51342,-999,1,302.3,2.9,301,4.9,301.7,2.2
2016,51342,-999,1,302.4,4.5,301,5.8,301.4,1.4
2017,51342,-999,1,302.1,3.8,301,4.5,301.2,1.7
1981,51344,-999,1,300.3,3.3,298.9,5.2,299.9,3
1982,51344,-999,1,300.2,4.5,299,5.4,299.8,2.7
1983,51344,-999,1,301,3.7,299.6,5.5,300,3.5
1984,51344,-999,1,300.7,3.5,299,6.4,299.6,3
1985,51344,-999,1,300.4,3.1,299.1,5.1,299.7,3
1986,51344,-999,1,300.5,4.4,299,6,300.3,2.8
1987,51344,-999,1,301.3,4.6,299.6,6.7,300.7,3.3
1988,51344,-999,1,301,4.3,299.6,5.7,300,2.5
1989,51344,-999,1,300.3,3.7,298.9,5.5,299.8,2.9
1990,51344,-999,1,300.5,2.9,299.2,5.1,300,3
1991,51344,-999,1,301,4.2,299.4,6.4,300,2.8
1992,51344,-999,1,301,3.8,299.4,6.4,299.9,2.5
1993,51344,-999,1,300.9,2.4,299.4,5.8,300.1,3.8
1994,51344,-999,1,300.9,4.8,299.5,6,299.8,1.8
1995,51344,-999,1,300.9,3.9,299.5,5.5,299.9,2.7
1996,51344,-999,1,300.5,3.9,299.1,5.6,300.1,3.8
1997,51344,-999,1,300.8,4,299.5,5.2,299.7,2.9
1998,51344,-999,1,301.2,3.4,299.8,5.5,300,3.1
1999,51344,-999,1,300.4,4,299,5.8,299.5,3.1
2000,51344,-999,1,300.7,3.7,299.2,5.8,300.3,2.9
2001,51344,-999,1,301.2,3.2,299.6,6,300.4,2.8
2002,51344,-999,1,301.1,3.6,299.7,5.8,300,3.4
2003,51344,-999,1,301.6,4,299.8,6.8,300.7,3.3
2004,51344,-999,1,301.3,3.1,299.7,6,300.4,3.1
2005,51344,-999,1,301.4,3.6,299.8,6.5,300.3,2.9
2006,51344,-999,1,300.8,3.4,299.5,5.1,300.1,2.9
2007,51344,-999,1,301.3,3.6,299.8,5.7,300.1,2.6
2008,51344,-999,1,300.5,3.5,299.1,5.4,300.7,2.5
2009,51344,-999,1,301.3,3.3,299.9,5.6,300.6,3.1
2010,51344,-999,1,301.5,3.8,299.9,6.3,300.5,2.4
2011,51344,-999,1,301.2,3.1,300,4.7,300.5,3.5
2012,51344,-999,1,301.2,3.3,299.8,5.2,300.6,2.8
2013,51344,-999,1,301.1,3.8,299.6,5.6,300.4,2.6
2014,51344,-999,1,301,3.6,299.9,5,300.6,3.2
2015,51344,-999,1,301.3,3.4,300,5.1,301.1,2.8
2016,51344,-999,1,301.7,5,300.1,6.6,300.8,2.9
2017,51344,-999,1,301.4,5.2,300.2,5.6,300.6,2.3
1981,51345,-999,1,297.7,3.9,296.4,5.4,297.9,2.4
1982,51345,-999,1,297.9,5.2,296.7,5.7,297.5,2.2
1983,51345,-999,1,298.8,3.9,297.4,5.8,298,2.5
1984,51345,-999,1,298.2,3.9,296.6,6.4,297.4,2.4
1985,51345,-999,1,297.9,3.6,296.6,5.3,297.4,2.4
1986,51345,-999,1,298,5,296.6,6.4,298.2,2.4
1987,51345,-999,1,298.8,5.5,297.1,7,298.8,2.5
1988,51345,-999,1,298.4,4.6,297.1,5.8,298,2.4
1989,51345,-999,1,297.7,4.2,296.4,5.6,297.6,2.2
1990,51345,-999,1,297.6,2.9,296.4,4.8,297.8,2.5
1991,51345,-999,1,298.4,4.3,296.8,6.2,298,1.9
1992,51345,-999,1,298.6,4.3,297,6.5,297.8,2.1
1993,51345,-999,1,298.4,2.5,296.9,5.7,298.2,2.7
1994,51345,-999,1,298.5,4.7,297.1,6,297.7,1.9
1995,51345,-999,1,298.3,3.6,297,5.3,297.9,2
1996,51345,-999,1,298,4,296.7,5.5,298,2.9
1997,51345,-999,1,298.3,4.7,297.2,5.3,297.5,2.1
1998,51345,-999,1,298.5,3.6,297.2,5.6,297.9,2.2
1999,51345,-999,1,297.9,4.4,296.5,5.8,297.4,2.2
2000,51345,-999,1,298.2,3.7,296.8,5.7,298.2,2
2001,51345,-999,1,298.5,3.3,297,5.7,298.1,1.9
2002,51345,-999,1,298.5,3.6,297.2,5.6,297.8,2.6
2003,51345,-999,1,299,4.4,297.3,6.8,298.7,2.5
2004,51345,-999,1,298.6,3.3,297.1,5.7,298.3,2.6
2005,51345,-999,1,299.1,4,297.4,6.8,298.5,2.5
2006,51345,-999,1,298.3,3.5,297,5.1,297.8,2.2
2007,51345,-999,1,298.7,3.8,297.2,5.9,298.1,1.9
2008,51345,-999,1,297.8,4,296.5,5.6,298.6,1.9
2009,51345,-999,1,299,3.8,297.5,6,298.4,2.4
2010,51345,-999,1,298.7,3.6,297.3,5.8,298.4,1.8
2011,51345,-999,1,298.7,3.3,297.6,4.7,298.5,3
2012,51345,-999,1,298.7,3.9,297.4,5.4,298.5,2.1
2013,51345,-999,1,298.5,4.6,297,6,298.3,1.9
2014,51345,-999,1,298.4,3.8,297.3,5,298.5,2.6
2015,51345,-999,1,298.7,3.8,297.4,5.4,299,2.2
2016,51345,-999,1,299.1,5.7,297.5,7,298.7,2.2
2017,51345,-999,1,298.9,5.4,297.6,5.9,298.5,2.1
1981,51346,-999,1,300.2,3.2,299.2,4.5,300.3,2.3
1982,51346,-999,1,300.4,3.8,299.3,4.9,299.7,2.3
1983,51346,-999,1,301.5,3.6,300.2,5.3,300.4,2.1
1984,51346,-999,1,301,3.4,299.4,6.1,299.4,2
1985,51346,-999,1,300.4,3,299.2,4.7,299.9,2.1
1986,51346,-999,1,300.6,4.4,299.3,5.6,300.3,2.5
1987,51346,-999,1,301.5,3.8,299.9,6.3,301,1.8
1988,51346,-999,1,301.1,3.9,299.8,5.3,299.9,2.1
1989,51346,-999,1,300.3,3.5,299.1,5,299.6,1.9
1990,51346,-999,1,300.2,2.6,299.2,4.2,299.9,2.4
1991,51346,-999,1,301,3.4,299.5,5.7,300.3,2.1
1992,51346,-999,1,301.3,3.6,299.7,6.2,300,1.9
1993,51346,-999,1,301.1,2.7,299.6,5.7,300.3,2.1
1994,51346,-999,1,301.2,3.8,299.8,5.7,299.7,2.3
1995,51346,-999,1,300.9,3,299.7,4.7,300,1.8
1996,51346,-999,1,300.9,3.3,299.6,5.3,300.3,2.5
1997,51346,-999,1,300.8,3.8,299.8,4.4,299.4,2.1
1998,51346,-999,1,301.2,2.9,299.8,5.5,300.2,2.1
1999,51346,-999,1,300.7,4.4,299.4,5.6,299.6,2.4
2000,51346,-999,1,301,3.2,299.6,5.4,300.6,2.1
2001,51346,-999,1,301.1,2.7,299.7,5.5,300.3,2
2002,51346,-999,1,301.1,3.8,299.7,5.8,300.1,2.7
2003,51346,-999,1,301.5,3.7,300,6,300.5,1.8
2004,51346,-999,1,301.3,2.7,299.8,5.5,300.4,2.3
2005,51346,-999,1,301.6,3.2,300,6.2,300.6,1.7
2006,51346,-999,1,301.1,3.1,299.9,4.8,300,1.9
2007,51346,-999,1,301.6,3.1,300.2,5.4,300.1,1.6
2008,51346,-999,1,300.6,3.3,299.4,4.9,300.8,2
2009,51346,-999,1,301.7,3.1,300.3,5.4,300.6,2.3
2010,51346,-999,1,301.3,2.6,300,5,300.6,1.7
2011,51346,-999,1,301.5,2.7,300.4,4.4,300.4,2.4
2012,51346,-999,1,301.4,2.9,300.1,5,300.7,2.1
2013,51346,-999,1,301.1,4,299.7,5.6,300.6,1.6
2014,51346,-999,1,301.2,3.3,300.1,4.5,300.8,2.4
2015,51346,-999,1,301.6,2.9,300.4,5,301.2,1.9
2016,51346,-999,1,301.9,4.9,300.4,6.3,300.9,1.7
2017,51346,-999,1,301.7,4.1,300.5,5.1,300.7,1.9
1981,51347,-999,1,293.1,3.2,292,4.7,293,2.6
1982,51347,-999,1,293.5,3.7,292.5,4.8,292.4,2.2
1983,51347,-999,1,294.6,3.3,293.2,5.4,293,2.4
1984,51347,-999,1,294,3.1,292.6,5.7,292.1,2.3
1985,51347,-999,1,293.3,3,292,5,292.5,2.4
1986,51347,-999,1,293.5,3.8,292.2,5.8,293.1,2.9
1987,51347,-999,1,294.7,4.1,293.1,6.4,293.9,2.8
1988,51347,-999,1,293.9,3.8,292.7,5.5,292.4,2.6
1989,51347,-999,1,293,2.9,291.9,5,292.5,2.1
1990,51347,-999,1,293,2.5,292,4.5,292.7,2.7
1991,51347,-999,1,293.8,2.5,292.5,5.4,292.8,2.6
1992,51347,-999,1,294.2,4,292.6,6.6,293.1,2.5
1993,51347,-999,1,293.7,2.8,292.4,5.2,293.2,2.5
1994,51347,-999,1,294,3.2,292.7,5.4,292.8,3
1995,51347,-999,1,293.7,2.2,292.6,4.4,292.8,2.5
1996,51347,-999,1,294.1,2.6,292.5,5.9,293.1,3
1997,51347,-999,1,293.7,4.1,292.8,4.5,292.7,2.1
1998,51347,-999,1,294.2,2.5,292.7,5.9,293,2.2
1999,51347,-999,1,293.7,3.4,292.6,4.8,292.6,3
2000,51347,-999,1,294.2,2.6,292.9,5.1,293.3,2
2001,51347,-999,1,293.5,2.3,292.4,4.7,293,2.9
2002,51347,-999,1,293.7,2.9,292.5,5.1,292.9,2.4
2003,51347,-999,1,294.1,3.2,292.8,5.6,293.2,2.4
2004,51347,-999,1,293.9,2.9,292.7,4.9,293.3,2.2
2005,51347,-999,1,294.4,3.3,292.9,6.3,293.7,1.6
2006,51347,-999,1,294,2.9,292.9,4.7,293.2,2.1
2007,51347,-999,1,294.1,2.5,292.9,5.2,293,1.9
2008,51347,-999,1,293.6,2.8,292.5,4.6,293.4,2.3
2009,51347,-999,1,294.7,3.1,293.4,5.3,293.6,2.2
2010,51347,-999,1,294.1,2.1,292.9,4.7,293.5,2.3
2011,51347,-999,1,294.5,2.5,293.3,4.8,293.2,2.4
2012,51347,-999,1,294,3.3,292.8,5.2,293.3,2.6
2013,51347,-999,1,293.9,3.6,292.5,5.6,293.3,2.5
2014,51347,-999,1,294,2.6,293,4.2,293.6,2.7
2015,51347,-999,1,294.3,2.6,293.2,4.6,293.9,2.6
2016,51347,-999,1,294.5,5,293,6.6,293.5,2.6
2017,51347,-999,1,294.7,3.8,293.5,5.3,293.4,2.7
1981,51348,-999,1,298.7,3.6,297.8,4.1,298.8,2.5
1982,51348,-999,1,299.3,3.5,298.3,4.5,298.1,2.1
1983,51348,-999,1,300.3,3.4,299.1,5,299,2
1984,51348,-999,1,299.9,3.1,298.5,5.5,297.9,2.2
1985,51348,-999,1,299,3.3,297.9,4.6,298.4,1.9
1986,51348,-999,1,299.3,3.4,298.1,5.1,298.7,2.5
1987,51348,-999,1,300.3,3.7,298.9,5.8,299.7,2.2
1988,51348,-999,1,299.8,4.2,298.6,5.2,298.2,2.3
1989,51348,-999,1,298.9,3.2,297.8,4.7,298.1,2.3
1990,51348,-999,1,298.7,2.4,297.9,3.8,298.4,2.7
1991,51348,-999,1,299.7,2.6,298.4,5.4,298.8,2.3
1992,51348,-999,1,300,3.5,298.6,5.9,298.5,2.1
1993,51348,-999,1,299.5,2.6,298.2,4.9,298.7,1.9
1994,51348,-999,1,300,3.3,298.7,5.3,298.3,2.8
1995,51348,-999,1,299.5,2.7,298.5,4,298.6,2.2
1996,51348,-999,1,299.8,2.6,298.4,5.5,298.9,2.6
1997,51348,-999,1,299.2,4.2,298.6,4.1,297.9,2.4
1998,51348,-999,1,299.8,2.7,298.4,5.5,298.7,2.2
1999,51348,-999,1,299.6,3.8,298.4,4.9,298.3,2.7
2000,51348,-999,1,300,2.7,298.7,5.1,299.3,1.9
2001,51348,-999,1,299.6,2.7,298.4,4.9,298.7,2.6
2002,51348,-999,1,299.4,3.9,298.3,5,298.6,2.6
2003,51348,-999,1,299.9,3.5,298.7,5,298.6,2.5
2004,51348,-999,1,299.8,3,298.6,4.7,298.7,2.4
2005,51348,-999,1,300.5,3.4,299,5.9,299.3,1.7
2006,51348,-999,1,299.9,3.3,298.9,4.5,298.4,2.2
2007,51348,-999,1,300.2,2.4,299.1,4.6,298.6,2
2008,51348,-999,1,299.4,3.3,298.4,4.4,299.1,2.7
2009,51348,-999,1,300.5,3,299.4,4.7,299.2,2.2
2010,51348,-999,1,300,2,298.9,4.5,299.5,2
2011,51348,-999,1,300.6,2.3,299.5,4.4,298.4,2.7
2012,51348,-999,1,299.9,2.7,298.8,4.5,299,2.3
2013,51348,-999,1,299.4,3.8,298.2,5,299.2,2
2014,51348,-999,1,299.7,2.6,299,3.5,299.3,2.7
2015,51348,-999,1,300.2,2.6,299.2,4,299.7,1.8
2016,51348,-999,1,300.6,5.1,299.1,6.4,299.4,2.3
2017,51348,-999,1,300.6,3.4,299.4,4.8,299.1,2.7
1981,51349,-999,1,297.9,3.4,296.7,5,297.9,2.2
1982,51349,-999,1,298.2,4.1,297,5.3,297.3,2.1
1983,51349,-999,1,299.3,3.5,297.9,5.7,298,2.2
1984,51349,-999,1,298.7,3.4,297.1,6.2,297,2.2
1985,51349,-999,1,298.1,3.1,296.8,5.2,297.3,2.1
1986,51349,-999,1,298.3,4.4,296.8,6.1,297.9,2.7
1987,51349,-999,1,299.3,4.3,297.6,6.8,298.7,2.1
1988,51349,-999,1,298.7,4,297.4,5.6,297.5,2.5
1989,51349,-999,1,297.9,3.5,296.6,5.3,297.3,2
1990,51349,-999,1,297.8,2.6,296.6,4.7,297.6,2.6
1991,51349,-999,1,298.6,3.2,297.1,5.9,297.8,2.2
1992,51349,-999,1,299,4,297.3,6.7,297.8,2.3
1993,51349,-999,1,298.7,2.7,297.2,5.8,298,2.2
1994,51349,-999,1,298.9,3.7,297.4,5.9,297.5,2.8
1995,51349,-999,1,298.5,2.7,297.3,4.9,297.7,2.2
1996,51349,-999,1,298.7,3.1,297.2,5.8,298,2.7
1997,51349,-999,1,298.5,4.2,297.5,4.8,297.3,2.1
1998,51349,-999,1,298.8,2.9,297.3,5.9,297.8,2
1999,51349,-999,1,298.5,4.1,297.1,5.6,297.3,2.6
2000,51349,-999,1,298.8,3.1,297.3,5.6,298.2,1.7
2001,51349,-999,1,298.6,2.7,297.2,5.4,297.9,2.4
2002,51349,-999,1,298.7,3.3,297.3,5.7,297.7,2.5
2003,51349,-999,1,299.1,3.7,297.5,6.2,298.2,2
2004,51349,-999,1,298.8,2.8,297.4,5.5,298.1,2.3
2005,51349,-999,1,299.3,3.4,297.6,6.6,298.4,1.6
2006,51349,-999,1,298.7,3.1,297.5,5.1,297.8,1.9
2007,51349,-999,1,299.1,3,297.6,5.7,297.8,1.8
2008,51349,-999,1,298.3,3.3,297,5.2,298.3,2.1
2009,51349,-999,1,299.4,3.2,297.9,5.9,298.3,2
2010,51349,-999,1,298.9,2.5,297.6,5.2,298.3,2
2011,51349,-999,1,299.2,2.7,298,4.9,298.1,2.4
2012,51349,-999,1,299,3.2,297.6,5.4,298.2,2.3
2013,51349,-999,1,298.7,4,297.2,5.9,298.1,2.1
2014,51349,-999,1,298.7,3.1,297.6,4.6,298.4,2.5
2015,51349,-999,1,299.1,2.9,297.8,5.2,298.8,2.1
2016,51349,-999,1,299.4,5.2,297.8,6.9,298.5,2.1
2017,51349,-999,1,299.4,4.2,298.1,5.5,298.3,2.3
1981,51351,-999,1,295.8,3.7,294.5,5.5,295.7,2.2
1982,51351,-999,1,296.1,4.6,294.9,5.6,295.2,2
1983,51351,-999,1,297.2,3.6,295.6,6,295.9,2.4
1984,51351,-999,1,296.4,3.6,294.8,6.4,295,2.3
1985,51351,-999,1,295.9,3.3,294.6,5.4,295.2,2.2
1986,51351,-999,1,296.1,4.8,294.6,6.5,295.9,2.7
1987,51351,-999,1,297.1,5,295.3,7.2,296.7,2.2
1988,51351,-999,1,296.5,4.3,295.1,5.8,295.6,2.7
1989,51351,-999,1,295.7,3.8,294.3,5.6,295.3,2
1990,51351,-999,1,295.6,2.7,294.4,4.9,295.6,2.6
1991,51351,-999,1,296.4,3.5,294.9,6.1,295.8,2.2
1992,51351,-999,1,296.8,4.3,295.1,6.9,295.7,2.4
1993,51351,-999,1,296.5,2.7,295,5.9,296.1,2.4
1994,51351,-999,1,296.7,3.8,295.2,6,295.6,2.7
1995,51351,-999,1,296.3,2.8,295,5.1,295.7,2.2
1996,51351,-999,1,296.4,3.3,294.9,5.8,295.9,2.8
1997,51351,-999,1,296.4,4.6,295.3,5.2,295.4,2.1
1998,51351,-999,1,296.6,3.2,295.1,6,295.8,2
1999,51351,-999,1,296.2,4,294.9,5.7,295.3,2.4
2000,51351,-999,1,296.6,3.2,295.1,5.7,296.1,1.8
2001,51351,-999,1,296.3,2.8,295,5.4,295.8,2.3
2002,51351,-999,1,296.5,3.2,295.1,5.7,295.6,2.5
2003,51351,-999,1,297,4.1,295.3,6.6,296.4,2
2004,51351,-999,1,296.6,3,295.2,5.6,296.1,2.2
2005,51351,-999,1,297.2,3.7,295.4,6.9,296.5,1.9
2006,51351,-999,1,296.4,3.1,295.2,5.2,295.7,1.9
2007,51351,-999,1,296.8,3.4,295.3,5.9,295.9,1.8
2008,51351,-999,1,296,3.6,294.7,5.4,296.3,2
2009,51351,-999,1,297.3,3.6,295.7,6.3,296.2,2.1
2010,51351,-999,1,296.7,2.8,295.3,5.4,296.2,2
2011,51351,-999,1,296.9,2.9,295.7,5,296.2,2.5
2012,51351,-999,1,296.8,3.9,295.4,5.8,296.2,2.4
2013,51351,-999,1,296.5,4.4,295,6.2,296.1,2.4
2014,51351,-999,1,296.4,3.2,295.3,4.9,296.4,2.6
2015,51351,-999,1,296.9,3.5,295.5,5.5,296.7,2.2
2016,51351,-999,1,297.2,5.5,295.5,7.2,296.4,2
2017,51351,-999,1,297.1,4.8,295.8,5.9,296.3,2.2
1981,51352,-999,1,298.3,3.6,297.6,3.8,298.4,2.5
1982,51352,-999,1,299.1,3.5,298.2,4.1,297.8,2.1
1983,51352,-999,1,299.9,3.4,298.8,4.8,298.6,2
1984,51352,-999,1,299.5,3,298.3,4.8,297.9,2.3
1985,51352,-999,1,298.4,3.9,297.5,4.2,298.1,1.8
1986,51352,-999,1,298.9,3.1,297.8,4.5,298.4,2.3
1987,51352,-999,1,299.7,4.3,298.5,5.2,299.3,2.2
1988,51352,-999,1,299.4,5,298.3,5.5,298,2.3
1989,51352,-999,1,298.5,3.7,297.6,4.3,298.1,2
1990,51352,-999,1,298.4,2.5,297.7,3.4,298.2,2.4
1991,51352,-999,1,299.4,3.1,298.2,5,298.5,2.4
1992,51352,-999,1,299.8,3.9,298.5,5.6,298.3,2.1
1993,51352,-999,1,299,3.2,297.9,4.5,298.4,2
1994,51352,-999,1,299.6,3.7,298.5,4.8,298.1,2.5
1995,51352,-999,1,299.2,2.7,298.4,3.6,298.5,2.3
1996,51352,-999,1,299.3,3.1,298,5.3,298.6,2.5
1997,51352,-999,1,298.9,4.5,298.3,4.1,297.7,2.7
1998,51352,-999,1,299.4,3.1,298.2,5.2,298.4,2
1999,51352,-999,1,299.1,3.5,298.1,4.6,298,2.5
2000,51352,-999,1,299.8,2.5,298.6,4.8,299,2.2
2001,51352,-999,1,299.1,3.2,298.1,4.5,298.5,2.3
2002,51352,-999,1,298.9,4,298.1,4.3,298.4,2.6
2003,51352,-999,1,299.3,4.3,298.4,4.7,298.4,2.5
2004,51352,-999,1,299.4,3.4,298.4,4.3,298.4,2.6
2005,51352,-999,1,300,4.1,298.7,5.6,299.1,1.9
2006,51352,-999,1,299.5,3.4,298.6,4.2,298.2,2.1
2007,51352,-999,1,299.6,2.4,298.6,4.3,298.6,2.1
2008,51352,-999,1,299,3.9,298.2,4.1,298.6,3
2009,51352,-999,1,300.2,3.3,299.2,4.2,299.1,2.2
2010,51352,-999,1,299.8,2.4,298.7,4.5,299.2,2.1
2011,51352,-999,1,300.2,2.8,299.2,4.2,297.9,3.2
2012,51352,-999,1,299.5,3.3,298.6,4.2,298.7,2.3
2013,51352,-999,1,299,4.5,298,4.9,298.9,2.3
2014,51352,-999,1,299.4,2.8,298.8,3.3,299.1,2.6
2015,51352,-999,1,299.8,3.4,299.1,3.7,299.5,1.7
2016,51352,-999,1,300.3,5.5,298.9,6.3,299.3,2
2017,51352,-999,1,300.3,3.8,299.1,5,298.6,3
1981,51354,-999,1,294.3,3.2,293.4,4.2,294.3,2.7
1982,51354,-999,1,294.9,3.5,293.9,4.5,293.7,2.3
1983,51354,-999,1,295.9,3.2,294.7,5,294.4,2.3
1984,51354,-999,1,295.4,2.9,294.1,5.3,293.4,2.3
1985,51354,-999,1,294.6,3,293.5,4.7,293.9,2.3
1986,51354,-999,1,294.9,3.4,293.6,5.3,294.3,2.8
1987,51354,-999,1,296,3.8,294.5,5.9,295.2,2.8
1988,51354,-999,1,295.3,3.8,294.1,5.2,293.7,2.6
1989,51354,-999,1,294.4,2.8,293.3,4.6,293.8,2.1
1990,51354,-999,1,294.3,2.4,293.4,4,294,2.8
1991,51354,-999,1,295.2,2.3,293.9,5.1,294.1,2.5
1992,51354,-999,1,295.6,3.7,294.1,6.1,294.2,2.4
1993,51354,-999,1,295,2.7,293.8,4.8,294.5,2.3
1994,51354,-999,1,295.4,3,294.2,5.1,294.1,3
1995,51354,-999,1,295,2.3,294.1,4,294.1,2.4
1996,51354,-999,1,295.4,2.4,293.9,5.6,294.4,2.8
1997,51354,-999,1,294.9,4,294.2,4.1,293.8,2.2
1998,51354,-999,1,295.5,2.4,294.1,5.5,294.3,2.2
1999,51354,-999,1,295.1,3.3,294.1,4.5,293.9,2.9
2000,51354,-999,1,295.6,2.4,294.3,4.8,294.7,2
2001,51354,-999,1,295,2.3,293.9,4.5,294.3,2.9
2002,51354,-999,1,294.9,3,293.8,4.7,294.2,2.4
2003,51354,-999,1,295.4,3.1,294.2,5.1,294.4,2.6
2004,51354,-999,1,295.3,2.8,294.1,4.6,294.5,2.3
2005,51354,-999,1,295.8,3.2,294.3,5.9,294.9,1.6
2006,51354,-999,1,295.4,2.8,294.4,4.4,294.4,2.2
2007,51354,-999,1,295.5,2.2,294.4,4.6,294.3,1.9
2008,51354,-999,1,295,2.7,294,4.2,294.6,2.4
2009,51354,-999,1,296,3,294.9,4.8,294.9,2.2
2010,51354,-999,1,295.5,1.9,294.4,4.4,294.9,2.3
2011,51354,-999,1,295.9,2.4,294.8,4.5,294.3,2.6
2012,51354,-999,1,295.4,2.9,294.2,4.8,294.5,2.5
2013,51354,-999,1,295.2,3.4,293.9,5.2,294.7,2.4
2014,51354,-999,1,295.3,2.5,294.5,3.7,294.9,2.8
2015,51354,-999,1,295.7,2.4,294.7,4.1,295.2,2.4
2016,51354,-999,1,295.9,4.8,294.5,6.3,294.9,2.6
2017,51354,-999,1,296,3.4,294.9,4.9,294.7,2.7
1981,51359,-999,1,295.8,3.3,294.7,4.6,295.7,2.6
1982,51359,-999,1,296.2,3.6,295.1,4.9,295.1,2.2
1983,51359,-999,1,297.3,3.4,295.9,5.4,295.8,2.3
1984,51359,-999,1,296.7,3.1,295.3,5.8,294.8,2.3
1985,51359,-999,1,296,3,294.8,5,295.2,2.3
1986,51359,-999,1,296.2,3.8,294.9,5.7,295.7,2.9
1987,51359,-999,1,297.3,3.9,295.7,6.3,296.6,2.6
1988,51359,-999,1,296.7,3.8,295.4,5.4,295.1,2.6
1989,51359,-999,1,295.8,3,294.6,5,295.1,2.1
1990,51359,-999,1,295.7,2.5,294.7,4.4,295.4,2.8
1991,51359,-999,1,296.5,2.6,295.1,5.5,295.6,2.5
1992,51359,-999,1,296.9,3.8,295.3,6.6,295.7,2.4
1993,51359,-999,1,296.5,2.8,295.1,5.4,295.9,2.3
1994,51359,-999,1,296.8,3.2,295.4,5.5,295.4,3
1995,51359,-999,1,296.4,2.4,295.3,4.5,295.5,2.4
1996,51359,-999,1,296.8,2.7,295.2,5.9,295.8,2.8
1997,51359,-999,1,296.4,4,295.5,4.4,295.2,2.2
1998,51359,-999,1,296.8,2.6,295.4,5.8,295.7,2.2
1999,51359,-999,1,296.5,3.7,295.3,5,295.3,3
2000,51359,-999,1,296.9,2.7,295.5,5.2,296.1,1.9
2001,51359,-999,1,296.4,2.4,295.2,4.9,295.7,2.8
2002,51359,-999,1,296.4,3.2,295.2,5.3,295.6,2.4
2003,51359,-999,1,296.9,3.3,295.5,5.7,295.8,2.4
2004,51359,-999,1,296.7,2.8,295.4,5,295.9,2.3
2005,51359,-999,1,297.2,3.3,295.6,6.3,296.3,1.5
2006,51359,-999,1,296.8,3,295.6,4.8,295.7,2.1
2007,51359,-999,1,297,2.5,295.7,5.2,295.7,2
2008,51359,-999,1,296.3,2.9,295.2,4.7,296.1,2.4
2009,51359,-999,1,297.4,3,296.1,5.3,296.3,2.1
2010,51359,-999,1,296.8,2.1,295.6,4.7,296.2,2.2
2011,51359,-999,1,297.3,2.5,296.1,4.8,295.8,2.4
2012,51359,-999,1,296.8,3,295.5,5.2,296,2.5
2013,51359,-999,1,296.6,3.6,295.2,5.6,296,2.3
2014,51359,-999,1,296.7,2.7,295.7,4.2,296.3,2.7
2015,51359,-999,1,297.1,2.5,295.9,4.6,296.6,2.4
2016,51359,-999,1,297.3,5,295.8,6.6,296.3,2.6
2017,51359,-999,1,297.4,3.7,296.2,5.2,296.2,2.6
1981,51361,-999,1,301.1,3.3,300.1,4.2,301.3,2.3
1982,51361,-999,1,301.3,3.5,300.2,4.7,300.6,2.5
1983,51361,-999,1,302.5,3.6,301.2,5.1,301.4,2.1
1984,51361,-999,1,302,3.4,300.5,5.9,300.3,1.8
1985,51361,-999,1,301.3,3,300.2,4.5,300.9,2.2
1986,51361,-999,1,301.5,4,300.3,5.3,301.1,2.4
1987,51361,-999,1,302.5,3.2,300.9,5.8,301.9,1.6
1988,51361,-999,1,302,3.7,300.8,5.1,300.8,2
1989,51361,-999,1,301.3,3.3,300.2,4.7,300.4,2
1990,51361,-999,1,301.1,2.5,300.2,3.9,300.8,2.4
1991,51361,-999,1,301.9,3.1,300.5,5.6,301.3,2.1
1992,51361,-999,1,302.3,3.2,300.8,6,300.9,1.8
1993,51361,-999,1,302,2.7,300.5,5.6,301,1.9
1994,51361,-999,1,302.2,3.6,300.7,5.6,300.5,2.2
1995,51361,-999,1,301.8,3,300.7,4.5,300.9,1.7
1996,51361,-999,1,302,3,300.6,5.2,301.2,2.5
1997,51361,-999,1,301.6,3.7,300.7,4.1,300.1,2.2
1998,51361,-999,1,302.1,2.8,300.7,5.4,301.1,2.2
1999,51361,-999,1,301.7,4.4,300.4,5.6,300.6,2.5
2000,51361,-999,1,302,3.1,300.6,5.4,301.6,2.2
2001,51361,-999,1,302.1,2.6,300.7,5.4,301.3,2
2002,51361,-999,1,302,4.2,300.7,5.8,301,2.9
2003,51361,-999,1,302.4,3.7,301,5.7,301.2,1.9
2004,51361,-999,1,302.2,2.7,300.8,5.3,301.2,2.3
2005,51361,-999,1,302.6,3.2,301.1,5.9,301.4,1.7
2006,51361,-999,1,302.1,3.1,301,4.7,300.7,1.9
2007,51361,-999,1,302.7,2.8,301.3,5.2,300.9,1.7
2008,51361,-999,1,301.6,3.2,300.5,4.7,301.7,2.3
2009,51361,-999,1,302.7,2.9,301.4,5,301.5,2.5
2010,51361,-999,1,302.2,2.4,301,4.8,301.7,1.7
2011,51361,-999,1,302.7,2.4,301.6,4.3,301,2.3
2012,51361,-999,1,302.3,2.7,301.1,4.6,301.5,2.2
2013,51361,-999,1,302,3.9,300.7,5.3,301.6,1.6
2014,51361,-999,1,302.1,3.1,301.2,4.1,301.8,2.3
2015,51361,-999,1,302.7,2.6,301.4,4.7,302.2,1.8
2016,51361,-999,1,302.9,4.9,301.5,6.2,301.8,1.6
2017,51361,-999,1,302.7,3.5,301.6,4.7,301.6,1.8
1981,51363,-999,1,299.6,4.2,298.7,4.4,299.5,2.3
1982,51363,-999,1,300.3,4.2,299.3,4.9,298.7,2.2
1983,51363,-999,1,301.2,4.7,300,5.5,299.8,2
1984,51363,-999,1,300.8,4.1,299.3,6,299.1,1.7
1985,51363,-999,1,299.7,4.6,298.6,5,299.2,2.2
1986,51363,-999,1,300.3,4.2,299,5.6,299.7,2.2
1987,51363,-999,1,301.2,4.9,299.7,6.3,300.2,2
1988,51363,-999,1,300.8,4.8,299.7,5.3,299.3,2
1989,51363,-999,1,299.8,4.8,298.8,5.2,299,2.3
1990,51363,-999,1,299.7,3.2,298.8,4,299.1,2.6
1991,51363,-999,1,300.6,4.1,299.1,6.1,299.8,2.5
1992,51363,-999,1,301.2,4.1,299.7,6.1,299.4,2.2
1993,51363,-999,1,300.2,4.5,298.9,5.7,299.4,2.1
1994,51363,-999,1,300.8,4.9,299.5,5.9,298.8,2.9
1995,51363,-999,1,300.3,3.4,299.3,4.4,299.4,2.7
1996,51363,-999,1,300.4,3.7,299.1,5.2,299.8,2.6
1997,51363,-999,1,300.1,5.3,299.4,4.6,298,3.2
1998,51363,-999,1,300.6,3.6,299.2,5.7,299.4,2.4
1999,51363,-999,1,300.6,4.4,299.3,5.6,299,2.4
2000,51363,-999,1,301.2,3.3,299.6,5.8,300.3,1.8
2001,51363,-999,1,300.7,3.8,299.4,5.4,299.9,1.9
2002,51363,-999,1,300.8,5.8,299.5,6.3,299.3,3.1
2003,51363,-999,1,301,4.9,299.8,5.7,299.3,2.3
2004,51363,-999,1,300.7,3.4,299.6,4.7,299.1,2.6
2005,51363,-999,1,301.6,4.2,300,6.2,300,1.9
2006,51363,-999,1,300.8,3.9,299.7,4.9,298.9,2.1
2007,51363,-999,1,301.3,3.1,299.9,5.5,299.6,2.5
2008,51363,-999,1,300.4,4.5,299.4,5,300,2.9
2009,51363,-999,1,301.5,3.4,300.4,4.7,300,3
2010,51363,-999,1,301,3.1,299.8,5,300.5,2
2011,51363,-999,1,301.6,2.4,300.6,4.1,298.9,2.8
2012,51363,-999,1,300.7,3.3,299.8,4,300,2.4
2013,51363,-999,1,300.3,4.5,299.2,5,299.9,2.3
2014,51363,-999,1,300.8,3.1,300,3.8,299.9,2.6
2015,51363,-999,1,301.1,3.9,300.2,4.3,300.8,1.8
2016,51363,-999,1,301.9,6.2,300.3,7,300.4,1.8
2017,51363,-999,1,301.8,4.3,300.5,5.3,299.8,2.8
1981,51364,-999,1,300.2,4.2,299.3,4.5,300.5,2.2
1982,51364,-999,1,300.9,3.9,299.8,4.9,299.6,2.2
1983,51364,-999,1,301.9,4,300.6,5.3,300.8,2.2
1984,51364,-999,1,301.5,3.8,299.9,6,299.6,2
1985,51364,-999,1,300.5,4,299.4,4.9,300.1,2.1
1986,51364,-999,1,301,4,299.7,5.5,300.3,2.3
1987,51364,-999,1,301.9,4.1,300.4,6.2,301.2,1.8
1988,51364,-999,1,301.4,4.7,300.2,5.4,300,2
1989,51364,-999,1,300.6,4.1,299.4,5.1,299.6,2.3
1990,51364,-999,1,300.3,2.8,299.4,3.9,299.9,2.5
1991,51364,-999,1,301.4,3.5,299.9,6,300.6,2.2
1992,51364,-999,1,301.7,3.8,300.2,6.1,300.1,1.9
1993,51364,-999,1,301.1,3.4,299.7,5.6,300.2,1.9
1994,51364,-999,1,301.6,4.1,300.2,5.8,299.7,2.6
1995,51364,-999,1,301,3.3,300,4.4,300.2,2.3
1996,51364,-999,1,301.3,3.2,299.9,5.3,300.6,2.8
1997,51364,-999,1,300.8,5,300,4.5,299,2.7
1998,51364,-999,1,301.3,3.4,299.8,5.8,300.3,2.4
1999,51364,-999,1,301.2,4.6,299.9,5.7,299.8,2.4
2000,51364,-999,1,301.7,3.3,300.2,5.7,301,2.1
2001,51364,-999,1,301.4,3.5,300.1,5.5,300.5,2.1
2002,51364,-999,1,301.3,5.2,300,6,300.1,3
2003,51364,-999,1,301.7,4.4,300.4,5.6,300.1,2.3
2004,51364,-999,1,301.5,3.4,300.2,5.1,300,2.5
2005,51364,-999,1,302.2,3.9,300.7,6.3,300.8,2
2006,51364,-999,1,301.5,3.8,300.5,4.9,299.7,2.2
2007,51364,-999,1,302.1,2.9,300.7,5.2,300.2,2.4
2008,51364,-999,1,301.1,4.2,300,4.9,300.8,3
2009,51364,-999,1,302.2,3.4,300.9,4.9,300.7,2.7
2010,51364,-999,1,301.6,2.7,300.5,4.9,301.3,1.7
2011,51364,-999,1,302.3,2.5,301.2,4.5,299.8,2.7
2012,51364,-999,1,301.6,3,300.5,4.4,300.7,2.5
2013,51364,-999,1,300.9,4.4,299.7,5.1,300.9,2.2
2014,51364,-999,1,301.3,3,300.5,3.8,300.9,2.6
2015,51364,-999,1,301.8,3.2,300.8,4.3,301.5,1.7
2016,51364,-999,1,302.4,5.8,300.9,6.8,301.2,1.8
2017,51364,-999,1,302.3,3.9,301.1,5,300.7,2.6
1981,51377,-999,1,293.1,3.2,292.5,3.5,293.1,2
1982,51377,-999,1,293.8,3.5,292.9,4.2,292.3,2.2
1983,51377,-999,1,294.5,3.2,293.4,4.7,292.7,1.8
1984,51377,-999,1,294.2,2.7,293.1,4.5,292.5,2.1
1985,51377,-999,1,293.3,3.5,292.4,4.1,292.9,2.3
1986,51377,-999,1,293.6,3.3,292.7,4.3,293.3,2.5
1987,51377,-999,1,294.4,3.8,293.3,4.7,293.8,2.3
1988,51377,-999,1,293.9,3.8,292.9,4.7,292.5,1.9
1989,51377,-999,1,293,3,292.3,3.5,292.7,1.7
1990,51377,-999,1,293.1,2.3,292.5,3,292.8,2.3
1991,51377,-999,1,293.8,2.6,292.9,4.1,292.7,2.4
1992,51377,-999,1,294.2,4,293,5.3,292.8,1.6
1993,51377,-999,1,293.6,2.5,292.8,3.5,293.4,1.8
1994,51377,-999,1,293.9,2.9,292.9,4,292.8,2
1995,51377,-999,1,293.8,2.2,293.1,3.3,292.8,1.8
1996,51377,-999,1,293.9,2.4,292.8,4.3,293.2,2.5
1997,51377,-999,1,293.6,4.7,293.1,4.2,292.8,2.3
1998,51377,-999,1,294.4,2.4,293.3,4.6,293.1,1.6
1999,51377,-999,1,293.5,2.7,292.8,3.5,292.8,2.2
2000,51377,-999,1,294.3,2.2,293.3,4,293.2,2
2001,51377,-999,1,293.2,2.1,292.5,3.1,293,1.9
2002,51377,-999,1,293.5,2.6,292.8,3.4,292.9,2.1
2003,51377,-999,1,293.9,3.7,293,4.4,293.2,2.3
2004,51377,-999,1,293.9,3.3,293.1,4,293.1,1.9
2005,51377,-999,1,294.4,3.5,293.2,4.9,293.8,1.8
2006,51377,-999,1,293.8,2.3,293.2,2.9,293.2,2.1
2007,51377,-999,1,294,1.9,293,4,293.2,1.4
2008,51377,-999,1,293.6,2.4,292.9,3.2,293.2,2.5
2009,51377,-999,1,294.6,3.3,293.8,3.9,293.7,1.8
2010,51377,-999,1,294.2,1.8,293.4,3.5,293.6,1.8
2011,51377,-999,1,294.5,2.8,293.6,3.9,292.9,2.4
2012,51377,-999,1,294,3.4,293.2,4,293.2,1.9
2013,51377,-999,1,293.9,3.5,293,4.2,293.3,2
2014,51377,-999,1,294.2,2.7,293.5,3.3,293.5,1.9
2015,51377,-999,1,294.4,3.3,293.7,3.5,293.8,2
2016,51377,-999,1,294.6,4.3,293.4,5.2,293.7,1.8
2017,51377,-999,1,294.6,3.4,293.7,4.3,293.2,2.2
1981,51380,-999,1,294.4,3.9,293.1,5.6,294.5,2.1
1982,51380,-999,1,294.9,4.8,293.6,5.7,294,2
1983,51380,-999,1,295.8,3.7,294.3,5.9,294.5,2.2
1984,51380,-999,1,295.1,3.5,293.5,6.1,293.9,2.3
1985,51380,-999,1,294.5,3.5,293.2,5.3,294,2.4
1986,51380,-999,1,294.8,4.8,293.3,6.5,294.8,2.8
1987,51380,-999,1,295.7,5,294,7,295.5,2.3
1988,51380,-999,1,295,4.2,293.7,5.6,294.4,2.5
1989,51380,-999,1,294.2,3.8,293,5.4,294.2,2
1990,51380,-999,1,294.2,2.7,293,4.7,294.3,2.5
1991,51380,-999,1,295,3.4,293.6,5.8,294.4,2.1
1992,51380,-999,1,295.3,4.5,293.7,6.7,294.5,2.4
1993,51380,-999,1,295,2.6,293.6,5.5,294.9,2.3
1994,51380,-999,1,295.1,3.6,293.8,5.6,294.4,2.4
1995,51380,-999,1,294.9,2.7,293.7,4.8,294.5,2.1
1996,51380,-999,1,295,3.2,293.6,5.5,294.7,2.8
1997,51380,-999,1,295.1,4.9,294,5.3,294.3,2.1
1998,51380,-999,1,295.3,3.1,293.8,5.8,294.7,2
1999,51380,-999,1,294.7,3.7,293.5,5.2,294.1,2.3
2000,51380,-999,1,295.3,3.1,293.9,5.5,294.8,1.7
2001,51380,-999,1,294.7,2.5,293.5,4.8,294.6,2.1
2002,51380,-999,1,295.1,3,293.8,5.2,294.4,2.3
2003,51380,-999,1,295.6,4.2,294,6.6,295.2,2.2
2004,51380,-999,1,295.2,3.2,293.9,5.3,294.9,2.2
2005,51380,-999,1,295.8,3.9,294.1,6.7,295.4,2.2
2006,51380,-999,1,295,3.1,293.8,4.8,294.5,2
2007,51380,-999,1,295.2,3.3,293.8,5.6,294.8,1.7
2008,51380,-999,1,294.6,3.5,293.3,5.2,295.1,2
2009,51380,-999,1,295.9,3.8,294.4,6,295,2
2010,51380,-999,1,295.3,2.7,294,5.1,295.1,1.9
2011,51380,-999,1,295.5,2.9,294.3,4.8,294.9,2.3
2012,51380,-999,1,295.3,4.4,294,5.8,295,2.4
2013,51380,-999,1,295.1,4.4,293.6,6,294.9,2.5
2014,51380,-999,1,295.1,3.1,294,4.7,295.2,2.3
2015,51380,-999,1,295.4,3.8,294.1,5.4,295.4,2.3
2016,51380,-999,1,295.7,5.6,294.1,7.1,295.2,2.1
2017,51380,-999,1,295.7,4.7,294.4,5.7,295.1,2.2
1981,51384,-999,1,291.7,3.1,290.9,3.9,291.6,2.2
1982,51384,-999,1,292.3,3.6,291.4,4.4,291,2.1
1983,51384,-999,1,293.1,3.2,292,4.9,291.4,1.9
1984,51384,-999,1,292.8,2.8,291.6,4.8,290.9,2.1
1985,51384,-999,1,291.9,3.2,290.9,4.4,291.3,2.3
1986,51384,-999,1,292.2,3.4,291.1,4.9,291.8,2.6
1987,51384,-999,1,293.2,3.9,291.9,5.4,292.4,2.5
1988,51384,-999,1,292.6,3.8,291.5,5,291,2
1989,51384,-999,1,291.7,2.8,290.8,4,291.2,1.8
1990,51384,-999,1,291.7,2.4,290.9,3.5,291.3,2.3
1991,51384,-999,1,292.4,2.4,291.4,4.5,291.3,2.2
1992,51384,-999,1,292.9,4,291.5,5.8,291.4,1.9
1993,51384,-999,1,292.2,2.5,291.3,4,291.9,2
1994,51384,-999,1,292.6,2.9,291.5,4.5,291.4,2.2
1995,51384,-999,1,292.4,2.1,291.5,3.6,291.3,2.1
1996,51384,-999,1,292.6,2.4,291.3,4.9,291.7,2.6
1997,51384,-999,1,292.3,4.4,291.6,4.3,291.4,2.1
1998,51384,-999,1,292.9,2.3,291.7,5,291.7,1.8
1999,51384,-999,1,292.3,2.9,291.4,3.9,291.3,2.4
2000,51384,-999,1,292.9,2.3,291.8,4.4,291.8,2
2001,51384,-999,1,291.9,1.9,291.1,3.5,291.6,2.2
2002,51384,-999,1,292.2,2.6,291.3,3.9,291.5,2.2
2003,51384,-999,1,292.6,3.4,291.6,4.7,291.7,2.3
2004,51384,-999,1,292.6,3.2,291.6,4.3,291.7,2
2005,51384,-999,1,293,3.4,291.7,5.4,292.3,1.6
2006,51384,-999,1,292.6,2.5,291.8,3.5,291.8,2.1
2007,51384,-999,1,292.7,2,291.6,4.3,291.7,1.4
2008,51384,-999,1,292.3,2.5,291.5,3.7,291.8,2.4
2009,51384,-999,1,293.4,3.3,292.4,4.4,292.3,1.9
2010,51384,-999,1,292.8,1.9,291.8,3.9,292.1,2
2011,51384,-999,1,293.2,2.6,292.2,4.2,291.6,2.3
2012,51384,-999,1,292.6,3.4,291.6,4.5,291.8,2.2
2013,51384,-999,1,292.5,3.5,291.4,4.7,291.9,2.2
2014,51384,-999,1,292.7,2.5,292,3.5,292.1,2.1
2015,51384,-999,1,293,2.9,292.2,3.8,292.4,2.2
2016,51384,-999,1,293.2,4.5,291.9,5.7,292.2,2
2017,51384,-999,1,293.3,3.5,292.2,4.7,291.8,2.3
1981,51388,-999,1,291.6,3.6,290.7,4.4,291.7,2
1982,51388,-999,1,292.1,4.3,291.2,4.7,291.1,2
1983,51388,-999,1,292.7,3.4,291.6,4.7,291.4,1.8
1984,51388,-999,1,292.3,3.1,291.2,4.6,291.2,2
1985,51388,-999,1,291.5,3.4,290.6,4.1,291.5,2.6
1986,51388,-999,1,291.9,4.3,290.9,5.1,292.1,3.1
1987,51388,-999,1,292.6,4.1,291.5,5.1,292.5,2.4
1988,51388,-999,1,292,3.6,291.1,4.3,291.5,2.1
1989,51388,-999,1,291.3,3.1,290.5,3.9,291.5,2
1990,51388,-999,1,291.3,2.5,290.6,3.3,291.4,2.4
1991,51388,-999,1,291.9,2.9,291,4.2,291.3,2.2
1992,51388,-999,1,292.3,4.2,291.1,5.4,291.5,2
1993,51388,-999,1,291.9,2.5,291.1,3.6,292.2,1.9
1994,51388,-999,1,292,2.7,291.1,3.9,291.7,2
1995,51388,-999,1,292,2.4,291.3,3.4,291.6,1.8
1996,51388,-999,1,292,2.6,291.1,3.9,291.8,2.7
1997,51388,-999,1,292.2,5,291.5,4.7,291.7,2.3
1998,51388,-999,1,292.5,2.3,291.4,4.5,291.9,1.7
1999,51388,-999,1,291.7,2.8,291,3.4,291.4,2.2
2000,51388,-999,1,292.4,2.4,291.5,3.9,291.8,1.8
2001,51388,-999,1,291.4,1.8,290.8,3,291.8,1.8
2002,51388,-999,1,292,2.5,291.3,3.5,291.6,2.3
2003,51388,-999,1,292.6,3.9,291.4,5.1,292.2,2.3
2004,51388,-999,1,292.2,3.2,291.4,3.9,292,2
2005,51388,-999,1,292.7,3.7,291.6,5,292.7,2.4
2006,51388,-999,1,292,2.4,291.4,3.1,291.8,2.5
2007,51388,-999,1,292.1,2.5,291.2,4,292,1.6
2008,51388,-999,1,291.8,2.8,291,3.6,292,2.3
2009,51388,-999,1,292.8,3.5,292,4.1,292.3,1.9
2010,51388,-999,1,292.4,2.1,291.5,3.5,292.2,1.8
2011,51388,-999,1,292.5,2.7,291.8,3.6,291.8,2
2012,51388,-999,1,292.2,4.3,291.4,4.6,291.9,2.3
2013,51388,-999,1,292.1,3.6,291.2,4.3,292.1,2.2
2014,51388,-999,1,292.3,2.6,291.6,3.4,292.3,1.9
2015,51388,-999,1,292.5,3.8,291.7,4,292.3,2.4
2016,51388,-999,1,292.8,4.5,291.7,5.3,292.5,2.1
2017,51388,-999,1,292.7,3.7,291.9,4,292.1,2.3
1981,51389,-999,1,295.6,3.1,294.9,3.5,295.7,2.5
1982,51389,-999,1,296.3,3.3,295.5,4,295,2.3
1983,51389,-999,1,297.2,3,296.1,4.7,295.7,2
1984,51389,-999,1,296.8,2.6,295.7,4.7,294.9,2.3
1985,51389,-999,1,295.9,3.2,295,4.1,295.3,2.2
1986,51389,-999,1,296.2,3,295.2,4.5,295.7,2.5
1987,51389,-999,1,297.1,3.8,295.9,5.1,296.6,2.6
1988,51389,-999,1,296.6,4,295.6,5,295.1,2.4
1989,51389,-999,1,295.7,2.8,294.8,3.9,295.2,2
1990,51389,-999,1,295.7,2.3,295,3.3,295.4,2.5
1991,51389,-999,1,296.6,2.3,295.5,4.5,295.5,2.3
1992,51389,-999,1,297,3.6,295.7,5.5,295.5,2.1
1993,51389,-999,1,296.3,2.6,295.3,4,295.8,2
1994,51389,-999,1,296.8,3,295.7,4.5,295.4,2.5
1995,51389,-999,1,296.5,2.2,295.7,3.5,295.5,2.2
1996,51389,-999,1,296.7,2.4,295.4,5.1,295.8,2.5
1997,51389,-999,1,296.2,4,295.6,3.8,295.2,2.4
1998,51389,-999,1,296.9,2.4,295.6,5,295.7,1.9
1999,51389,-999,1,296.3,2.9,295.5,4,295.3,2.7
2000,51389,-999,1,297,2.1,295.9,4.3,296.1,2.1
2001,51389,-999,1,296.2,2.3,295.3,3.8,295.6,2.5
2002,51389,-999,1,296.1,2.9,295.3,3.8,295.5,2.3
2003,51389,-999,1,296.6,3.4,295.6,4.4,295.7,2.6
2004,51389,-999,1,296.6,3,295.6,4.1,295.7,2.3
2005,51389,-999,1,297.2,3.4,295.9,5.3,296.3,1.6
2006,51389,-999,1,296.7,2.7,295.9,3.7,295.7,2.1
2007,51389,-999,1,296.8,2,295.8,4.1,295.7,1.7
2008,51389,-999,1,296.3,2.8,295.5,3.6,295.8,2.6
2009,51389,-999,1,297.4,3,296.5,4.1,296.3,2
2010,51389,-999,1,296.9,1.8,296,4,296.2,2.2
2011,51389,-999,1,297.3,2.4,296.3,4,295.4,2.9
2012,51389,-999,1,296.7,2.9,295.8,4.1,295.9,2.2
2013,51389,-999,1,296.4,3.6,295.4,4.6,296,2.2
2014,51389,-999,1,296.7,2.5,296.1,3.2,296.2,2.5
2015,51389,-999,1,297,2.6,296.3,3.4,296.6,2
2016,51389,-999,1,297.4,4.6,296.1,5.8,296.3,2.1
2017,51389,-999,1,297.4,3.3,296.3,4.5,295.9,2.6
1981,51392,-999,1,299.7,3.2,299.1,3.4,299.7,2.3
1982,51392,-999,1,300.2,3.3,299.4,3.9,298.9,2.6
1983,51392,-999,1,301.1,3.1,300,4.8,299.3,2
1984,51392,-999,1,300.7,2.8,299.6,4.3,299.2,2.4
1985,51392,-999,1,299.4,4,298.8,3.8,299.4,2.3
1986,51392,-999,1,299.9,2.9,299.1,3.9,299.7,2.2
1987,51392,-999,1,300.5,4.2,299.7,4.3,300.3,2.3
1988,51392,-999,1,300.5,4.5,299.4,5.4,299.1,2.5
1989,51392,-999,1,299.5,3.3,298.9,3.4,299.4,1.9
1990,51392,-999,1,299.7,2.5,299.2,3,299.6,2.5
1991,51392,-999,1,300.5,3.2,299.5,4.3,299.3,2.8
1992,51392,-999,1,300.8,3.7,299.7,4.8,299.4,2.1
1993,51392,-999,1,300.1,3.2,299.3,3.8,299.8,1.8
1994,51392,-999,1,300.4,3.3,299.5,4.2,299.3,2.3
1995,51392,-999,1,300.4,2.6,299.7,3.5,299.7,2
1996,51392,-999,1,300.4,3.1,299.2,4.8,299.7,2.3
1997,51392,-999,1,300,4.6,299.5,4.1,299.1,3.1
1998,51392,-999,1,301,3.2,299.8,5,299.6,1.7
1999,51392,-999,1,300,2.9,299.2,3.9,299.2,2.4
2000,51392,-999,1,300.9,2.1,299.8,4.2,299.8,2.4
2001,51392,-999,1,300,3,299.2,3.8,299.8,2.3
2002,51392,-999,1,299.9,3.3,299.3,3.3,299.5,2.9
2003,51392,-999,1,300.2,4.5,299.4,4.5,299.8,2.9
2004,51392,-999,1,300.4,3.5,299.6,4,299.5,2.6
2005,51392,-999,1,300.9,4.1,299.7,5,300.2,1.7
2006,51392,-999,1,300.4,2.7,299.7,3.5,299.6,2.3
2007,51392,-999,1,300.5,2.4,299.5,4.4,299.9,1.7
2008,51392,-999,1,299.9,3.4,299.3,3.4,299.6,3
2009,51392,-999,1,301.1,3.4,300.4,3.8,300.3,2.3
2010,51392,-999,1,301,2.1,299.9,4.2,300.2,2.3
2011,51392,-999,1,301.1,3.3,300.1,4.3,299.1,3.4
2012,51392,-999,1,300.6,3.5,299.7,4.1,299.9,2.1
2013,51392,-999,1,300.4,4.1,299.6,4.3,300,2.4
2014,51392,-999,1,300.6,3,300,3.4,300.1,2.1
2015,51392,-999,1,300.9,3.6,300.3,3.4,300.6,1.8
2016,51392,-999,1,301.3,4.7,300,5.6,300.5,2
2017,51392,-999,1,301.2,3.5,300.1,4.7,299.6,3
1981,51394,-999,1,296.1,3.3,295.6,3.3,296.3,2
1982,51394,-999,1,296.8,3.4,296,4,295.4,2.4
1983,51394,-999,1,297.5,3.2,296.4,4.8,295.8,1.8
1984,51394,-999,1,297.3,2.6,296.2,4.2,295.7,2.2
1985,51394,-999,1,296.1,3.8,295.5,3.8,296.1,2.3
1986,51394,-999,1,296.5,3.1,295.7,3.8,296.3,2.4
1987,51394,-999,1,297.2,3.9,296.3,4.2,296.8,2.3
1988,51394,-999,1,297,4,296,4.8,295.7,2.1
1989,51394,-999,1,296,3.1,295.4,3.3,296,1.8
1990,51394,-999,1,296.2,2.4,295.7,2.8,296,2.3
1991,51394,-999,1,296.9,2.8,296,4,295.8,2.5
1992,51394,-999,1,297.3,3.9,296.2,4.9,295.9,1.7
1993,51394,-999,1,296.6,2.8,295.9,3.3,296.5,1.7
1994,51394,-999,1,296.9,3,296,3.9,295.9,2
1995,51394,-999,1,296.9,2.3,296.2,3.3,296.1,1.8
1996,51394,-999,1,296.9,2.7,295.8,4.2,296.3,2.4
1997,51394,-999,1,296.6,4.7,296.1,4.1,295.8,2.7
1998,51394,-999,1,297.5,2.7,296.4,4.6,296.3,1.5
1999,51394,-999,1,296.5,2.7,295.8,3.5,295.9,2.2
2000,51394,-999,1,297.3,2.1,296.3,3.8,296.2,2.1
2001,51394,-999,1,296.3,2.5,295.7,3.1,296.2,2
2002,51394,-999,1,296.4,2.8,295.9,3.1,296,2.3
2003,51394,-999,1,296.8,4.2,296,4.3,296.4,2.5
2004,51394,-999,1,297,3.4,296.1,3.9,296.2,2.2
2005,51394,-999,1,297.3,3.7,296.3,4.7,296.9,1.6
2006,51394,-999,1,296.8,2.3,296.3,2.8,296.2,2.2
2007,51394,-999,1,297.1,2,296.1,4.1,296.4,1.5
2008,51394,-999,1,296.5,2.7,295.9,3,296.3,2.8
2009,51394,-999,1,297.6,3.3,296.9,3.6,296.8,1.9
2010,51394,-999,1,297.3,1.8,296.5,3.6,296.7,1.9
2011,51394,-999,1,297.5,3,296.7,3.9,295.8,2.8
2012,51394,-999,1,297.1,3.4,296.3,3.8,296.3,1.9
2013,51394,-999,1,297,3.6,296.2,3.9,296.5,2.1
2014,51394,-999,1,297.2,2.8,296.6,3.3,296.6,1.9
2015,51394,-999,1,297.4,3.6,296.8,3.4,297,1.8
2016,51394,-999,1,297.6,4.3,296.5,5.1,296.9,1.9
2017,51394,-999,1,297.6,3.4,296.7,4.3,296.2,2.4
1981,51333,-999,0,292.2,3.5,291.1,5,292.1,2.1
1982,51333,-999,0,292.7,4.3,291.6,5.2,291.6,2
1983,51333,-999,0,293.5,3.5,292.2,5.5,292,2
1984,51333,-999,0,293,3.2,291.6,5.5,291.5,2.2
1985,51333,-999,0,292.3,3.2,291.1,5,291.7,2.4
1986,51333,-999,0,292.6,4.3,291.3,6,292.4,2.8
1987,51333,-999,0,293.6,4.5,292,6.5,293.1,2.4
1988,51333,-999,0,292.8,4,291.6,5.4,291.8,2.2
1989,51333,-999,0,292,3.2,290.9,4.9,291.8,1.9
1990,51333,-999,0,292,2.6,291,4.3,291.9,2.4
1991,51333,-999,0,292.8,2.8,291.5,5.3,291.9,2.2
1992,51333,-999,0,293.2,4.3,291.6,6.5,292.1,2.2
1993,51333,-999,0,292.7,2.7,291.5,4.9,292.5,2.2
1994,51333,-999,0,292.9,3.2,291.7,5.1,292.1,2.3
1995,51333,-999,0,292.7,2.4,291.7,4.4,292,2.1
1996,51333,-999,0,292.9,2.8,291.6,5.3,292.3,2.8
1997,51333,-999,0,292.8,4.7,291.9,4.9,292,2
1998,51333,-999,0,293.2,2.6,291.8,5.6,292.3,1.9
1999,51333,-999,0,292.6,3.3,291.6,4.6,291.8,2.4
2000,51333,-999,0,293.2,2.8,291.9,5.1,292.4,1.8
2001,51333,-999,0,292.3,2.1,291.3,4.2,292.2,2.1
2002,51333,-999,0,292.8,2.8,291.6,4.7,292.1,2.3
2003,51333,-999,0,293.3,3.7,291.8,5.9,292.6,2.2
2004,51333,-999,0,293,3.2,291.8,4.9,292.5,2
2005,51333,-999,0,293.5,3.7,291.9,6.2,293,2
2006,51333,-999,0,292.9,2.8,291.9,4.3,292.3,2
2007,51333,-999,0,293,2.7,291.7,5.1,292.3,1.6
2008,51333,-999,0,292.5,3,291.4,4.6,292.6,2.2
2009,51333,-999,0,293.7,3.6,292.4,5.3,292.8,2
2010,51333,-999,0,293.1,2.3,291.9,4.5,292.7,2
2011,51333,-999,0,293.4,2.7,292.3,4.6,292.4,2.2
2012,51333,-999,0,293,4.1,291.8,5.4,292.5,2.3
2013,51333,-999,0,292.9,4,291.6,5.5,292.5,2.4
2014,51333,-999,0,293,2.7,292,4.2,292.8,2.2
2015,51333,-999,0,293.3,3.3,292.2,4.7,293,2.4
2016,51333,-999,0,293.5,5.1,292,6.5,292.8,2.1
2017,51333,-999,0,293.6,4.2,292.4,5.2,292.6,2.4
1981,51334,-999,0,293.1,3.2,292,4.7,293,2.6
1982,51334,-999,0,293.5,3.7,292.5,4.8,292.4,2.2
1983,51334,-999,0,294.6,3.3,293.2,5.4,293,2.4
1984,51334,-999,0,294,3.1,292.6,5.7,292.1,2.3
1985,51334,-999,0,293.3,3,292,5,292.5,2.4
1986,51334,-999,0,293.5,3.8,292.2,5.8,293.1,2.9
1987,51334,-999,0,294.7,4.1,293.1,6.4,293.9,2.8
1988,51334,-999,0,293.9,3.8,292.7,5.5,292.4,2.6
1989,51334,-999,0,293,2.9,291.9,5,292.5,2.1
1990,51334,-999,0,293,2.5,292,4.5,292.7,2.7
1991,51334,-999,0,293.8,2.5,292.5,5.4,292.8,2.6
1992,51334,-999,0,294.2,4,292.6,6.6,293.1,2.5
1993,51334,-999,0,293.7,2.8,292.4,5.2,293.2,2.5
1994,51334,-999,0,294,3.2,292.7,5.4,292.8,3
1995,51334,-999,0,293.7,2.2,292.6,4.4,292.8,2.5
1996,51334,-999,0,294.1,2.6,292.5,5.9,293.1,3
1997,51334,-999,0,293.7,4.1,292.8,4.5,292.7,2.1
1998,51334,-999,0,294.2,2.5,292.7,5.9,293,2.2
1999,51334,-999,0,293.7,3.4,292.6,4.8,292.6,3
2000,51334,-999,0,294.2,2.6,292.9,5.1,293.3,2
2001,51334,-999,0,293.5,2.3,292.4,4.7,293,2.9
2002,51334,-999,0,293.7,2.9,292.5,5.1,292.9,2.4
2003,51334,-999,0,294.1,3.2,292.8,5.6,293.2,2.4
2004,51334,-999,0,293.9,2.9,292.7,4.9,293.3,2.2
2005,51334,-999,0,294.4,3.3,292.9,6.3,293.7,1.6
2006,51334,-999,0,294,2.9,292.9,4.7,293.2,2.1
2007,51334,-999,0,294.1,2.5,292.9,5.2,293,1.9
2008,51334,-999,0,293.6,2.8,292.5,4.6,293.4,2.3
2009,51334,-999,0,294.7,3.1,293.4,5.3,293.6,2.2
2010,51334,-999,0,294.1,2.1,292.9,4.7,293.5,2.3
2011,51334,-999,0,294.5,2.5,293.3,4.8,293.2,2.4
2012,51334,-999,0,294,3.3,292.8,5.2,293.3,2.6
2013,51334,-999,0,293.9,3.6,292.5,5.6,293.3,2.5
2014,51334,-999,0,294,2.6,293,4.2,293.6,2.7
2015,51334,-999,0,294.3,2.6,293.2,4.6,293.9,2.6
2016,51334,-999,0,294.5,5,293,6.6,293.5,2.6
2017,51334,-999,0,294.7,3.8,293.5,5.3,293.4,2.7
1981,51336,-999,0,291.9,3.2,290.9,4.6,291.8,2.5
1982,51336,-999,0,292.4,3.8,291.3,4.8,291.2,2.2
1983,51336,-999,0,293.3,3.4,292,5.3,291.7,2.3
1984,51336,-999,0,292.8,3.1,291.4,5.5,291,2.3
1985,51336,-999,0,292,3,290.8,4.9,291.3,2.5
1986,51336,-999,0,292.3,3.8,291,5.7,291.9,2.9
1987,51336,-999,0,293.4,4.1,291.9,6.3,292.7,2.8
1988,51336,-999,0,292.7,3.8,291.4,5.4,291.2,2.4
1989,51336,-999,0,291.8,2.9,290.7,4.8,291.3,2
1990,51336,-999,0,291.8,2.5,290.8,4.4,291.4,2.6
1991,51336,-999,0,292.6,2.5,291.3,5.2,291.6,2.5
1992,51336,-999,0,293,4.1,291.4,6.5,291.8,2.3
1993,51336,-999,0,292.4,2.8,291.2,5,292,2.4
1994,51336,-999,0,292.8,3.1,291.5,5.2,291.6,2.7
1995,51336,-999,0,292.5,2.2,291.4,4.3,291.5,2.4
1996,51336,-999,0,292.8,2.6,291.3,5.7,291.9,2.9
1997,51336,-999,0,292.5,4.3,291.6,4.6,291.5,2.1
1998,51336,-999,0,293,2.5,291.5,5.7,291.8,2.1
1999,51336,-999,0,292.5,3.3,291.4,4.6,291.4,2.8
2000,51336,-999,0,293,2.6,291.7,5,292.1,2
2001,51336,-999,0,292.2,2.2,291.2,4.4,291.8,2.7
2002,51336,-999,0,292.5,2.9,291.3,4.9,291.7,2.4
2003,51336,-999,0,292.9,3.3,291.6,5.5,292,2.4
2004,51336,-999,0,292.7,3,291.5,4.8,292.1,2.2
2005,51336,-999,0,293.2,3.4,291.7,6.1,292.5,1.7
2006,51336,-999,0,292.8,2.8,291.7,4.5,292,2.1
2007,51336,-999,0,292.8,2.4,291.6,5,291.8,1.8
2008,51336,-999,0,292.4,2.8,291.3,4.5,292.1,2.3
2009,51336,-999,0,293.5,3.2,292.2,5.2,292.4,2.1
2010,51336,-999,0,292.9,2.1,291.7,4.5,292.3,2.2
2011,51336,-999,0,293.3,2.6,292.1,4.7,291.9,2.4
2012,51336,-999,0,292.8,3.5,291.6,5.2,292,2.5
2013,51336,-999,0,292.7,3.6,291.3,5.5,292.1,2.5
2014,51336,-999,0,292.8,2.6,291.9,4.1,292.3,2.5
2015,51336,-999,0,293.1,2.7,292,4.5,292.6,2.5
2016,51336,-999,0,293.3,4.9,291.8,6.4,292.3,2.5
2017,51336,-999,0,293.4,3.8,292.3,5.2,292.2,2.7
1981,51337,-999,0,288.8,3.3,287.8,4.4,288.6,2.1
1982,51337,-999,0,289.3,3.9,288.3,4.8,288,2
1983,51337,-999,0,290.1,3.4,288.8,5.1,288.4,1.9
1984,51337,-999,0,289.6,3,288.4,5,287.9,2.2
1985,51337,-999,0,288.8,3.2,287.8,4.6,288.2,2.5
1986,51337,-999,0,289.2,4,288,5.5,288.9,2.8
1987,51337,-999,0,290.2,4.2,288.8,6,289.4,2.5
1988,51337,-999,0,289.4,3.9,288.3,5.1,288,1.9
1989,51337,-999,0,288.6,2.9,287.6,4.4,288.2,1.8
1990,51337,-999,0,288.6,2.5,287.7,3.9,288.2,2.3
1991,51337,-999,0,289.3,2.5,288.2,4.8,288.3,2.3
1992,51337,-999,0,289.7,4.3,288.3,6.1,288.5,1.9
1993,51337,-999,0,289.2,2.6,288.2,4.3,289,2
1994,51337,-999,0,289.4,3,288.3,4.6,288.5,2.1
1995,51337,-999,0,289.3,2.2,288.4,3.9,288.3,2.1
1996,51337,-999,0,289.5,2.6,288.3,5,288.7,2.8
1997,51337,-999,0,289.3,4.7,288.5,4.6,288.5,2
1998,51337,-999,0,289.8,2.4,288.5,5.3,288.7,1.9
1999,51337,-999,0,289.2,3,288.3,4.1,288.3,2.4
2000,51337,-999,0,289.9,2.5,288.7,4.7,288.8,1.9
2001,51337,-999,0,288.7,1.9,287.9,3.6,288.6,2.1
2002,51337,-999,0,289.2,2.7,288.2,4.2,288.5,2.3
2003,51337,-999,0,289.7,3.5,288.5,5.3,288.8,2.3
2004,51337,-999,0,289.5,3.3,288.5,4.5,288.8,2
2005,51337,-999,0,289.9,3.6,288.6,5.7,289.4,1.9
2006,51337,-999,0,289.5,2.7,288.6,3.8,288.8,2.1
2007,51337,-999,0,289.5,2.4,288.4,4.7,288.7,1.4
2008,51337,-999,0,289.2,2.7,288.3,4,288.9,2.3
2009,51337,-999,0,290.3,3.5,289.2,4.8,289.3,2
2010,51337,-999,0,289.7,2,288.7,4,289.1,1.9
2011,51337,-999,0,290,2.7,289,4.4,288.7,2.2
2012,51337,-999,0,289.5,4,288.4,5,288.8,2.2
2013,51337,-999,0,289.4,3.7,288.3,5.1,289,2.3
2014,51337,-999,0,289.6,2.6,288.8,3.8,289.2,2.1
2015,51337,-999,0,289.9,3.2,289,4.2,289.4,2.4
2016,51337,-999,0,290.1,4.7,288.8,6,289.2,2
2017,51337,-999,0,290.2,3.9,289.1,4.9,288.9,2.4
1981,51350,-999,0,294.1,3.5,292.9,5.2,294,2.3
1982,51350,-999,0,294.5,4.1,293.3,5.3,293.5,2.1
1983,51350,-999,0,295.5,3.5,294.1,5.7,294,2.4
1984,51350,-999,0,294.9,3.3,293.3,6,293.2,2.3
1985,51350,-999,0,294.2,3.1,292.9,5.3,293.4,2.3
1986,51350,-999,0,294.4,4.3,293,6.2,294.1,2.9
1987,51350,-999,0,295.5,4.5,293.8,6.9,295,2.5
1988,51350,-999,0,294.8,4,293.5,5.6,293.6,2.6
1989,51350,-999,0,294,3.3,292.7,5.3,293.5,2
1990,51350,-999,0,293.9,2.6,292.8,4.8,293.7,2.6
1991,51350,-999,0,294.7,2.9,293.3,5.7,293.9,2.4
1992,51350,-999,0,295.1,4.2,293.4,6.9,294,2.5
1993,51350,-999,0,294.7,2.8,293.3,5.6,294.3,2.4
1994,51350,-999,0,295,3.4,293.6,5.7,293.8,2.9
1995,51350,-999,0,294.6,2.4,293.4,4.8,293.8,2.4
1996,51350,-999,0,294.9,2.9,293.3,5.9,294.1,2.9
1997,51350,-999,0,294.7,4.4,293.7,4.9,293.7,2.1
1998,51350,-999,0,295,2.8,293.5,6,294,2.1
1999,51350,-999,0,294.6,3.6,293.4,5.2,293.6,2.7
2000,51350,-999,0,295,2.9,293.6,5.5,294.3,1.9
2001,51350,-999,0,294.5,2.5,293.3,5,294,2.6
2002,51350,-999,0,294.7,3,293.4,5.4,293.9,2.4
2003,51350,-999,0,295.2,3.6,293.7,6.2,294.4,2.2
2004,51350,-999,0,294.9,3,293.6,5.2,294.3,2.2
2005,51350,-999,0,295.4,3.5,293.7,6.6,294.7,1.6
2006,51350,-999,0,294.9,3,293.7,5,294.1,2
2007,51350,-999,0,295.1,2.9,293.7,5.6,294.1,1.9
2008,51350,-999,0,294.4,3.1,293.2,5.1,294.5,2.2
2009,51350,-999,0,295.6,3.3,294.2,5.9,294.5,2
2010,51350,-999,0,295,2.3,293.7,5,294.5,2.2
2011,51350,-999,0,295.3,2.7,294.1,5,294.3,2.4
2012,51350,-999,0,295,3.6,293.7,5.6,294.4,2.5
2013,51350,-999,0,294.8,3.9,293.4,6,294.3,2.6
2014,51350,-999,0,294.8,2.8,293.8,4.5,294.6,2.6
2015,51350,-999,0,295.2,3,293.9,5.1,294.9,2.4
2016,51350,-999,0,295.5,5.2,293.8,7,294.6,2.3
2017,51350,-999,0,295.5,4.2,294.2,5.6,294.5,2.5
1981,51366,-999,0,295.1,3.6,294.6,3.5,295.3,2.1
1982,51366,-999,0,295.7,3.8,295,4,294.4,2.2
1983,51366,-999,0,296.2,3.2,295.3,4.1,294.6,1.9
1984,51366,-999,0,296,2.9,295.1,3.8,294.8,2.1
1985,51366,-999,0,295,4,294.5,3.6,295.3,2.8
1986,51366,-999,0,295.4,4,294.9,3.8,295.5,3.3
1987,51366,-999,0,295.8,3.6,295.2,3.6,295.8,2.6
1988,51366,-999,0,295.6,3.3,295,3.4,295,2.4
1989,51366,-999,0,294.9,3.1,294.5,2.9,295,2.1
1990,51366,-999,0,294.9,2.5,294.6,2.5,294.9,2.7
1991,51366,-999,0,295.3,3.1,294.8,3.2,294.6,3
1992,51366,-999,0,295.8,4,295,4.4,294.8,1.7
1993,51366,-999,0,295.4,2.4,294.9,2.5,295.8,2.2
1994,51366,-999,0,295.4,2.5,294.8,2.9,295,2.4
1995,51366,-999,0,295.6,2.5,295.2,2.8,295,1.8
1996,51366,-999,0,295.4,2.4,294.9,2.7,295.2,2.8
1997,51366,-999,0,295.8,5.3,295.3,4.4,295,2.7
1998,51366,-999,0,296.3,2,295.5,3.5,295.4,1.6
1999,51366,-999,0,295.1,2.5,294.7,2.5,294.9,2.1
2000,51366,-999,0,295.9,2,295.3,2.7,295,2
2001,51366,-999,0,294.8,2,294.6,2.2,295.3,2.1
2002,51366,-999,0,295.5,2.4,295.1,2.7,294.9,2.6
2003,51366,-999,0,296,4.3,295.2,4.3,295.7,2.3
2004,51366,-999,0,295.7,3.1,295.2,3,295.3,2
2005,51366,-999,0,296.1,3.5,295.4,3.8,296.2,2.8
2006,51366,-999,0,295.4,2,295.3,2,295.1,3
2007,51366,-999,0,295.7,2.1,295,3.1,295.4,1.9
2008,51366,-999,0,295.4,2.6,294.9,2.7,295.3,2.7
2009,51366,-999,0,296,3.1,295.7,2.8,295.7,2
2010,51366,-999,0,296,1.8,295.5,2.5,295.7,1.8
2011,51366,-999,0,296,2.9,295.6,3,295,2.3
2012,51366,-999,0,295.9,3.8,295.3,3.6,295.3,2.2
2013,51366,-999,0,295.8,3,295.3,3,295.4,2.1
2014,51366,-999,0,296,2.8,295.5,2.9,295.5,2
2015,51366,-999,0,296.1,4.3,295.7,3.5,295.5,2.5
2016,51366,-999,0,296.4,3.6,295.7,3.8,296.1,2.4
2017,51366,-999,0,296.1,3.1,295.7,3,295.5,2.6
1981,51368,-999,0,295.1,3.6,294.6,3.5,295.3,2.1
1982,51368,-999,0,295.7,3.8,295,4,294.4,2.2
1983,51368,-999,0,296.2,3.2,295.3,4.1,294.6,1.9
1984,51368,-999,0,296,2.9,295.1,3.8,294.8,2.1
1985,51368,-999,0,295,4,294.5,3.6,295.3,2.8
1986,51368,-999,0,295.4,4,294.9,3.8,295.5,3.3
1987,51368,-999,0,295.8,3.6,295.2,3.6,295.8,2.6
1988,51368,-999,0,295.6,3.3,295,3.4,295,2.4
1989,51368,-999,0,294.9,3.1,294.5,2.9,295,2.1
1990,51368,-999,0,294.9,2.5,294.6,2.5,294.9,2.7
1991,51368,-999,0,295.3,3.1,294.8,3.2,294.6,3
1992,51368,-999,0,295.8,4,295,4.4,294.8,1.7
1993,51368,-999,0,295.4,2.4,294.9,2.5,295.8,2.2
1994,51368,-999,0,295.4,2.5,294.8,2.9,295,2.4
1995,51368,-999,0,295.6,2.5,295.2,2.8,295,1.8
1996,51368,-999,0,295.4,2.4,294.9,2.7,295.2,2.8
1997,51368,-999,0,295.8,5.3,295.3,4.4,295,2.7
1998,51368,-999,0,296.3,2,295.5,3.5,295.4,1.6
1999,51368,-999,0,295.1,2.5,294.7,2.5,294.9,2.1
2000,51368,-999,0,295.9,2,295.3,2.7,295,2
2001,51368,-999,0,294.8,2,294.6,2.2,295.3,2.1
2002,51368,-999,0,295.5,2.4,295.1,2.7,294.9,2.6
2003,51368,-999,0,296,4.3,295.2,4.3,295.7,2.3
2004,51368,-999,0,295.7,3.1,295.2,3,295.3,2
2005,51368,-999,0,296.1,3.5,295.4,3.8,296.2,2.8
2006,51368,-999,0,295.4,2,295.3,2,295.1,3
2007,51368,-999,0,295.7,2.1,295,3.1,295.4,1.9
2008,51368,-999,0,295.4,2.6,294.9,2.7,295.3,2.7
2009,51368,-999,0,296,3.1,295.7,2.8,295.7,2
2010,51368,-999,0,296,1.8,295.5,2.5,295.7,1.8
2011,51368,-999,0,296,2.9,295.6,3,295,2.3
2012,51368,-999,0,295.9,3.8,295.3,3.6,295.3,2.2
2013,51368,-999,0,295.8,3,295.3,3,295.4,2.1
2014,51368,-999,0,296,2.8,295.5,2.9,295.5,2
2015,51368,-999,0,296.1,4.3,295.7,3.5,295.5,2.5
2016,51368,-999,0,296.4,3.6,295.7,3.8,296.1,2.4
2017,51368,-999,0,296.1,3.1,295.7,3,295.5,2.6
1981,51369,-999,0,293.5,3.6,292.9,3.6,293.6,2.1
1982,51369,-999,0,294.1,3.9,293.3,4.1,292.8,2.1
1983,51369,-999,0,294.6,3.2,293.6,4.3,292.9,1.8
1984,51369,-999,0,294.3,2.9,293.4,4,293.1,2.1
1985,51369,-999,0,293.4,3.9,292.8,3.8,293.5,2.7
1986,51369,-999,0,293.8,4,293.1,4,293.8,3.2
1987,51369,-999,0,294.3,3.8,293.5,4,294.1,2.5
1988,51369,-999,0,294,3.4,293.2,3.7,293.2,2.2
1989,51369,-999,0,293.3,3.1,292.7,3.1,293.3,2
1990,51369,-999,0,293.2,2.5,292.9,2.7,293.2,2.6
1991,51369,-999,0,293.7,3,293.1,3.5,292.9,2.9
1992,51369,-999,0,294.2,4.1,293.2,4.7,293.1,1.7
1993,51369,-999,0,293.7,2.4,293.2,2.7,294,2.1
1994,51369,-999,0,293.8,2.6,293.1,3.2,293.3,2.2
1995,51369,-999,0,294,2.4,293.5,2.9,293.3,1.8
1996,51369,-999,0,293.8,2.4,293.2,3.1,293.6,2.7
1997,51369,-999,0,294.1,5.3,293.6,4.5,293.4,2.5
1998,51369,-999,0,294.6,2.1,293.7,3.8,293.7,1.6
1999,51369,-999,0,293.5,2.6,293.1,2.7,293.2,2.1
2000,51369,-999,0,294.3,2.1,293.6,3.1,293.4,2
2001,51369,-999,0,293.2,2,292.9,2.4,293.6,2.1
2002,51369,-999,0,293.9,2.4,293.3,2.9,293.3,2.5
2003,51369,-999,0,294.4,4.1,293.5,4.4,293.9,2.3
2004,51369,-999,0,294.1,3.2,293.5,3.3,293.6,1.9
2005,51369,-999,0,294.4,3.5,293.6,4.1,294.5,2.7
2006,51369,-999,0,293.8,2.1,293.5,2.2,293.5,2.8
2007,51369,-999,0,294,2.1,293.3,3.3,293.7,1.8
2008,51369,-999,0,293.8,2.6,293.2,2.9,293.7,2.6
2009,51369,-999,0,294.5,3.2,294,3.1,294,1.9
2010,51369,-999,0,294.3,1.8,293.7,2.8,294,1.7
2011,51369,-999,0,294.4,2.9,293.9,3.3,293.4,2.2
2012,51369,-999,0,294.2,3.9,293.5,3.9,293.6,2.1
2013,51369,-999,0,294.1,3.1,293.5,3.3,293.7,2.1
2014,51369,-999,0,294.4,2.8,293.8,3.1,293.8,1.9
2015,51369,-999,0,294.5,4.1,294,3.6,293.9,2.4
2016,51369,-999,0,294.7,3.8,293.9,4.2,294.4,2.3
2017,51369,-999,0,294.6,3.3,294,3.4,293.8,2.5
1981,51371,-999,0,294.9,3.6,294.4,3.5,295.2,2.1
1982,51371,-999,0,295.5,3.9,294.8,4,294.3,2.2
1983,51371,-999,0,296,3.2,295.1,4,294.5,1.9
1984,51371,-999,0,295.7,2.9,294.9,3.7,294.7,2.1
1985,51371,-999,0,294.7,3.9,294.3,3.6,295.1,2.8
1986,51371,-999,0,295.1,4,294.6,3.9,295.4,3.3
1987,51371,-999,0,295.6,3.6,295,3.6,295.7,2.7
1988,51371,-999,0,295.3,3.3,294.7,3.4,294.9,2.4
1989,51371,-999,0,294.7,3.1,294.2,3,294.9,2.1
1990,51371,-999,0,294.6,2.5,294.4,2.5,294.8,2.7
1991,51371,-999,0,295.1,3.1,294.6,3.2,294.5,2.9
1992,51371,-999,0,295.6,3.9,294.7,4.3,294.7,1.8
1993,51371,-999,0,295.1,2.4,294.7,2.5,295.6,2.1
1994,51371,-999,0,295.2,2.5,294.6,2.9,294.9,2.4
1995,51371,-999,0,295.4,2.5,295,2.7,294.9,1.8
1996,51371,-999,0,295.1,2.4,294.7,2.7,295.1,2.7
1997,51371,-999,0,295.5,5.2,295.1,4.4,294.9,2.8
1998,51371,-999,0,296,2,295.2,3.5,295.3,1.6
1999,51371,-999,0,294.8,2.4,294.5,2.4,294.7,2.1
2000,51371,-999,0,295.6,2,295.1,2.7,294.9,2
2001,51371,-999,0,294.6,2,294.4,2.2,295.2,2
2002,51371,-999,0,295.3,2.4,294.9,2.7,294.8,2.6
2003,51371,-999,0,295.8,4.2,295,4.3,295.6,2.3
2004,51371,-999,0,295.5,3.1,295,2.9,295.2,2
2005,51371,-999,0,295.9,3.5,295.2,3.8,296.1,2.8
2006,51371,-999,0,295.2,2,295,2,295,3.1
2007,51371,-999,0,295.4,2.2,294.7,3.1,295.3,2
2008,51371,-999,0,295.2,2.6,294.7,2.7,295.2,2.6
2009,51371,-999,0,295.8,3.1,295.5,2.8,295.5,2
2010,51371,-999,0,295.7,1.8,295.2,2.5,295.5,1.9
2011,51371,-999,0,295.8,2.8,295.3,3,294.9,2.2
2012,51371,-999,0,295.6,3.9,295,3.6,295.2,2.3
2013,51371,-999,0,295.5,3,295,3,295.3,2.2
2014,51371,-999,0,295.8,2.7,295.3,2.8,295.4,2
2015,51371,-999,0,295.8,4.2,295.4,3.5,295.3,2.6
2016,51371,-999,0,296.2,3.6,295.4,3.8,296,2.4
2017,51371,-999,0,295.9,3.1,295.4,2.9,295.4,2.5
1981,51372,-999,0,290,3.4,289.3,3.9,290,2.1
1982,51372,-999,0,290.6,4,289.7,4.4,289.3,2.1
1983,51372,-999,0,291.2,3.4,290.1,4.6,289.5,1.7
1984,51372,-999,0,290.8,3,289.8,4.3,289.4,2
1985,51372,-999,0,290,3.5,289.2,3.9,289.8,2.5
1986,51372,-999,0,290.4,4.1,289.5,4.6,290.3,3
1987,51372,-999,0,291.1,4,290.1,4.7,290.7,2.4
1988,51372,-999,0,290.5,3.6,289.7,4.2,289.6,1.9
1989,51372,-999,0,289.8,3,289.1,3.5,289.7,1.9
1990,51372,-999,0,289.8,2.4,289.2,3,289.7,2.4
1991,51372,-999,0,290.4,2.8,289.5,3.9,289.5,2.5
1992,51372,-999,0,290.8,4.2,289.7,5.2,289.7,1.7
1993,51372,-999,0,290.3,2.5,289.6,3.2,290.5,1.9
1994,51372,-999,0,290.4,2.7,289.6,3.6,289.9,2
1995,51372,-999,0,290.5,2.3,289.9,3.2,289.7,1.8
1996,51372,-999,0,290.5,2.5,289.6,3.7,290.1,2.7
1997,51372,-999,0,290.6,5.1,290,4.5,289.9,2.2
1998,51372,-999,0,291.1,2.2,290.1,4.3,290.2,1.7
1999,51372,-999,0,290.2,2.7,289.6,3.1,289.7,2.2
2000,51372,-999,0,291,2.3,290.1,3.7,290,1.9
2001,51372,-999,0,289.7,1.7,289.3,2.6,290,1.9
2002,51372,-999,0,290.4,2.5,289.7,3.3,289.8,2.3
2003,51372,-999,0,290.9,3.9,289.9,4.7,290.3,2.3
2004,51372,-999,0,290.7,3.3,289.9,3.7,290.2,1.9
2005,51372,-999,0,291,3.6,290,4.6,290.9,2.5
2006,51372,-999,0,290.5,2.3,290,2.6,290.1,2.4
2007,51372,-999,0,290.6,2.2,289.7,3.8,290.2,1.5
2008,51372,-999,0,290.3,2.5,289.7,3.2,290.2,2.5
2009,51372,-999,0,291.3,3.4,290.6,3.7,290.6,1.8
2010,51372,-999,0,290.8,1.9,290.1,3.2,290.5,1.6
2011,51372,-999,0,291.1,2.7,290.3,3.5,290,2
2012,51372,-999,0,290.7,4.1,289.9,4.3,290.1,2.1
2013,51372,-999,0,290.6,3.4,289.8,4,290.3,2
2014,51372,-999,0,290.9,2.6,290.2,3.2,290.4,1.8
2015,51372,-999,0,291,3.8,290.4,3.7,290.5,2.3
2016,51372,-999,0,291.3,4.2,290.3,4.8,290.7,2
2017,51372,-999,0,291.2,3.6,290.5,3.9,290.3,2.4
1981,51375,-999,0,294.8,3.7,294.3,3.5,295,2.1
1982,51375,-999,0,295.4,3.8,294.7,4.1,294.1,2.2
1983,51375,-999,0,295.9,3.3,294.9,4.4,294.2,1.9
1984,51375,-999,0,295.8,3,294.8,4,294.5,2.1
1985,51375,-999,0,294.8,4.2,294.2,3.9,295,2.6
1986,51375,-999,0,295.1,3.8,294.5,3.7,295.2,3
1987,51375,-999,0,295.6,3.7,294.9,3.7,295.5,2.5
1988,51375,-999,0,295.4,3.5,294.6,3.8,294.7,2.2
1989,51375,-999,0,294.6,3.3,294.2,3.1,294.7,2
1990,51375,-999,0,294.7,2.4,294.4,2.5,294.7,2.6
1991,51375,-999,0,295.2,3.1,294.5,3.4,294.3,3
1992,51375,-999,0,295.7,4.1,294.7,4.6,294.5,1.7
1993,51375,-999,0,295.1,2.5,294.6,2.7,295.4,2.2
1994,51375,-999,0,295.1,2.7,294.5,3.2,294.7,2.2
1995,51375,-999,0,295.3,2.5,294.8,3,294.7,1.8
1996,51375,-999,0,295.1,2.6,294.5,3,295,2.7
1997,51375,-999,0,295.4,5.4,295,4.5,294.7,2.5
1998,51375,-999,0,296.1,2.3,295.2,3.8,295.1,1.5
1999,51375,-999,0,294.9,2.6,294.4,2.7,294.6,2.1
2000,51375,-999,0,295.6,2.2,295,3.1,294.7,2.1
2001,51375,-999,0,294.6,2.2,294.3,2.4,294.9,2.3
2002,51375,-999,0,295.2,2.5,294.7,2.8,294.7,2.5
2003,51375,-999,0,295.6,4.3,294.8,4.3,295.4,2.3
2004,51375,-999,0,295.5,3.4,294.9,3.4,295,1.9
2005,51375,-999,0,295.8,3.6,295,4,295.8,2.7
2006,51375,-999,0,295.2,2,294.9,2.1,294.9,2.7
2007,51375,-999,0,295.5,2.1,294.7,3.5,295.1,1.9
2008,51375,-999,0,295.1,2.6,294.6,2.8,295.1,2.8
2009,51375,-999,0,295.8,3.3,295.4,3.1,295.4,1.9
2010,51375,-999,0,295.7,1.8,295.2,2.8,295.4,1.7
2011,51375,-999,0,295.8,3.2,295.2,3.4,294.7,2.3
2012,51375,-999,0,295.6,3.8,295,3.6,295,2
2013,51375,-999,0,295.5,3.1,295,3.2,295.1,2.1
2014,51375,-999,0,295.8,3,295.2,3.2,295.1,2
2015,51375,-999,0,295.9,4.3,295.4,3.6,295.4,2.2
2016,51375,-999,0,296.1,3.8,295.3,4.1,295.8,2.4
2017,51375,-999,0,295.9,3.3,295.3,3.4,295.1,2.5
1981,51378,-999,0,289.9,3.4,289.2,3.9,289.9,2.1
1982,51378,-999,0,290.5,4,289.6,4.4,289.2,2.1
1983,51378,-999,0,291.1,3.4,290,4.6,289.4,1.7
1984,51378,-999,0,290.7,3,289.7,4.3,289.3,2
1985,51378,-999,0,289.8,3.5,289.1,3.9,289.7,2.5
1986,51378,-999,0,290.2,4.1,289.4,4.6,290.2,3
1987,51378,-999,0,291,4,289.9,4.8,290.6,2.4
1988,51378,-999,0,290.4,3.6,289.5,4.2,289.5,1.9
1989,51378,-999,0,289.7,3,289,3.6,289.6,1.9
1990,51378,-999,0,289.6,2.4,289.1,3,289.5,2.4
1991,51378,-999,0,290.3,2.8,289.4,3.9,289.4,2.5
1992,51378,-999,0,290.7,4.2,289.6,5.2,289.6,1.7
1993,51378,-999,0,290.2,2.5,289.5,3.2,290.4,1.9
1994,51378,-999,0,290.3,2.7,289.5,3.7,289.8,2
1995,51378,-999,0,290.4,2.2,289.7,3.2,289.6,1.8
1996,51378,-999,0,290.4,2.5,289.5,3.7,289.9,2.7
1997,51378,-999,0,290.5,5.1,289.9,4.5,289.8,2.2
1998,51378,-999,0,291,2.2,289.9,4.3,290,1.7
1999,51378,-999,0,290.1,2.7,289.5,3.2,289.6,2.2
2000,51378,-999,0,290.8,2.3,290,3.7,289.9,1.9
2001,51378,-999,0,289.6,1.7,289.1,2.6,289.9,1.9
2002,51378,-999,0,290.3,2.5,289.6,3.3,289.7,2.3
2003,51378,-999,0,290.8,3.9,289.8,4.7,290.2,2.3
2004,51378,-999,0,290.6,3.3,289.8,3.8,290.1,1.9
2005,51378,-999,0,290.9,3.6,289.9,4.7,290.8,2.4
2006,51378,-999,0,290.4,2.3,289.9,2.6,290,2.4
2007,51378,-999,0,290.5,2.2,289.6,3.8,290.1,1.5
2008,51378,-999,0,290.2,2.5,289.5,3.2,290.1,2.5
2009,51378,-999,0,291.1,3.4,290.4,3.7,290.5,1.8
2010,51378,-999,0,290.7,1.9,290,3.2,290.4,1.6
2011,51378,-999,0,290.9,2.7,290.2,3.5,289.9,2
2012,51378,-999,0,290.6,4.1,289.8,4.4,290,2.1
2013,51378,-999,0,290.5,3.5,289.7,4,290.2,2
2014,51378,-999,0,290.8,2.6,290.1,3.3,290.3,1.8
2015,51378,-999,0,290.9,3.8,290.3,3.7,290.4,2.3
2016,51378,-999,0,291.2,4.2,290.1,4.9,290.6,2
2017,51378,-999,0,291.1,3.6,290.3,3.9,290.2,2.4
1981,51382,-999,0,290.1,3.4,289.4,3.9,290.1,2
1982,51382,-999,0,290.7,4,289.9,4.4,289.4,2.1
1983,51382,-999,0,291.3,3.4,290.2,4.6,289.6,1.7
1984,51382,-999,0,291,3,290,4.3,289.5,2
1985,51382,-999,0,290.1,3.5,289.3,3.9,289.9,2.5
1986,51382,-999,0,290.5,4,289.6,4.5,290.4,3
1987,51382,-999,0,291.2,4,290.2,4.7,290.8,2.4
1988,51382,-999,0,290.7,3.6,289.8,4.3,289.7,1.9
1989,51382,-999,0,289.9,3,289.2,3.5,289.8,1.9
1990,51382,-999,0,289.9,2.4,289.3,3,289.8,2.4
1991,51382,-999,0,290.5,2.8,289.7,3.9,289.6,2.5
1992,51382,-999,0,291,4.2,289.8,5.2,289.8,1.7
1993,51382,-999,0,290.4,2.5,289.7,3.2,290.6,1.9
1994,51382,-999,0,290.6,2.7,289.7,3.7,290,2
1995,51382,-999,0,290.6,2.2,290,3.2,289.8,1.8
1996,51382,-999,0,290.6,2.5,289.8,3.7,290.2,2.7
1997,51382,-999,0,290.7,5.1,290.1,4.5,290,2.2
1998,51382,-999,0,291.2,2.2,290.2,4.3,290.3,1.7
1999,51382,-999,0,290.3,2.7,289.7,3.2,289.8,2.2
2000,51382,-999,0,291.1,2.3,290.2,3.7,290.1,1.9
2001,51382,-999,0,289.9,1.8,289.4,2.6,290.1,1.9
2002,51382,-999,0,290.5,2.5,289.8,3.3,289.9,2.3
2003,51382,-999,0,291,3.9,290,4.7,290.4,2.3
2004,51382,-999,0,290.8,3.4,290,3.8,290.3,1.9
2005,51382,-999,0,291.2,3.6,290.1,4.7,291,2.4
2006,51382,-999,0,290.6,2.3,290.1,2.6,290.2,2.4
2007,51382,-999,0,290.7,2.2,289.8,3.8,290.3,1.5
2008,51382,-999,0,290.5,2.5,289.8,3.2,290.3,2.5
2009,51382,-999,0,291.4,3.4,290.7,3.7,290.8,1.8
2010,51382,-999,0,291,1.9,290.2,3.2,290.6,1.6
2011,51382,-999,0,291.2,2.8,290.5,3.6,290.1,2.1
2012,51382,-999,0,290.8,4.1,290,4.3,290.2,2
2013,51382,-999,0,290.7,3.4,289.9,4,290.4,2
2014,51382,-999,0,291,2.6,290.4,3.3,290.5,1.8
2015,51382,-999,0,291.2,3.8,290.5,3.7,290.6,2.3
2016,51382,-999,0,291.4,4.2,290.4,4.9,290.8,2
2017,51382,-999,0,291.4,3.6,290.6,3.9,290.4,2.4
1981,51385,-999,0,293.8,3.3,293.2,3.4,293.9,1.9
1982,51385,-999,0,294.5,3.5,293.7,4.1,293.1,2.2
1983,51385,-999,0,295.2,3.2,294.1,4.7,293.4,1.7
1984,51385,-999,0,294.9,2.7,293.9,4.3,293.3,2
1985,51385,-999,0,293.9,3.7,293.2,4,293.7,2.3
1986,51385,-999,0,294.2,3.3,293.4,4,294,2.5
1987,51385,-999,0,295,3.8,294,4.3,294.5,2.2
1988,51385,-999,0,294.6,3.8,293.6,4.6,293.3,1.9
1989,51385,-999,0,293.7,3.1,293.1,3.3,293.5,1.7
1990,51385,-999,0,293.8,2.4,293.3,2.8,293.6,2.2
1991,51385,-999,0,294.5,2.7,293.6,3.9,293.4,2.5
1992,51385,-999,0,294.9,4,293.8,5.1,293.5,1.6
1993,51385,-999,0,294.3,2.6,293.5,3.3,294.2,1.7
1994,51385,-999,0,294.5,2.9,293.6,3.9,293.6,1.9
1995,51385,-999,0,294.5,2.2,293.8,3.2,293.6,1.7
1996,51385,-999,0,294.5,2.6,293.5,4,293.9,2.4
1997,51385,-999,0,294.3,4.8,293.8,4.2,293.6,2.4
1998,51385,-999,0,295.2,2.5,294.1,4.4,293.9,1.5
1999,51385,-999,0,294.2,2.6,293.5,3.3,293.5,2.1
2000,51385,-999,0,294.9,2.1,294,3.8,293.8,2
2001,51385,-999,0,293.9,2.2,293.3,2.9,293.8,1.8
2002,51385,-999,0,294.2,2.6,293.5,3.2,293.7,2.2
2003,51385,-999,0,294.6,4,293.7,4.3,294,2.3
2004,51385,-999,0,294.6,3.4,293.8,3.9,293.8,1.9
2005,51385,-999,0,295,3.6,293.9,4.7,294.6,1.8
2006,51385,-999,0,294.5,2.2,294,2.7,293.9,2.2
2007,51385,-999,0,294.7,1.9,293.7,3.9,294,1.5
2008,51385,-999,0,294.2,2.5,293.6,3,293.9,2.6
2009,51385,-999,0,295.2,3.3,294.5,3.6,294.5,1.7
2010,51385,-999,0,294.9,1.8,294.1,3.4,294.3,1.7
2011,51385,-999,0,295.2,2.9,294.3,3.8,293.6,2.5
2012,51385,-999,0,294.7,3.5,293.9,3.9,293.9,1.9
2013,51385,-999,0,294.6,3.5,293.8,3.9,294.1,2
2014,51385,-999,0,294.9,2.8,294.2,3.3,294.2,1.8
2015,51385,-999,0,295,3.6,294.4,3.4,294.6,1.9
2016,51385,-999,0,295.3,4.2,294.2,5,294.5,1.8
2017,51385,-999,0,295.3,3.4,294.3,4.2,293.9,2.2
1981,51386,-999,0,288.9,3.3,287.9,4.3,288.7,2.1
1982,51386,-999,0,289.4,4,288.4,4.7,288.1,2
1983,51386,-999,0,290.1,3.4,288.9,5,288.4,1.9
1984,51386,-999,0,289.7,3,288.5,4.9,288,2.2
1985,51386,-999,0,288.9,3.2,287.9,4.5,288.4,2.5
1986,51386,-999,0,289.3,4,288.1,5.3,289,2.9
1987,51386,-999,0,290.2,4.2,288.9,5.8,289.5,2.5
1988,51386,-999,0,289.5,3.8,288.4,5,288.2,1.9
1989,51386,-999,0,288.7,3,287.7,4.2,288.4,1.9
1990,51386,-999,0,288.6,2.5,287.9,3.7,288.3,2.3
1991,51386,-999,0,289.4,2.5,288.3,4.7,288.3,2.3
1992,51386,-999,0,289.8,4.3,288.4,6,288.5,1.9
1993,51386,-999,0,289.2,2.6,288.3,4.2,289.1,2
1994,51386,-999,0,289.5,2.9,288.4,4.5,288.6,2.1
1995,51386,-999,0,289.4,2.2,288.5,3.8,288.4,2.1
1996,51386,-999,0,289.5,2.5,288.3,4.8,288.8,2.8
1997,51386,-999,0,289.4,4.8,288.7,4.6,288.6,2.1
1998,51386,-999,0,289.9,2.3,288.6,5.1,288.8,1.9
1999,51386,-999,0,289.2,3,288.4,3.9,288.4,2.4
2000,51386,-999,0,289.9,2.5,288.8,4.5,288.9,1.9
2001,51386,-999,0,288.8,1.8,288,3.4,288.7,2.1
2002,51386,-999,0,289.3,2.6,288.4,4.1,288.6,2.3
2003,51386,-999,0,289.8,3.6,288.6,5.2,289,2.3
2004,51386,-999,0,289.6,3.3,288.6,4.4,288.9,2
2005,51386,-999,0,290,3.6,288.7,5.5,289.5,2
2006,51386,-999,0,289.5,2.6,288.7,3.6,288.9,2.1
2007,51386,-999,0,289.6,2.3,288.5,4.5,288.8,1.4
2008,51386,-999,0,289.2,2.7,288.4,3.9,289,2.3
2009,51386,-999,0,290.3,3.5,289.3,4.6,289.4,2
2010,51386,-999,0,289.7,2,288.8,3.9,289.2,1.9
2011,51386,-999,0,290,2.7,289.1,4.2,288.8,2.1
2012,51386,-999,0,289.6,4,288.6,4.9,288.9,2.2
2013,51386,-999,0,289.5,3.7,288.4,4.9,289.1,2.2
2014,51386,-999,0,289.7,2.6,288.9,3.7,289.3,2
2015,51386,-999,0,290,3.3,289.1,4.1,289.4,2.4
2016,51386,-999,0,290.2,4.7,288.9,5.8,289.3,2
2017,51386,-999,0,290.2,3.9,289.2,4.7,289,2.4
1981,51391,-999,0,295.4,3.5,294.8,3.4,295.5,1.9
1982,51391,-999,0,296,3.6,295.1,4.1,294.6,2.4
1983,51391,-999,0,296.7,3.3,295.5,4.8,294.9,1.8
1984,51391,-999,0,296.4,2.8,295.4,4.3,294.9,2.1
1985,51391,-999,0,295.3,4.1,294.6,4,295.3,2.3
1986,51391,-999,0,295.7,3.3,294.9,3.8,295.6,2.5
1987,51391,-999,0,296.3,3.9,295.5,4.1,296,2.3
1988,51391,-999,0,296.1,4,295.1,4.7,295,2
1989,51391,-999,0,295.2,3.3,294.6,3.3,295.2,1.8
1990,51391,-999,0,295.4,2.4,294.9,2.8,295.2,2.3
1991,51391,-999,0,296,3,295.2,3.9,294.9,2.6
1992,51391,-999,0,296.4,4,295.3,4.9,295.1,1.6
1993,51391,-999,0,295.8,2.8,295.1,3.2,295.7,1.8
1994,51391,-999,0,296,3,295.1,3.8,295.1,1.9
1995,51391,-999,0,296,2.4,295.3,3.3,295.3,1.7
1996,51391,-999,0,296,2.8,295,4,295.5,2.4
1997,51391,-999,0,295.8,5,295.3,4.3,295.1,2.6
1998,51391,-999,0,296.7,2.7,295.7,4.5,295.5,1.5
1999,51391,-999,0,295.6,2.7,294.9,3.4,295.1,2.1
2000,51391,-999,0,296.4,2.1,295.5,3.8,295.3,2.2
2001,51391,-999,0,295.4,2.5,294.8,3.1,295.4,2.2
2002,51391,-999,0,295.7,2.8,295.1,3,295.2,2.3
2003,51391,-999,0,296,4.3,295.2,4.4,295.7,2.4
2004,51391,-999,0,296.1,3.5,295.3,3.9,295.4,2.1
2005,51391,-999,0,296.5,3.8,295.4,4.7,296.1,1.9
2006,51391,-999,0,295.9,2.2,295.4,2.7,295.4,2.3
2007,51391,-999,0,296.2,2.1,295.2,4.1,295.6,1.7
2008,51391,-999,0,295.6,2.7,295.1,3,295.5,2.8
2009,51391,-999,0,296.6,3.3,296,3.6,296,1.9
2010,51391,-999,0,296.5,1.8,295.7,3.5,295.9,1.8
2011,51391,-999,0,296.6,3.2,295.8,4,295.1,2.7
2012,51391,-999,0,296.2,3.6,295.5,3.8,295.5,1.9
2013,51391,-999,0,296.2,3.5,295.4,3.8,295.7,2.1
2014,51391,-999,0,296.4,3,295.7,3.4,295.7,1.9
2015,51391,-999,0,296.5,3.9,296,3.6,296.1,1.7
2016,51391,-999,0,296.8,4.2,295.7,4.9,296.1,2
2017,51391,-999,0,296.7,3.4,295.8,4.2,295.5,2.3
1981,51393,-999,0,292.2,3.3,291.6,3.5,292.2,1.9
1982,51393,-999,0,292.9,3.7,292,4.2,291.4,2.1
1983,51393,-999,0,293.5,3.3,292.4,4.7,291.7,1.7
1984,51393,-999,0,293.3,2.8,292.2,4.3,291.6,1.9
1985,51393,-999,0,292.3,3.7,291.5,4,292.1,2.3
1986,51393,-999,0,292.6,3.5,291.8,4.1,292.4,2.6
1987,51393,-999,0,293.4,3.8,292.4,4.4,292.8,2.2
1988,51393,-999,0,293,3.7,292,4.5,291.7,1.8
1989,51393,-999,0,292.1,3.1,291.4,3.4,291.9,1.8
1990,51393,-999,0,292.1,2.4,291.6,2.9,291.9,2.2
1991,51393,-999,0,292.8,2.7,291.9,3.8,291.7,2.5
1992,51393,-999,0,293.2,4.1,292.1,5.2,291.8,1.5
1993,51393,-999,0,292.6,2.5,291.9,3.2,292.6,1.8
1994,51393,-999,0,292.8,2.8,291.9,3.8,291.9,1.9
1995,51393,-999,0,292.8,2.2,292.1,3.2,291.9,1.7
1996,51393,-999,0,292.8,2.5,291.9,3.9,292.3,2.5
1997,51393,-999,0,292.7,5,292.2,4.3,292,2.2
1998,51393,-999,0,293.5,2.3,292.4,4.3,292.3,1.5
1999,51393,-999,0,292.5,2.6,291.9,3.2,291.9,2.1
2000,51393,-999,0,293.2,2.2,292.3,3.7,292.2,2
2001,51393,-999,0,292.1,2,291.6,2.8,292.1,1.8
2002,51393,-999,0,292.6,2.5,291.9,3.2,292,2.1
2003,51393,-999,0,293,3.9,292.1,4.4,292.4,2.2
2004,51393,-999,0,293,3.4,292.1,3.9,292.2,1.8
2005,51393,-999,0,293.4,3.6,292.3,4.7,292.9,2.1
2006,51393,-999,0,292.8,2.1,292.3,2.6,292.3,2.2
2007,51393,-999,0,293,1.9,292.1,3.9,292.3,1.4
2008,51393,-999,0,292.6,2.3,292,3,292.3,2.5
2009,51393,-999,0,293.6,3.4,292.9,3.6,292.8,1.7
2010,51393,-999,0,293.2,1.8,292.5,3.3,292.7,1.6
2011,51393,-999,0,293.5,2.9,292.7,3.8,292,2.2
2012,51393,-999,0,293.1,3.6,292.3,4,292.3,1.9
2013,51393,-999,0,293,3.4,292.2,3.9,292.4,1.9
2014,51393,-999,0,293.2,2.7,292.6,3.3,292.5,1.7
2015,51393,-999,0,293.4,3.6,292.8,3.5,292.8,2
2016,51393,-999,0,293.6,4.1,292.5,4.9,292.8,1.8
2017,51393,-999,0,293.6,3.4,292.7,4.1,292.3,2.2
1981,51395,-999,0,294.5,3.6,293.9,3.5,294.6,2
1982,51395,-999,0,295.1,3.7,294.3,4.2,293.7,2.3
1983,51395,-999,0,295.6,3.4,294.6,4.7,293.9,1.8
1984,51395,-999,0,295.5,3,294.5,4.2,294.1,2
1985,51395,-999,0,294.4,4.2,293.8,4.1,294.6,2.5
1986,51395,-999,0,294.8,3.6,294.1,3.7,294.7,2.8
1987,51395,-999,0,295.3,3.7,294.6,3.9,295.1,2.4
1988,51395,-999,0,295.1,3.7,294.3,4.2,294.2,2
1989,51395,-999,0,294.3,3.3,293.8,3.2,294.3,2
1990,51395,-999,0,294.4,2.4,294,2.6,294.3,2.4
1991,51395,-999,0,294.9,3,294.2,3.6,294,2.9
1992,51395,-999,0,295.4,4.2,294.3,4.8,294.1,1.7
1993,51395,-999,0,294.8,2.6,294.2,2.9,295,2.1
1994,51395,-999,0,294.9,2.9,294.1,3.5,294.2,2
1995,51395,-999,0,295,2.5,294.4,3.1,294.3,1.7
1996,51395,-999,0,294.9,2.7,294.1,3.4,294.6,2.6
1997,51395,-999,0,295,5.3,294.5,4.5,294.3,2.5
1998,51395,-999,0,295.8,2.5,294.8,4.1,294.7,1.5
1999,51395,-999,0,294.6,2.6,294,3,294.2,2.1
2000,51395,-999,0,295.3,2.2,294.6,3.4,294.4,2.2
2001,51395,-999,0,294.3,2.3,293.9,2.7,294.5,2.3
2002,51395,-999,0,294.8,2.6,294.3,3,294.3,2.3
2003,51395,-999,0,295.2,4.3,294.4,4.4,294.9,2.3
2004,51395,-999,0,295.2,3.5,294.4,3.7,294.5,1.9
2005,51395,-999,0,295.5,3.7,294.6,4.3,295.3,2.5
2006,51395,-999,0,294.9,2.1,294.5,2.3,294.5,2.4
2007,51395,-999,0,295.2,2.1,294.3,3.8,294.7,1.8
2008,51395,-999,0,294.7,2.6,294.2,2.9,294.7,2.8
2009,51395,-999,0,295.5,3.3,295,3.3,295.1,1.9
2010,51395,-999,0,295.4,1.8,294.8,3,295,1.7
2011,51395,-999,0,295.6,3.3,294.9,3.7,294.3,2.4
2012,51395,-999,0,295.3,3.7,294.6,3.7,294.6,1.9
2013,51395,-999,0,295.2,3.3,294.6,3.4,294.7,2
2014,51395,-999,0,295.5,3,294.8,3.4,294.7,1.9
2015,51395,-999,0,295.6,4.2,295,3.7,295.1,1.9
2016,51395,-999,0,295.8,4,294.9,4.4,295.3,2.2
2017,51395,-999,0,295.6,3.4,294.9,3.8,294.7,2.4
1981,51396,-999,0,294.7,3.7,294.2,3.5,294.9,2.1
1982,51396,-999,0,295.3,3.8,294.5,4.1,294,2.3
1983,51396,-999,0,295.8,3.4,294.8,4.6,294.1,1.9
1984,51396,-999,0,295.7,3,294.7,4.1,294.4,2
1985,51396,-999,0,294.7,4.3,294.1,4,294.9,2.5
1986,51396,-999,0,295,3.7,294.4,3.7,295,2.9
1987,51396,-999,0,295.5,3.7,294.9,3.7,295.3,2.4
1988,51396,-999,0,295.3,3.6,294.5,4,294.6,2.1
1989,51396,-999,0,294.6,3.3,294.1,3.1,294.6,2
1990,51396,-999,0,294.7,2.4,294.3,2.5,294.6,2.5
1991,51396,-999,0,295.1,3.1,294.5,3.4,294.2,3
1992,51396,-999,0,295.6,4.2,294.6,4.7,294.4,1.7
1993,51396,-999,0,295,2.6,294.5,2.7,295.3,2.2
1994,51396,-999,0,295.1,2.8,294.3,3.3,294.5,2.1
1995,51396,-999,0,295.2,2.5,294.7,3,294.6,1.8
1996,51396,-999,0,295,2.7,294.4,3.1,294.9,2.6
1997,51396,-999,0,295.2,5.5,294.8,4.5,294.6,2.5
1998,51396,-999,0,296,2.4,295.1,3.9,295,1.5
1999,51396,-999,0,294.8,2.6,294.3,2.8,294.5,2.1
2000,51396,-999,0,295.5,2.2,294.8,3.2,294.6,2.2
2001,51396,-999,0,294.5,2.3,294.1,2.5,294.8,2.3
2002,51396,-999,0,295.1,2.6,294.6,2.9,294.6,2.4
2003,51396,-999,0,295.5,4.3,294.7,4.4,295.2,2.3
2004,51396,-999,0,295.4,3.5,294.7,3.5,294.8,1.9
2005,51396,-999,0,295.7,3.7,294.9,4.2,295.7,2.7
2006,51396,-999,0,295.1,2.1,294.8,2.2,294.8,2.5
2007,51396,-999,0,295.5,2.1,294.6,3.6,295,1.9
2008,51396,-999,0,295,2.7,294.5,2.8,295,2.8
2009,51396,-999,0,295.7,3.3,295.3,3.2,295.3,1.9
2010,51396,-999,0,295.7,1.8,295.1,2.9,295.3,1.7
2011,51396,-999,0,295.8,3.3,295.1,3.6,294.6,2.3
2012,51396,-999,0,295.5,3.8,294.9,3.7,294.9,1.9
2013,51396,-999,0,295.5,3.2,294.9,3.3,295,2
2014,51396,-999,0,295.7,3.1,295.1,3.3,295,2
2015,51396,-999,0,295.8,4.4,295.3,3.7,295.3,2
2016,51396,-999,0,296,3.9,295.2,4.2,295.6,2.4
2017,51396,-999,0,295.8,3.3,295.2,3.6,295,2.5
1981,51398,-999,0,294.3,3.7,293.8,3.5,294.5,2.1
1982,51398,-999,0,294.9,3.8,294.1,4.2,293.6,2.2
1983,51398,-999,0,295.4,3.4,294.4,4.6,293.7,1.8
1984,51398,-999,0,295.3,3,294.3,4.2,293.9,2
1985,51398,-999,0,294.3,4.2,293.6,4,294.4,2.5
1986,51398,-999,0,294.6,3.7,293.9,3.7,294.6,2.9
1987,51398,-999,0,295.2,3.7,294.4,3.8,294.9,2.4
1988,51398,-999,0,294.9,3.6,294.1,4.1,294.1,2
1989,51398,-999,0,294.1,3.3,293.6,3.2,294.1,2
1990,51398,-999,0,294.2,2.4,293.8,2.6,294.2,2.5
1991,51398,-999,0,294.7,3,294,3.5,293.8,2.9
1992,51398,-999,0,295.2,4.2,294.1,4.8,294,1.7
1993,51398,-999,0,294.6,2.6,294,2.8,294.8,2.1
1994,51398,-999,0,294.7,2.8,293.9,3.4,294.1,2
1995,51398,-999,0,294.8,2.4,294.2,3.1,294.1,1.7
1996,51398,-999,0,294.6,2.6,294,3.3,294.4,2.6
1997,51398,-999,0,294.8,5.4,294.4,4.5,294.2,2.4
1998,51398,-999,0,295.6,2.4,294.7,4,294.5,1.5
1999,51398,-999,0,294.4,2.6,293.9,2.9,294,2.1
2000,51398,-999,0,295.1,2.2,294.4,3.3,294.2,2.1
2001,51398,-999,0,294.1,2.3,293.7,2.6,294.3,2.3
2002,51398,-999,0,294.6,2.6,294.1,2.9,294.2,2.4
2003,51398,-999,0,295.1,4.3,294.2,4.4,294.7,2.3
2004,51398,-999,0,295,3.5,294.3,3.6,294.4,1.9
2005,51398,-999,0,295.3,3.7,294.4,4.2,295.2,2.6
2006,51398,-999,0,294.6,2.1,294.3,2.2,294.3,2.5
2007,51398,-999,0,295,2.1,294.1,3.7,294.5,1.8
2008,51398,-999,0,294.6,2.6,294.1,2.8,294.5,2.7
2009,51398,-999,0,295.3,3.3,294.9,3.3,294.9,1.9
2010,51398,-999,0,295.2,1.8,294.6,2.9,294.8,1.7
2011,51398,-999,0,295.4,3.3,294.7,3.6,294.1,2.3
2012,51398,-999,0,295.1,3.8,294.4,3.7,294.4,1.9
2013,51398,-999,0,295,3.2,294.4,3.4,294.5,2
2014,51398,-999,0,295.3,3,294.7,3.3,294.6,1.9
2015,51398,-999,0,295.4,4.3,294.9,3.6,294.9,2
2016,51398,-999,0,295.6,3.9,294.7,4.3,295.2,2.3
2017,51398,-999,0,295.4,3.4,294.7,3.7,294.5,2.4
1981,51402,-999,0,294.7,3.7,294.2,3.5,294.9,2.1
1982,51402,-999,0,295.3,3.8,294.5,4.1,294,2.3
1983,51402,-999,0,295.8,3.4,294.8,4.6,294.1,1.9
1984,51402,-999,0,295.7,3,294.7,4.1,294.4,2
1985,51402,-999,0,294.7,4.3,294.1,4,294.9,2.5
1986,51402,-999,0,295,3.7,294.4,3.7,295,2.9
1987,51402,-999,0,295.5,3.7,294.8,3.7,295.3,2.4
1988,51402,-999,0,295.3,3.6,294.5,4,294.5,2.1
1989,51402,-999,0,294.5,3.3,294.1,3.1,294.6,2
1990,51402,-999,0,294.6,2.4,294.3,2.5,294.6,2.5
1991,51402,-999,0,295.1,3.1,294.4,3.5,294.2,3
1992,51402,-999,0,295.6,4.2,294.6,4.7,294.4,1.7
1993,51402,-999,0,295,2.6,294.5,2.8,295.3,2.2
1994,51402,-999,0,295,2.8,294.3,3.3,294.5,2.1
1995,51402,-999,0,295.2,2.5,294.7,3,294.6,1.8
1996,51402,-999,0,295,2.7,294.4,3.1,294.9,2.6
1997,51402,-999,0,295.2,5.5,294.8,4.5,294.6,2.5
1998,51402,-999,0,296,2.4,295.1,3.9,295,1.5
1999,51402,-999,0,294.8,2.6,294.3,2.8,294.5,2.1
2000,51402,-999,0,295.5,2.2,294.8,3.2,294.6,2.2
2001,51402,-999,0,294.5,2.3,294.1,2.5,294.8,2.3
2002,51402,-999,0,295.1,2.6,294.6,2.9,294.6,2.4
2003,51402,-999,0,295.5,4.4,294.7,4.4,295.2,2.3
2004,51402,-999,0,295.4,3.5,294.7,3.5,294.8,1.9
2005,51402,-999,0,295.7,3.7,294.8,4.2,295.6,2.7
2006,51402,-999,0,295,2.1,294.8,2.2,294.8,2.5
2007,51402,-999,0,295.5,2.1,294.6,3.6,295,1.9
2008,51402,-999,0,295,2.7,294.5,2.8,295,2.8
2009,51402,-999,0,295.7,3.3,295.3,3.2,295.3,1.9
2010,51402,-999,0,295.6,1.8,295.1,2.9,295.3,1.7
2011,51402,-999,0,295.8,3.3,295.1,3.6,294.6,2.3
2012,51402,-999,0,295.5,3.8,294.8,3.7,294.9,1.9
2013,51402,-999,0,295.4,3.2,294.9,3.3,295,2
2014,51402,-999,0,295.7,3.1,295.1,3.3,295,2
2015,51402,-999,0,295.8,4.4,295.3,3.7,295.3,2
2016,51402,-999,0,296,3.9,295.2,4.2,295.6,2.4
2017,51402,-999,0,295.8,3.3,295.1,3.6,295,2.5
1981,68769,-999,0,292.1,3.3,291.5,3.5,292.1,1.9
1982,68769,-999,0,292.8,3.7,291.9,4.2,291.4,2.1
1983,68769,-999,0,293.4,3.3,292.3,4.7,291.6,1.6
1984,68769,-999,0,293.2,2.8,292.1,4.4,291.5,1.9
1985,68769,-999,0,292.3,3.7,291.5,4.1,292,2.3
1986,68769,-999,0,292.6,3.5,291.7,4.1,292.3,2.6
1987,68769,-999,0,293.3,3.8,292.3,4.4,292.8,2.2
1988,68769,-999,0,292.9,3.7,291.9,4.5,291.6,1.8
1989,68769,-999,0,292,3.1,291.4,3.4,291.8,1.8
1990,68769,-999,0,292.1,2.4,291.5,2.9,291.8,2.2
1991,68769,-999,0,292.7,2.7,291.9,3.8,291.6,2.5
1992,68769,-999,0,293.2,4.2,292,5.2,291.8,1.5
1993,68769,-999,0,292.5,2.5,291.8,3.2,292.5,1.8
1994,68769,-999,0,292.7,2.8,291.9,3.8,291.9,1.9
1995,68769,-999,0,292.7,2.2,292.1,3.2,291.8,1.7
1996,68769,-999,0,292.7,2.5,291.8,3.8,292.2,2.5
1997,68769,-999,0,292.7,5,292.1,4.3,291.9,2.2
1998,68769,-999,0,293.4,2.3,292.4,4.3,292.2,1.5
1999,68769,-999,0,292.4,2.6,291.8,3.2,291.8,2.1
2000,68769,-999,0,293.2,2.2,292.3,3.7,292.1,2
2001,68769,-999,0,292.1,2,291.5,2.7,292.1,1.8
2002,68769,-999,0,292.5,2.5,291.9,3.2,291.9,2.1
2003,68769,-999,0,293,3.9,292,4.4,292.3,2.2
2004,68769,-999,0,292.9,3.4,292.1,3.9,292.2,1.8
2005,68769,-999,0,293.3,3.6,292.2,4.7,292.9,2.1
2006,68769,-999,0,292.7,2.1,292.2,2.6,292.2,2.2
2007,68769,-999,0,293,1.9,292,3.9,292.2,1.4
2008,68769,-999,0,292.6,2.3,291.9,3,292.3,2.5
2009,68769,-999,0,293.5,3.4,292.8,3.6,292.8,1.7
2010,68769,-999,0,293.1,1.8,292.4,3.3,292.6,1.6
2011,68769,-999,0,293.4,2.9,292.6,3.8,292,2.2
2012,68769,-999,0,293,3.6,292.2,4,292.2,1.9
2013,68769,-999,0,292.9,3.4,292.1,3.9,292.3,1.9
2014,68769,-999,0,293.2,2.7,292.5,3.3,292.4,1.7
2015,68769,-999,0,293.3,3.6,292.7,3.5,292.8,2
2016,68769,-999,0,293.5,4.1,292.5,4.9,292.8,1.8
2017,68769,-999,0,293.5,3.4,292.6,4.1,292.3,2.2
