year,code,name,ASAL,cum_Mar,cum_Jun,cum_Oct
1981,51338,-999,1,230.8,43.8,146
1982,51338,-999,1,58.7,41.9,272.4
1983,51338,-999,1,38.7,51.6,118.6
1984,51338,-999,1,28.9,21.4,227.5
1985,51338,-999,1,162.7,46.7,103.5
1986,51338,-999,1,68.4,75.1,102.8
1987,51338,-999,1,38.1,106.2,47.6
1988,51338,-999,1,126.2,83.2,110.5
1989,51338,-999,1,105.8,26.1,153
1990,51338,-999,1,212,29.3,138.8
1991,51338,-999,1,104.3,40.8,108.2
1992,51338,-999,1,33,32.6,105.4
1993,51338,-999,1,51.5,41.5,82.8
1994,51338,-999,1,58,49.3,161.1
1995,51338,-999,1,125.8,38.5,215
1996,51338,-999,1,114.9,72.3,67.2
1997,51338,-999,1,72.6,51.5,332.8
1998,51338,-999,1,98,122.4,78.6
1999,51338,-999,1,127.9,23.5,81.3
2000,51338,-999,1,34,27.7,84.3
2001,51338,-999,1,143,58.5,93.3
2002,51338,-999,1,89.1,34.8,171.5
2003,51338,-999,1,61.8,31.4,191.3
2004,51338,-999,1,68.7,33,105.4
2005,51338,-999,1,58,36.7,100.4
2006,51338,-999,1,112.3,27.9,155
2007,51338,-999,1,51.3,81.7,177
2008,51338,-999,1,142,28.8,150.9
2009,51338,-999,1,52.4,39.1,182.8
2010,51338,-999,1,177.2,36.5,109
2011,51338,-999,1,72.9,66.4,209.3
2012,51338,-999,1,25.8,61.3,178.2
2013,51338,-999,1,137.4,49.8,66.3
2014,51338,-999,1,138,73,129.4
2015,51338,-999,1,54.4,39,180
2016,51338,-999,1,53.3,4.8,247.5
2017,51338,-999,1,25.7,38.2,33.7
1981,51340,-999,1,218.8,64.1,113
1982,51340,-999,1,61.2,121.9,212.5
1983,51340,-999,1,27.1,107.7,31.6
1984,51340,-999,1,29.4,132.3,91.3
1985,51340,-999,1,60.7,56.2,40.7
1986,51340,-999,1,52.1,48.3,61.1
1987,51340,-999,1,19.3,57,42.9
1988,51340,-999,1,96.4,122.7,41
1989,51340,-999,1,57.2,77.4,104.4
1990,51340,-999,1,157.3,72,147.7
1991,51340,-999,1,56.1,82.3,51.5
1992,51340,-999,1,20.2,70.3,45.1
1993,51340,-999,1,44.7,112.5,72.8
1994,51340,-999,1,25.7,70.7,130.9
1995,51340,-999,1,60.7,24.9,128.8
1996,51340,-999,1,83.4,42.9,29.2
1997,51340,-999,1,29.4,128.4,230
1998,51340,-999,1,56.6,99.6,37.5
1999,51340,-999,1,36.7,97.3,39.7
2000,51340,-999,1,73.2,117.8,99.6
2001,51340,-999,1,39.2,106.6,27
2002,51340,-999,1,93.1,63.5,181.7
2003,51340,-999,1,35.1,73,68
2004,51340,-999,1,24.9,125.9,107.1
2005,51340,-999,1,63.2,87,34.2
2006,51340,-999,1,54.7,103.6,228.5
2007,51340,-999,1,34.2,100.4,72.6
2008,51340,-999,1,131.1,115.3,49.5
2009,51340,-999,1,30.1,150.6,285.7
2010,51340,-999,1,79.6,80.5,24.6
2011,51340,-999,1,38.6,49.2,108.5
2012,51340,-999,1,21.1,46.3,113.6
2013,51340,-999,1,134.5,60.2,90.8
2014,51340,-999,1,117.3,85.3,60.4
2015,51340,-999,1,106.7,72.8,103.7
2016,51340,-999,1,9.5,0.1,74.4
2017,51340,-999,1,58.1,10.1,73.3
1981,51341,-999,1,200.7,49.8,151.8
1982,51341,-999,1,60.8,85.4,195.4
1983,51341,-999,1,55.1,72.2,36.2
1984,51341,-999,1,57.7,88.1,93.1
1985,51341,-999,1,50.1,36.4,47.1
1986,51341,-999,1,54.1,30.9,68.1
1987,51341,-999,1,31,30.2,49.6
1988,51341,-999,1,84.6,83.3,51.6
1989,51341,-999,1,83.3,45.4,104.9
1990,51341,-999,1,211.1,51.4,89.2
1991,51341,-999,1,105.8,70.2,52
1992,51341,-999,1,20.7,69.9,50.1
1993,51341,-999,1,34.1,68.8,77.1
1994,51341,-999,1,71.9,62.5,71.2
1995,51341,-999,1,71.1,17.5,119.5
1996,51341,-999,1,105.6,22.3,31.5
1997,51341,-999,1,45.3,81.5,362.3
1998,51341,-999,1,81.8,47.9,44.1
1999,51341,-999,1,95,73.6,56.1
2000,51341,-999,1,69.8,109.7,93.8
2001,51341,-999,1,44.4,80.9,35
2002,51341,-999,1,133.7,31.5,170.7
2003,51341,-999,1,40.6,46.6,55.5
2004,51341,-999,1,40.3,68.1,134.6
2005,51341,-999,1,67.4,62.8,43
2006,51341,-999,1,113.6,70,215.6
2007,51341,-999,1,53.2,67.3,91.8
2008,51341,-999,1,126.9,90.3,67.3
2009,51341,-999,1,47,74.1,149.3
2010,51341,-999,1,85.2,70.8,39.8
2011,51341,-999,1,48.4,40.2,142.6
2012,51341,-999,1,29,40.4,68.2
2013,51341,-999,1,139.6,44.2,113.8
2014,51341,-999,1,182.7,69.1,101.6
2015,51341,-999,1,122.1,53.9,127.3
2016,51341,-999,1,29.1,2.9,96
2017,51341,-999,1,70.1,50.6,63.8
1981,51342,-999,1,137.4,107.6,75.6
1982,51342,-999,1,32.2,133.4,101.7
1983,51342,-999,1,12.4,193.5,21.8
1984,51342,-999,1,8.9,192.5,52.6
1985,51342,-999,1,57.8,66.3,42.8
1986,51342,-999,1,32.7,91.1,38.7
1987,51342,-999,1,9.1,116.9,24.2
1988,51342,-999,1,116.3,141.2,46.9
1989,51342,-999,1,20.6,74.3,30.7
1990,51342,-999,1,57.7,50.6,64.6
1991,51342,-999,1,15.9,57.7,18.8
1992,51342,-999,1,13,73.2,29.8
1993,51342,-999,1,20.9,130.2,42.5
1994,51342,-999,1,9,66.3,138.8
1995,51342,-999,1,27.5,39.4,86.7
1996,51342,-999,1,32.1,77.2,13
1997,51342,-999,1,41.5,291.5,210.7
1998,51342,-999,1,68.5,149.5,13.5
1999,51342,-999,1,27.1,109.4,13.4
2000,51342,-999,1,34.1,92,66.8
2001,51342,-999,1,38,125.4,11.3
2002,51342,-999,1,29.1,125.1,60.5
2003,51342,-999,1,27.7,105.5,103.2
2004,51342,-999,1,10.8,233,56.5
2005,51342,-999,1,29.9,74.6,13.7
2006,51342,-999,1,21.9,133.3,113.8
2007,51342,-999,1,14.9,74.1,23.2
2008,51342,-999,1,65.9,99.3,20.7
2009,51342,-999,1,6.7,132.9,223.4
2010,51342,-999,1,51.1,145.2,11.5
2011,51342,-999,1,14.3,51.5,133
2012,51342,-999,1,9.1,64.9,64.4
2013,51342,-999,1,86.5,57.5,35
2014,51342,-999,1,39,112.9,25.7
2015,51342,-999,1,72.4,76.2,85.4
2016,51342,-999,1,0,2.6,0
2017,51342,-999,1,23.4,12.5,35
1981,51344,-999,1,166.3,87.6,165.9
1982,51344,-999,1,61.6,120.4,238.3
1983,51344,-999,1,41,134.3,44.8
1984,51344,-999,1,40.3,150.6,131.1
1985,51344,-999,1,35.2,67.9,57.5
1986,51344,-999,1,46.5,51.9,76.7
1987,51344,-999,1,20.6,54,66.9
1988,51344,-999,1,82.7,152.5,55.7
1989,51344,-999,1,64.7,76.5,149.7
1990,51344,-999,1,219.8,94.6,222.8
1991,51344,-999,1,83.6,131.9,82.6
1992,51344,-999,1,20.1,103,64.6
1993,51344,-999,1,21.7,128.6,100.7
1994,51344,-999,1,32,117.5,105.6
1995,51344,-999,1,58,24.5,165.7
1996,51344,-999,1,61.1,32.5,41.8
1997,51344,-999,1,25,123.2,426.9
1998,51344,-999,1,49.9,107.9,63.7
1999,51344,-999,1,41,130.4,75.2
2000,51344,-999,1,51.6,202.1,122.7
2001,51344,-999,1,29.2,177.1,48
2002,51344,-999,1,82.3,51.3,140.4
2003,51344,-999,1,40.9,93.5,60.9
2004,51344,-999,1,26,147.9,158.6
2005,51344,-999,1,42.4,128.4,58.9
2006,51344,-999,1,77.7,139,334.3
2007,51344,-999,1,30.6,149.6,112.7
2008,51344,-999,1,94.8,153.5,73.7
2009,51344,-999,1,37.9,164.4,246.6
2010,51344,-999,1,67.1,129.2,38.8
2011,51344,-999,1,21.1,64.3,217.3
2012,51344,-999,1,15.2,65,140.8
2013,51344,-999,1,188.3,77.2,123.7
2014,51344,-999,1,153.1,113.3,119.3
2015,51344,-999,1,118.5,94.6,155.9
2016,51344,-999,1,17.9,0,64.4
2017,51344,-999,1,65.5,17.2,48.6
1981,51345,-999,1,193.7,10.2,76.7
1982,51345,-999,1,60.5,17.6,111.1
1983,51345,-999,1,59.9,15.7,18.5
1984,51345,-999,1,35.8,20.2,59.2
1985,51345,-999,1,52.7,15.1,42.1
1986,51345,-999,1,59.3,10.6,41.2
1987,51345,-999,1,36.4,8,24.4
1988,51345,-999,1,125.5,19.2,33
1989,51345,-999,1,66,10.1,59.7
1990,51345,-999,1,219.5,15.6,41.1
1991,51345,-999,1,82.4,19.4,31.4
1992,51345,-999,1,26.7,10.1,27.8
1993,51345,-999,1,38.6,15.6,42.8
1994,51345,-999,1,92.4,16.7,39.8
1995,51345,-999,1,71.3,6.5,85.4
1996,51345,-999,1,114.3,8.9,17.1
1997,51345,-999,1,38.4,16.5,111.6
1998,51345,-999,1,65,12.2,20.9
1999,51345,-999,1,107.5,19.8,20.3
2000,51345,-999,1,89.1,19.9,35.6
2001,51345,-999,1,69.5,17,24.8
2002,51345,-999,1,127.1,17.9,97
2003,51345,-999,1,54.2,12,20.6
2004,51345,-999,1,45.4,16.1,57.2
2005,51345,-999,1,71.9,12.8,27.8
2006,51345,-999,1,129.6,13.3,67
2007,51345,-999,1,65.3,14.6,40.1
2008,51345,-999,1,255.9,16.9,24.7
2009,51345,-999,1,39.1,19.8,94.8
2010,51345,-999,1,116.6,13,15.5
2011,51345,-999,1,71.9,9.3,87.6
2012,51345,-999,1,32.8,8.1,29.3
2013,51345,-999,1,114.9,11,44.7
2014,51345,-999,1,143,15.9,30.2
2015,51345,-999,1,85.3,11.8,63.7
2016,51345,-999,1,29.4,0.1,23.7
2017,51345,-999,1,30.2,11.2,75.4
1981,51346,-999,1,200.8,17.3,46
1982,51346,-999,1,31.5,25.2,104.9
1983,51346,-999,1,14.9,23.6,16.3
1984,51346,-999,1,12.3,31.3,45
1985,51346,-999,1,50,14.9,30.8
1986,51346,-999,1,44,15.9,28.8
1987,51346,-999,1,16.5,20.8,13.9
1988,51346,-999,1,102.3,28.4,23.5
1989,51346,-999,1,34.1,16.2,38.3
1990,51346,-999,1,125.2,14.3,34.5
1991,51346,-999,1,36.8,15,14.8
1992,51346,-999,1,18,13.8,38
1993,51346,-999,1,27.2,24.4,42
1994,51346,-999,1,20.2,16.1,66.3
1995,51346,-999,1,52.7,9.5,67.8
1996,51346,-999,1,69.6,16,10.5
1997,51346,-999,1,51.8,29.1,110.9
1998,51346,-999,1,61.5,31,12.3
1999,51346,-999,1,58.5,19,12.1
2000,51346,-999,1,36.4,19.1,39.2
2001,51346,-999,1,38.6,18,10.4
2002,51346,-999,1,54.5,25.9,47.7
2003,51346,-999,1,36.5,19.3,41.5
2004,51346,-999,1,25,36.1,28.9
2005,51346,-999,1,35.1,16.2,13.8
2006,51346,-999,1,41.2,18.8,72.8
2007,51346,-999,1,34.8,18.6,20.8
2008,51346,-999,1,99.2,21.3,20.6
2009,51346,-999,1,12.3,29.1,105.5
2010,51346,-999,1,137.6,23.5,14.1
2011,51346,-999,1,24.9,15.1,73.3
2012,51346,-999,1,17.5,13.7,32.8
2013,51346,-999,1,99.6,14.6,28.9
2014,51346,-999,1,78.8,20.7,19.3
2015,51346,-999,1,47.9,16.6,53.7
2016,51346,-999,1,1.3,0.8,5.5
2017,51346,-999,1,14.6,8.2,50.1
1981,51347,-999,1,234.9,10.3,86.6
1982,51347,-999,1,83.7,12.3,233.7
1983,51347,-999,1,24.5,12.5,66.7
1984,51347,-999,1,30.8,6.8,161.8
1985,51347,-999,1,160.6,8.8,62.2
1986,51347,-999,1,67.8,13.4,53.5
1987,51347,-999,1,24.4,26.9,25.9
1988,51347,-999,1,133.8,12.7,85.2
1989,51347,-999,1,100,6.5,113.9
1990,51347,-999,1,219.1,8,165.8
1991,51347,-999,1,82.4,6.6,66.1
1992,51347,-999,1,19.6,5.5,67.3
1993,51347,-999,1,51.3,9.2,53
1994,51347,-999,1,50,7.5,186.3
1995,51347,-999,1,118.4,5.9,140.6
1996,51347,-999,1,123.8,14.9,25.1
1997,51347,-999,1,70.8,8.4,164.6
1998,51347,-999,1,101.8,29.3,30.6
1999,51347,-999,1,123.5,4.8,37.1
2000,51347,-999,1,23.7,4.5,33.7
2001,51347,-999,1,127.4,8.9,36.8
2002,51347,-999,1,86.5,6.7,86.1
2003,51347,-999,1,51.6,4,110.3
2004,51347,-999,1,53,4.8,89.2
2005,51347,-999,1,42,7.7,66.5
2006,51347,-999,1,98.9,6,147.5
2007,51347,-999,1,59.9,5.9,136.5
2008,51347,-999,1,130.7,3.8,121.4
2009,51347,-999,1,51.9,4.5,130.1
2010,51347,-999,1,164,5.8,75.7
2011,51347,-999,1,50.5,7.7,167.1
2012,51347,-999,1,28.9,9.4,126.1
2013,51347,-999,1,132.1,7,32.9
2014,51347,-999,1,140.1,15.2,57.3
2015,51347,-999,1,49.6,4.7,89.2
2016,51347,-999,1,30,0.5,16
2017,51347,-999,1,13.8,9,31.2
1981,51348,-999,1,125.4,0.5,18.2
1982,51348,-999,1,20.1,0.3,78.1
1983,51348,-999,1,9.1,0.4,13.6
1984,51348,-999,1,10.1,0.2,32.5
1985,51348,-999,1,57.3,0.5,19.4
1986,51348,-999,1,32.2,1.6,15
1987,51348,-999,1,22.5,1.7,10.1
1988,51348,-999,1,45.2,0.8,24.9
1989,51348,-999,1,26.2,0.2,26.4
1990,51348,-999,1,109.1,0.4,35.3
1991,51348,-999,1,51.9,1,16.3
1992,51348,-999,1,10,0.3,20.1
1993,51348,-999,1,9.8,0.4,64.6
1994,51348,-999,1,12.1,0.8,62.9
1995,51348,-999,1,47.6,0.4,35.5
1996,51348,-999,1,36,1.5,11.1
1997,51348,-999,1,70.4,0.5,114.9
1998,51348,-999,1,38,0.9,11.6
1999,51348,-999,1,49.1,0.3,13.6
2000,51348,-999,1,5.9,0.3,16.6
2001,51348,-999,1,42.2,0.6,13.4
2002,51348,-999,1,48.6,0.4,77.2
2003,51348,-999,1,15.5,0.2,28.2
2004,51348,-999,1,39,0.4,48
2005,51348,-999,1,7.2,0.3,27
2006,51348,-999,1,12.5,0.3,56.1
2007,51348,-999,1,27.1,1.1,31.1
2008,51348,-999,1,28.8,0.3,29.9
2009,51348,-999,1,7.4,0.2,54.2
2010,51348,-999,1,93.2,0.4,24.6
2011,51348,-999,1,10.8,0.9,88.2
2012,51348,-999,1,6.8,0.8,35.8
2013,51348,-999,1,95,0.6,20.1
2014,51348,-999,1,62.9,0.6,21.1
2015,51348,-999,1,36.8,0.3,39
2016,51348,-999,1,2.4,1.5,0.6
2017,51348,-999,1,0.4,0,24.4
1981,51349,-999,1,222.8,1.5,55.1
1982,51349,-999,1,42.7,2.3,161.2
1983,51349,-999,1,16,2.3,21.9
1984,51349,-999,1,16.3,2.6,93.8
1985,51349,-999,1,86.2,2.5,49.5
1986,51349,-999,1,50.6,3,44.8
1987,51349,-999,1,23.5,6.9,15.3
1988,51349,-999,1,125.6,3.4,32.1
1989,51349,-999,1,58.7,1.8,44.8
1990,51349,-999,1,177.4,2.5,54.5
1991,51349,-999,1,65.7,2.9,26.4
1992,51349,-999,1,18,1.8,52
1993,51349,-999,1,27.7,2.5,50.3
1994,51349,-999,1,38.1,3,82.1
1995,51349,-999,1,71,1.5,111
1996,51349,-999,1,102.2,3,14.3
1997,51349,-999,1,56.2,2.5,68
1998,51349,-999,1,63.8,7.1,18.3
1999,51349,-999,1,91.7,2.1,19
2000,51349,-999,1,28.1,1.7,27.9
2001,51349,-999,1,77,2,19.8
2002,51349,-999,1,77.1,3.1,47.7
2003,51349,-999,1,43.8,1.1,39.9
2004,51349,-999,1,50.7,1.9,41.7
2005,51349,-999,1,42.5,1.3,27.2
2006,51349,-999,1,79.8,1.1,63.5
2007,51349,-999,1,47.8,2.7,36.2
2008,51349,-999,1,138.1,1.5,42.1
2009,51349,-999,1,22,2.3,88
2010,51349,-999,1,188,1.8,23.2
2011,51349,-999,1,63.6,1.7,82.9
2012,51349,-999,1,35.4,1.9,31.5
2013,51349,-999,1,118.3,1.7,23.5
2014,51349,-999,1,115.7,3.5,25.5
2015,51349,-999,1,35.4,1.5,49.3
2016,51349,-999,1,12.8,0,9.3
2017,51349,-999,1,11.4,6.1,49.7
1981,51351,-999,1,187.1,4.6,49.4
1982,51351,-999,1,54.2,4.8,123.6
1983,51351,-999,1,26.1,5,13.3
1984,51351,-999,1,21.3,4.9,69.5
1985,51351,-999,1,72.3,4.7,55.8
1986,51351,-999,1,57,5.8,34.2
1987,51351,-999,1,33.4,13.7,13.4
1988,51351,-999,1,140.9,7.4,28.6
1989,51351,-999,1,76,5.3,36.4
1990,51351,-999,1,180.7,5.6,27.6
1991,51351,-999,1,91.6,6.9,18.4
1992,51351,-999,1,31.9,4.7,31.3
1993,51351,-999,1,23.4,5.4,29.8
1994,51351,-999,1,72.3,5.8,44.4
1995,51351,-999,1,88.1,3.7,61.7
1996,51351,-999,1,116,6.4,15
1997,51351,-999,1,40,5.5,39.4
1998,51351,-999,1,48.6,11.6,14.3
1999,51351,-999,1,122.1,5.1,18.1
2000,51351,-999,1,45.2,4.9,22.9
2001,51351,-999,1,108.5,5.3,21.8
2002,51351,-999,1,110.7,4.4,39.1
2003,51351,-999,1,55.5,3.2,21.7
2004,51351,-999,1,67.6,3.4,38
2005,51351,-999,1,69.8,2.6,22.3
2006,51351,-999,1,103.3,2.6,41.9
2007,51351,-999,1,40.9,4.8,20.8
2008,51351,-999,1,201.9,4,34.2
2009,51351,-999,1,22.7,6,50.1
2010,51351,-999,1,193.4,3.9,19.9
2011,51351,-999,1,117,3.8,64
2012,51351,-999,1,57.4,5.7,24.1
2013,51351,-999,1,121.4,3.8,22.4
2014,51351,-999,1,116.4,6.3,23.8
2015,51351,-999,1,54.2,3.8,34.2
2016,51351,-999,1,31.4,1.1,30.9
2017,51351,-999,1,12.7,5.1,50.7
1981,51352,-999,1,116.4,1.7,26.3
1982,51352,-999,1,29.5,2,79.1
1983,51352,-999,1,8.8,1.8,14.6
1984,51352,-999,1,10.9,1,28.3
1985,51352,-999,1,62.1,1.6,23.3
1986,51352,-999,1,41.5,3.4,23.3
1987,51352,-999,1,41.3,5.6,13.8
1988,51352,-999,1,36.2,2.8,30.7
1989,51352,-999,1,52.3,1.7,25.2
1990,51352,-999,1,74,1.4,30.9
1991,51352,-999,1,48.5,2.1,21
1992,51352,-999,1,27.6,1.3,21
1993,51352,-999,1,18.6,2.6,30.7
1994,51352,-999,1,25,2.2,55.5
1995,51352,-999,1,52.9,1.5,33.3
1996,51352,-999,1,48,5.2,13.4
1997,51352,-999,1,37.7,1.5,120.6
1998,51352,-999,1,29.2,5.3,15.2
1999,51352,-999,1,58.3,1.6,20.5
2000,51352,-999,1,10.1,1.1,15.1
2001,51352,-999,1,49.7,1.1,25.1
2002,51352,-999,1,59.6,1.6,31.4
2003,51352,-999,1,37.2,1.4,18.3
2004,51352,-999,1,45,1.1,37.9
2005,51352,-999,1,15.6,1.7,28
2006,51352,-999,1,30.1,1,82.3
2007,51352,-999,1,29.6,5.6,36.4
2008,51352,-999,1,43.5,1.8,34.9
2009,51352,-999,1,15.7,1.5,44.7
2010,51352,-999,1,84.8,1.7,23.7
2011,51352,-999,1,14.3,2.8,95.9
2012,51352,-999,1,14.8,1,59.2
2013,51352,-999,1,90.3,1.7,30
2014,51352,-999,1,55.1,1.1,26.7
2015,51352,-999,1,17.7,1.3,33.3
2016,51352,-999,1,0.7,1.5,2.4
2017,51352,-999,1,1.5,1.4,15.4
1981,51354,-999,1,290.7,25.6,130.4
1982,51354,-999,1,69.2,24.9,351.8
1983,51354,-999,1,20.4,19.5,114.7
1984,51354,-999,1,27.2,10.5,310.3
1985,51354,-999,1,168.4,18.4,123.5
1986,51354,-999,1,75,50.1,118
1987,51354,-999,1,52.1,48.5,45
1988,51354,-999,1,109,23.6,150.8
1989,51354,-999,1,82.2,10.9,192.1
1990,51354,-999,1,211.5,14.2,208.5
1991,51354,-999,1,101.7,18.7,141.3
1992,51354,-999,1,21.2,11.1,142.9
1993,51354,-999,1,45.6,15.4,145
1994,51354,-999,1,33.9,17.6,238.6
1995,51354,-999,1,145.6,14.2,253.1
1996,51354,-999,1,156.1,39.7,62.3
1997,51354,-999,1,103.4,21.8,394.7
1998,51354,-999,1,97.7,49.1,79
1999,51354,-999,1,142.8,11.1,74.9
2000,51354,-999,1,24.1,11.2,88.7
2001,51354,-999,1,166,23.4,72.1
2002,51354,-999,1,134.5,13.2,271.4
2003,51354,-999,1,65.6,10.3,234.5
2004,51354,-999,1,81.1,14.8,198.8
2005,51354,-999,1,42.3,16.6,140.4
2006,51354,-999,1,69.8,13.7,244.5
2007,51354,-999,1,85.2,32.7,202.9
2008,51354,-999,1,114.1,11.6,207.4
2009,51354,-999,1,46.1,10.5,260.3
2010,51354,-999,1,194.4,12.6,124
2011,51354,-999,1,66.1,25.7,259.2
2012,51354,-999,1,22.8,28.4,221.7
2013,51354,-999,1,143.4,19.7,65.5
2014,51354,-999,1,143.1,26.8,127
2015,51354,-999,1,66,11.7,160.8
2016,51354,-999,1,47.5,2.2,15.4
2017,51354,-999,1,7.8,20.3,47.1
1981,51359,-999,1,264.2,5.8,93.3
1982,51359,-999,1,63.8,7.8,269.7
1983,51359,-999,1,14.3,3.5,72.1
1984,51359,-999,1,21.5,1.6,213.3
1985,51359,-999,1,145.3,3.3,78.4
1986,51359,-999,1,76,10.4,78.8
1987,51359,-999,1,39.3,18.1,28.3
1988,51359,-999,1,87.4,4,116
1989,51359,-999,1,60.1,1.6,141.9
1990,51359,-999,1,216.4,2.4,165.4
1991,51359,-999,1,92.7,2.6,101.2
1992,51359,-999,1,12.8,1.3,94.2
1993,51359,-999,1,34,3.6,103.1
1994,51359,-999,1,22.9,2.1,246.2
1995,51359,-999,1,109.1,1.9,169.3
1996,51359,-999,1,127.4,8.7,38.4
1997,51359,-999,1,91.1,3.5,277.1
1998,51359,-999,1,86,12.6,43.9
1999,51359,-999,1,123,1.6,44.3
2000,51359,-999,1,16.5,1,57
2001,51359,-999,1,150.1,2.6,42.4
2002,51359,-999,1,107.3,1.4,194.3
2003,51359,-999,1,44.9,0.7,193.5
2004,51359,-999,1,57.8,1.3,157.1
2005,51359,-999,1,34.5,2,90.7
2006,51359,-999,1,53.5,1.5,173.3
2007,51359,-999,1,69.9,6.1,186.3
2008,51359,-999,1,99.1,1.9,127.4
2009,51359,-999,1,35.9,0.5,205.3
2010,51359,-999,1,156.8,1.3,82.5
2011,51359,-999,1,43.5,4.3,206.7
2012,51359,-999,1,15.6,4.2,179.3
2013,51359,-999,1,132.7,1.6,43.1
2014,51359,-999,1,120.1,4.4,71.7
2015,51359,-999,1,62.7,1.6,104.2
2016,51359,-999,1,26.3,0,0
2017,51359,-999,1,3.2,3.6,39
1981,51361,-999,1,141.9,24.2,40.7
1982,51361,-999,1,19.2,39.8,121.5
1983,51361,-999,1,9.6,36.9,24.2
1984,51361,-999,1,8.7,44.3,60
1985,51361,-999,1,47.9,17.6,31.9
1986,51361,-999,1,33.4,23.1,21.8
1987,51361,-999,1,11.8,26.9,14.3
1988,51361,-999,1,72.9,37.2,38.9
1989,51361,-999,1,24.9,16.4,47.2
1990,51361,-999,1,99.8,14.8,49.6
1991,51361,-999,1,21.3,16.2,20.4
1992,51361,-999,1,12.3,18.9,33.4
1993,51361,-999,1,24,31.8,58.5
1994,51361,-999,1,14.5,23.2,91.2
1995,51361,-999,1,49,13.8,88.9
1996,51361,-999,1,33.3,20.8,12.2
1997,51361,-999,1,62.7,72.2,198.8
1998,51361,-999,1,62.7,46.8,16
1999,51361,-999,1,42.8,26.2,13.3
2000,51361,-999,1,18.6,21.7,41.1
2001,51361,-999,1,28.1,23.5,15.1
2002,51361,-999,1,21,37.5,60.8
2003,51361,-999,1,26.8,27.8,80.6
2004,51361,-999,1,14,80.5,43.6
2005,51361,-999,1,14.1,19.9,15
2006,51361,-999,1,25.1,37.1,73.8
2007,51361,-999,1,19.9,22.9,36.9
2008,51361,-999,1,54.5,26.9,22.3
2009,51361,-999,1,8,31.6,172.8
2010,51361,-999,1,92,33.6,18.9
2011,51361,-999,1,11,16.1,127
2012,51361,-999,1,8.7,19.2,48.9
2013,51361,-999,1,86.2,16.4,24.9
2014,51361,-999,1,39.5,27.3,20.3
2015,51361,-999,1,49.6,21.6,39.7
2016,51361,-999,1,0.7,0.2,0.3
2017,51361,-999,1,8.7,8.1,29.4
1981,51363,-999,1,157.3,0.5,22.1
1982,51363,-999,1,14,1.4,132.8
1983,51363,-999,1,6.2,0.4,18.9
1984,51363,-999,1,11.8,0.2,27.3
1985,51363,-999,1,59.4,0.3,28.5
1986,51363,-999,1,17.9,2.7,29.4
1987,51363,-999,1,18.6,0.2,21.7
1988,51363,-999,1,27.2,0.7,19.9
1989,51363,-999,1,27.7,0.5,27.5
1990,51363,-999,1,67.3,0.1,37.7
1991,51363,-999,1,34.4,0.1,24.4
1992,51363,-999,1,16.9,0.1,18.6
1993,51363,-999,1,8.7,1.4,32.2
1994,51363,-999,1,16.8,0.7,59.8
1995,51363,-999,1,55.7,0.3,54.1
1996,51363,-999,1,38.4,0.4,20.6
1997,51363,-999,1,46.3,0.5,254.9
1998,51363,-999,1,15.6,1.8,16.3
1999,51363,-999,1,55,0.3,40.8
2000,51363,-999,1,3.4,0.1,52.3
2001,51363,-999,1,16.5,0.1,29.6
2002,51363,-999,1,19,1,75.4
2003,51363,-999,1,13.3,0.2,19.6
2004,51363,-999,1,11.6,0.2,91
2005,51363,-999,1,11.3,0.5,21
2006,51363,-999,1,16.8,0.1,162.3
2007,51363,-999,1,18.2,4.6,78.7
2008,51363,-999,1,10.7,3.1,50
2009,51363,-999,1,7.8,0.1,84.4
2010,51363,-999,1,90.5,0.1,31.9
2011,51363,-999,1,3.9,1.7,135.6
2012,51363,-999,1,6.8,0,71
2013,51363,-999,1,102,1.2,43.7
2014,51363,-999,1,33.6,0.1,31.3
2015,51363,-999,1,30.4,0.3,70
2016,51363,-999,1,1.8,0.7,2.5
2017,51363,-999,1,1.7,0.4,29.4
1981,51364,-999,1,112.7,0.7,25.9
1982,51364,-999,1,15,1.2,136
1983,51364,-999,1,3.2,0.9,17.1
1984,51364,-999,1,8.8,0.4,34.1
1985,51364,-999,1,55.1,0.5,20
1986,51364,-999,1,24.6,2,20.6
1987,51364,-999,1,18.1,0.2,9.5
1988,51364,-999,1,36.3,0.9,23.4
1989,51364,-999,1,23,0.9,46
1990,51364,-999,1,81.5,0.3,29.2
1991,51364,-999,1,21.8,0.4,14.5
1992,51364,-999,1,13.9,0.3,14.3
1993,51364,-999,1,11.5,1.3,50.2
1994,51364,-999,1,12.9,0.8,70.4
1995,51364,-999,1,37.3,0.4,59.8
1996,51364,-999,1,27.8,0.7,9.3
1997,51364,-999,1,55.8,1.1,281.7
1998,51364,-999,1,20.9,1.4,8.6
1999,51364,-999,1,31.3,0.6,21.9
2000,51364,-999,1,3.1,0.4,20.2
2001,51364,-999,1,20.1,0.3,19.6
2002,51364,-999,1,17.2,0.6,59.6
2003,51364,-999,1,15.3,0.5,35
2004,51364,-999,1,11.5,0.5,59.7
2005,51364,-999,1,3.6,0.9,17.9
2006,51364,-999,1,13.4,0.2,125.4
2007,51364,-999,1,14.6,2.4,79.9
2008,51364,-999,1,14.8,2.1,24.2
2009,51364,-999,1,3.4,0.4,120.8
2010,51364,-999,1,79.6,0.3,19.7
2011,51364,-999,1,1.4,0.7,141.8
2012,51364,-999,1,3.6,0.2,56.4
2013,51364,-999,1,91.5,0.9,26.3
2014,51364,-999,1,36.6,0.9,19
2015,51364,-999,1,36.2,0.6,52.6
2016,51364,-999,1,0.2,0.3,3
2017,51364,-999,1,1.2,2.4,31.9
1981,51377,-999,1,169.7,58.2,30.1
1982,51377,-999,1,37.4,42.8,83.3
1983,51377,-999,1,18.8,93,76.9
1984,51377,-999,1,18.4,34.3,37
1985,51377,-999,1,89.6,81.8,21.8
1986,51377,-999,1,55.8,121.8,36.4
1987,51377,-999,1,60.5,122.6,27.6
1988,51377,-999,1,57.1,75.4,57.9
1989,51377,-999,1,81.1,49.3,69
1990,51377,-999,1,135.6,45.7,45.4
1991,51377,-999,1,91.9,99,49.3
1992,51377,-999,1,29.4,66.8,78
1993,51377,-999,1,15.1,83.5,29.9
1994,51377,-999,1,71.6,116.2,33.8
1995,51377,-999,1,98.8,70.1,76.6
1996,51377,-999,1,93,161.4,37.2
1997,51377,-999,1,53.9,83.4,105.6
1998,51377,-999,1,27.4,103,67.3
1999,51377,-999,1,126.8,52.8,66.4
2000,51377,-999,1,21.4,61.9,64.3
2001,51377,-999,1,105.8,116,75.2
2002,51377,-999,1,97.4,65.6,64.3
2003,51377,-999,1,68.7,74.1,44.9
2004,51377,-999,1,69.1,57.5,54.5
2005,51377,-999,1,71.6,79.3,44.4
2006,51377,-999,1,84.2,71.9,65.4
2007,51377,-999,1,49.7,148.3,44.6
2008,51377,-999,1,103.7,53.1,117.5
2009,51377,-999,1,25.6,43.1,60.6
2010,51377,-999,1,151.8,71.1,66.9
2011,51377,-999,1,94,107.1,82.4
2012,51377,-999,1,30.3,89.5,102.1
2013,51377,-999,1,112.2,99.2,63.3
2014,51377,-999,1,81.2,65.4,90.8
2015,51377,-999,1,20,87.1,67.4
2016,51377,-999,1,2.8,6.6,54.1
2017,51377,-999,1,120.2,66.6,13.8
1981,51380,-999,1,144.7,8.8,34.2
1982,51380,-999,1,46.7,11.4,62.4
1983,51380,-999,1,38.9,11.7,19
1984,51380,-999,1,25.6,6.8,42.8
1985,51380,-999,1,92.8,9.3,32.1
1986,51380,-999,1,59.4,7.7,43.4
1987,51380,-999,1,75.3,26.9,13.8
1988,51380,-999,1,137.5,14.4,25.9
1989,51380,-999,1,87.1,9.9,29.6
1990,51380,-999,1,187.5,6.7,23.5
1991,51380,-999,1,107.6,10.5,17.1
1992,51380,-999,1,33.1,9,17.3
1993,51380,-999,1,34.1,12.6,19.5
1994,51380,-999,1,90,9.8,29.2
1995,51380,-999,1,116,9,36.4
1996,51380,-999,1,117.1,12.6,15.1
1997,51380,-999,1,49.4,9.2,39.9
1998,51380,-999,1,60.9,26.3,13.3
1999,51380,-999,1,173,5.9,18
2000,51380,-999,1,61.3,8.4,24.4
2001,51380,-999,1,142.3,14.1,21.6
2002,51380,-999,1,98.3,4.7,35.9
2003,51380,-999,1,50.9,8.3,22.8
2004,51380,-999,1,82.2,4.5,33.3
2005,51380,-999,1,109.5,4.7,23.3
2006,51380,-999,1,137.1,4.9,28
2007,51380,-999,1,47.4,9.6,16.4
2008,51380,-999,1,208.8,6.4,32.6
2009,51380,-999,1,29.8,12.8,36.4
2010,51380,-999,1,168.5,10.3,24.7
2011,51380,-999,1,97.3,12.8,65
2012,51380,-999,1,49.8,11.6,35.8
2013,51380,-999,1,151.3,8.2,17
2014,51380,-999,1,120.3,14.5,28.3
2015,51380,-999,1,54.4,10.1,29.4
2016,51380,-999,1,46.5,3.2,28.3
2017,51380,-999,1,6.2,4.6,31.8
1981,51384,-999,1,189.9,45.6,63.1
1982,51384,-999,1,25.9,37.1,136.9
1983,51384,-999,1,17.7,59,63.1
1984,51384,-999,1,14.5,23.9,76.8
1985,51384,-999,1,93.4,53.3,46.2
1986,51384,-999,1,41.8,112,53.5
1987,51384,-999,1,34.3,114,26.1
1988,51384,-999,1,67.9,58,51.3
1989,51384,-999,1,69.4,26.8,81.1
1990,51384,-999,1,141.8,33.2,88.4
1991,51384,-999,1,80.1,72.9,53.9
1992,51384,-999,1,22.2,35.5,74.9
1993,51384,-999,1,25.1,49.6,43.4
1994,51384,-999,1,36.9,72.2,65.2
1995,51384,-999,1,84.7,44.1,120.7
1996,51384,-999,1,64.9,132.7,41.6
1997,51384,-999,1,48.3,59.8,154.5
1998,51384,-999,1,45.5,75.5,86.1
1999,51384,-999,1,115.8,32.2,59.2
2000,51384,-999,1,19.3,37.2,59.5
2001,51384,-999,1,111.8,70.3,69.6
2002,51384,-999,1,95.7,37.3,80.9
2003,51384,-999,1,54,38.2,78.9
2004,51384,-999,1,54.6,35.9,74.4
2005,51384,-999,1,46.6,42.1,56.7
2006,51384,-999,1,79.2,38,88.5
2007,51384,-999,1,41,105.5,73.9
2008,51384,-999,1,82.7,27,108.3
2009,51384,-999,1,24.1,26.3,88.8
2010,51384,-999,1,141.7,41.3,65.3
2011,51384,-999,1,66.4,85,109.5
2012,51384,-999,1,21.9,66.1,96
2013,51384,-999,1,90.3,67.5,60.7
2014,51384,-999,1,93.4,46.1,77.5
2015,51384,-999,1,32.3,39.3,92.9
2016,51384,-999,1,27.7,1.2,66.5
2017,51384,-999,1,69,43.8,24.2
1981,51388,-999,1,165.8,45,34
1982,51388,-999,1,44.8,58.3,70.1
1983,51388,-999,1,65.2,68.9,58.6
1984,51388,-999,1,39.8,29.8,56.7
1985,51388,-999,1,127.7,66.7,34.4
1986,51388,-999,1,68.7,43.6,63.6
1987,51388,-999,1,117.8,97.6,39.5
1988,51388,-999,1,146.5,42.1,42.9
1989,51388,-999,1,117,39.3,59.9
1990,51388,-999,1,148.3,33.3,39.2
1991,51388,-999,1,97.5,76.2,51.8
1992,51388,-999,1,53.3,73.6,59
1993,51388,-999,1,57.2,82.9,27.5
1994,51388,-999,1,131.1,79.6,42.3
1995,51388,-999,1,107.3,72,60
1996,51388,-999,1,122.4,76.7,45.6
1997,51388,-999,1,73.4,52,44.6
1998,51388,-999,1,49.1,91.5,49.4
1999,51388,-999,1,198.7,34.6,40.1
2000,51388,-999,1,98.4,37.6,50.3
2001,51388,-999,1,102.8,70,62.8
2002,51388,-999,1,125.1,31.5,59.1
2003,51388,-999,1,77.7,45,52.1
2004,51388,-999,1,113.3,28.7,37.7
2005,51388,-999,1,121.8,40.9,41.5
2006,51388,-999,1,154.5,35.8,28.5
2007,51388,-999,1,85.2,62.6,32.2
2008,51388,-999,1,184.2,39,68.1
2009,51388,-999,1,62.9,33.4,40.8
2010,51388,-999,1,165.1,53,67
2011,51388,-999,1,108.9,68.3,99.7
2012,51388,-999,1,76.6,69.4,76
2013,51388,-999,1,166.1,56,34
2014,51388,-999,1,115.6,74.1,62
2015,51388,-999,1,65.2,89.3,64.7
2016,51388,-999,1,70.6,40.2,62
2017,51388,-999,1,41.6,90.1,32.5
1981,51389,-999,1,154.9,10.2,31.1
1982,51389,-999,1,28.8,9.8,92.2
1983,51389,-999,1,10.3,13.4,28.9
1984,51389,-999,1,21.7,3.8,43.2
1985,51389,-999,1,81.5,13.9,24.4
1986,51389,-999,1,52,39.5,42.7
1987,51389,-999,1,47.9,32.4,22.1
1988,51389,-999,1,44.1,20.3,45.7
1989,51389,-999,1,53.6,5.7,49
1990,51389,-999,1,154.3,14.7,49.6
1991,51389,-999,1,59.6,20.5,46.4
1992,51389,-999,1,31.2,10.5,36.6
1993,51389,-999,1,14.5,12.7,52.7
1994,51389,-999,1,25.7,27.5,54.5
1995,51389,-999,1,66,9.6,50.1
1996,51389,-999,1,70.7,48.1,26.6
1997,51389,-999,1,46.4,12.2,105.9
1998,51389,-999,1,36.5,17.9,34.9
1999,51389,-999,1,96,10.9,30.7
2000,51389,-999,1,15.2,10.4,24.9
2001,51389,-999,1,80.5,18.4,48.4
2002,51389,-999,1,111.4,12.9,49.4
2003,51389,-999,1,40,9.1,32.6
2004,51389,-999,1,72,11.9,73.2
2005,51389,-999,1,23.8,13.2,45
2006,51389,-999,1,29.3,12.5,77.6
2007,51389,-999,1,52.4,30.1,48.5
2008,51389,-999,1,63,11.4,63.7
2009,51389,-999,1,12.3,9.4,70.8
2010,51389,-999,1,136,15,38.6
2011,51389,-999,1,36,24.9,101.6
2012,51389,-999,1,11.7,18.3,93.2
2013,51389,-999,1,124.4,21.2,37.9
2014,51389,-999,1,88.6,11,44.1
2015,51389,-999,1,32,11.4,47.8
2016,51389,-999,1,12.4,0.2,10.6
2017,51389,-999,1,18,4.7,24.5
1981,51392,-999,1,90.4,26.6,9.4
1982,51392,-999,1,34.6,13.9,20.5
1983,51392,-999,1,12.2,24.8,12.5
1984,51392,-999,1,16.5,11.1,6.6
1985,51392,-999,1,52.1,23.9,5.1
1986,51392,-999,1,60.2,46.7,11.1
1987,51392,-999,1,29,43.3,7.5
1988,51392,-999,1,21.6,26.5,18.5
1989,51392,-999,1,57.6,11,9.3
1990,51392,-999,1,65.6,13.8,17.1
1991,51392,-999,1,49.5,23.7,26.3
1992,51392,-999,1,23.5,14.8,17.1
1993,51392,-999,1,15.9,21.7,8.1
1994,51392,-999,1,38.3,31.7,11.8
1995,51392,-999,1,36.9,17.1,14.4
1996,51392,-999,1,51.3,63.3,9.4
1997,51392,-999,1,34.6,17.1,21.6
1998,51392,-999,1,25.2,48.9,16.2
1999,51392,-999,1,62.8,13.1,13.3
2000,51392,-999,1,13.2,17.3,18.8
2001,51392,-999,1,50.1,25.5,25.7
2002,51392,-999,1,62.2,18.4,10.7
2003,51392,-999,1,53.6,17.3,6.2
2004,51392,-999,1,29.6,12.3,12.1
2005,51392,-999,1,33.5,21,8.1
2006,51392,-999,1,45.2,16,25.3
2007,51392,-999,1,36.3,91.5,9.3
2008,51392,-999,1,48,17.8,20.4
2009,51392,-999,1,20.3,15.3,16.4
2010,51392,-999,1,102.2,18,13.4
2011,51392,-999,1,51.4,30.1,20.7
2012,51392,-999,1,21.4,24.4,25.8
2013,51392,-999,1,53.2,19.7,12.2
2014,51392,-999,1,53.8,12.4,22.3
2015,51392,-999,1,15.5,24.4,14.3
2016,51392,-999,1,1.3,4.1,7.1
2017,51392,-999,1,27.1,6.5,4.9
1981,51394,-999,1,173.2,51,55.5
1982,51394,-999,1,52.2,46.9,77.7
1983,51394,-999,1,25.9,75.5,83.2
1984,51394,-999,1,27.1,53.2,36.1
1985,51394,-999,1,94.9,70.5,31.5
1986,51394,-999,1,79.7,71.1,57
1987,51394,-999,1,83.1,95,52.5
1988,51394,-999,1,54.5,84.4,88.9
1989,51394,-999,1,104.7,49.8,77.7
1990,51394,-999,1,98.9,45.6,66.2
1991,51394,-999,1,90.8,87.7,112.1
1992,51394,-999,1,43.7,81.9,95.6
1993,51394,-999,1,20.5,87.2,53.1
1994,51394,-999,1,55.6,85,51.6
1995,51394,-999,1,72.3,68.7,90.9
1996,51394,-999,1,116.7,116.7,56.7
1997,51394,-999,1,80.2,84.8,133.5
1998,51394,-999,1,22.6,106.7,88.6
1999,51394,-999,1,104.3,60.4,114.3
2000,51394,-999,1,19.6,52.6,105.1
2001,51394,-999,1,113.2,128.1,102.3
2002,51394,-999,1,89.6,75.4,102.2
2003,51394,-999,1,68.7,84.1,34.8
2004,51394,-999,1,70.3,46.7,81.5
2005,51394,-999,1,49.5,76.1,58.2
2006,51394,-999,1,88.2,48.9,114.2
2007,51394,-999,1,58.1,162,40.7
2008,51394,-999,1,76.3,69.1,129.8
2009,51394,-999,1,24.5,42.4,77.4
2010,51394,-999,1,136.6,78.2,81.9
2011,51394,-999,1,85.3,107.8,85
2012,51394,-999,1,27.1,78.7,136.6
2013,51394,-999,1,96.9,72.2,92.4
2014,51394,-999,1,64.9,58.6,140.4
2015,51394,-999,1,19.3,90,88.5
2016,51394,-999,1,5.2,18.8,32.5
2017,51394,-999,1,92,59.5,6.2
1981,51333,-999,0,203.9,30.5,75.6
1982,51333,-999,0,56.5,30.7,184.5
1983,51333,-999,0,53.3,44.7,91.1
1984,51333,-999,0,25.8,10.9,144.9
1985,51333,-999,0,136.1,35.7,59.1
1986,51333,-999,0,83.2,29.7,55
1987,51333,-999,0,34.4,94.4,26.8
1988,51333,-999,0,158.7,57.3,57.8
1989,51333,-999,0,115.7,25.4,82.1
1990,51333,-999,0,221.2,20.3,86.3
1991,51333,-999,0,98.6,28.4,64.3
1992,51333,-999,0,33.9,32,54
1993,51333,-999,0,50.2,38.9,42.5
1994,51333,-999,0,71.3,33.6,121.2
1995,51333,-999,0,149.1,34.8,125.9
1996,51333,-999,0,125,43.9,36.6
1997,51333,-999,0,57.5,24.7,180
1998,51333,-999,0,100.2,97.6,35.1
1999,51333,-999,0,156.7,13.2,49.1
2000,51333,-999,0,32.1,23.2,50.7
2001,51333,-999,0,200.5,53.1,64.6
2002,51333,-999,0,100.8,16.3,89.9
2003,51333,-999,0,48.7,25.9,91.2
2004,51333,-999,0,79,16.8,74.5
2005,51333,-999,0,88.2,19.4,51.9
2006,51333,-999,0,118.5,16,60.1
2007,51333,-999,0,42.5,43.1,70.4
2008,51333,-999,0,174.5,17.7,103.6
2009,51333,-999,0,41.1,31.6,113.8
2010,51333,-999,0,208.1,40.4,87.7
2011,51333,-999,0,84.9,62.6,149.2
2012,51333,-999,0,24.4,49.2,132.1
2013,51333,-999,0,180.8,35,34.4
2014,51333,-999,0,156.7,61.7,78.8
2015,51333,-999,0,56.7,38.5,105.6
2016,51333,-999,0,54.9,3.4,246.1
2017,51333,-999,0,19,18.5,26.4
1981,51334,-999,0,228.4,23.8,122.1
1982,51334,-999,0,79,27.1,259.6
1983,51334,-999,0,28.1,28.3,94.1
1984,51334,-999,0,30.9,15.6,211.9
1985,51334,-999,0,166.7,23.7,86.7
1986,51334,-999,0,69.4,34,77.7
1987,51334,-999,0,22.5,59.7,37.8
1988,51334,-999,0,127.8,42.4,110.9
1989,51334,-999,0,96.6,16.6,139.3
1990,51334,-999,0,205.9,19.5,151.2
1991,51334,-999,0,85.9,17.3,99.6
1992,51334,-999,0,24.3,15.7,90.8
1993,51334,-999,0,51.4,22.1,74.6
1994,51334,-999,0,56.4,20.3,175.9
1995,51334,-999,0,119.6,17,169.2
1996,51334,-999,0,117.5,37.4,38.2
1997,51334,-999,0,72.7,22.8,278.2
1998,51334,-999,0,94.9,80.5,46.8
1999,51334,-999,0,122.6,13,61
2000,51334,-999,0,29.6,16.1,49.9
2001,51334,-999,0,125,24,59.8
2002,51334,-999,0,88.4,19.9,124.6
2003,51334,-999,0,54.7,15,150.5
2004,51334,-999,0,63.6,17,90.1
2005,51334,-999,0,43.5,22.9,92.2
2006,51334,-999,0,105.9,17.6,172.3
2007,51334,-999,0,52.6,27.8,186.3
2008,51334,-999,0,135,16.1,147.4
2009,51334,-999,0,60.3,18.4,141.4
2010,51334,-999,0,154.5,18.3,98
2011,51334,-999,0,53.1,23.6,190.9
2012,51334,-999,0,22.6,27,157.1
2013,51334,-999,0,121.3,25,48.8
2014,51334,-999,0,139.1,45.6,95.8
2015,51334,-999,0,46.1,17,151.1
2016,51334,-999,0,32.9,0.4,149.7
2017,51334,-999,0,30.6,22.3,29.3
1981,51336,-999,0,235.1,30.1,122.1
1982,51336,-999,0,70.6,29.9,250.9
1983,51336,-999,0,45.1,37.9,110.9
1984,51336,-999,0,30,14.5,199.8
1985,51336,-999,0,165.5,33.3,84.7
1986,51336,-999,0,71.5,40.5,87.5
1987,51336,-999,0,29.7,92.3,37.9
1988,51336,-999,0,139.3,64.4,97.2
1989,51336,-999,0,117.1,21.7,122.7
1990,51336,-999,0,223,21.6,125.1
1991,51336,-999,0,94.1,26,94.3
1992,51336,-999,0,29,25.7,80.8
1993,51336,-999,0,46.9,32.8,65.9
1994,51336,-999,0,64.9,33.2,145.3
1995,51336,-999,0,125.5,28.2,175.8
1996,51336,-999,0,119,44.6,48.5
1997,51336,-999,0,69.4,33.3,270.5
1998,51336,-999,0,100.5,102.1,53.6
1999,51336,-999,0,133.8,16.5,66.1
2000,51336,-999,0,30.5,19.9,60.6
2001,51336,-999,0,153.9,42.2,75.6
2002,51336,-999,0,93.8,24.6,131.8
2003,51336,-999,0,57.1,22.7,153.3
2004,51336,-999,0,64.1,21.5,83
2005,51336,-999,0,61.7,25.9,76.3
2006,51336,-999,0,111.5,19.6,119.5
2007,51336,-999,0,45.6,53.8,146.4
2008,51336,-999,0,156,21.2,127.5
2009,51336,-999,0,52,30.2,151.4
2010,51336,-999,0,182.3,29.9,94.4
2011,51336,-999,0,67.4,45.7,185.5
2012,51336,-999,0,24.7,42.6,164.2
2013,51336,-999,0,153.6,33.9,50.6
2014,51336,-999,0,146.6,55.5,99.1
2015,51336,-999,0,49.7,29.6,155.5
2016,51336,-999,0,42.9,3.4,267.2
2017,51336,-999,0,30.2,23.6,29
1981,51337,-999,0,209,74.2,86.2
1982,51337,-999,0,32.8,62,193.2
1983,51337,-999,0,31.5,107.5,101
1984,51337,-999,0,21.6,35.1,121
1985,51337,-999,0,129.3,78.9,61.9
1986,51337,-999,0,50.2,125.4,74.2
1987,51337,-999,0,52.9,163.4,40.1
1988,51337,-999,0,97.5,87.3,74.2
1989,51337,-999,0,88.4,46.3,125.6
1990,51337,-999,0,177.4,42,106.8
1991,51337,-999,0,116.6,84.1,74.2
1992,51337,-999,0,29.5,61.5,101.7
1993,51337,-999,0,39.7,81.4,53.8
1994,51337,-999,0,62.4,97.3,93.9
1995,51337,-999,0,116.7,73.8,185.3
1996,51337,-999,0,83.9,145.9,67.4
1997,51337,-999,0,60.3,89.3,203.5
1998,51337,-999,0,68.7,127,101.9
1999,51337,-999,0,140.4,45.8,78.3
2000,51337,-999,0,29.5,50.3,99.7
2001,51337,-999,0,140.2,98.8,104.1
2002,51337,-999,0,114.1,56.1,124
2003,51337,-999,0,64.1,67.6,125.9
2004,51337,-999,0,77.3,48.4,86.7
2005,51337,-999,0,82.7,64.2,78.1
2006,51337,-999,0,123.1,51.3,92.6
2007,51337,-999,0,46.8,132.1,107.4
2008,51337,-999,0,126.7,40.6,141.2
2009,51337,-999,0,36.7,41.2,119.5
2010,51337,-999,0,188,58.1,100.8
2011,51337,-999,0,88.3,141.2,151.8
2012,51337,-999,0,36.5,93.2,146.2
2013,51337,-999,0,119.8,98.8,78.7
2014,51337,-999,0,129.2,93.6,104.2
2015,51337,-999,0,45.8,61.9,136.2
2016,51337,-999,0,45.3,4.6,167
2017,51337,-999,0,76.8,74.7,24.9
1981,51350,-999,0,225.8,6.6,58.3
1982,51350,-999,0,71.3,6.1,164.2
1983,51350,-999,0,37.2,9.1,41.5
1984,51350,-999,0,27,4.1,119.9
1985,51350,-999,0,131.9,6,62.8
1986,51350,-999,0,64.3,7,36.5
1987,51350,-999,0,32.3,30.8,17.4
1988,51350,-999,0,146.2,12.3,46.7
1989,51350,-999,0,99.9,7.9,60.7
1990,51350,-999,0,205.5,6.2,86
1991,51350,-999,0,94.9,7.6,34.8
1992,51350,-999,0,24.5,6.9,39.8
1993,51350,-999,0,37.7,9.9,40
1994,51350,-999,0,65.4,7.5,122.1
1995,51350,-999,0,118.8,6.3,99.2
1996,51350,-999,0,112.7,11.9,18.7
1997,51350,-999,0,52.4,5.8,81.8
1998,51350,-999,0,77.9,27.3,20.6
1999,51350,-999,0,132.2,3.6,34.3
2000,51350,-999,0,26.6,5.5,32.6
2001,51350,-999,0,144.9,10.3,34.8
2002,51350,-999,0,95.1,5.3,54.4
2003,51350,-999,0,49,3.6,64.7
2004,51350,-999,0,51.2,3.2,54.5
2005,51350,-999,0,66.7,4.5,37.7
2006,51350,-999,0,111.3,3.4,59.9
2007,51350,-999,0,46.6,6.1,60.5
2008,51350,-999,0,156.2,3.9,74.6
2009,51350,-999,0,42,5.6,88.5
2010,51350,-999,0,184.9,6.6,45.8
2011,51350,-999,0,87.9,7.7,113.4
2012,51350,-999,0,40.4,10.8,62.1
2013,51350,-999,0,148.1,6.7,23
2014,51350,-999,0,150,12.7,43.6
2015,51350,-999,0,43.2,5.1,60
2016,51350,-999,0,39.3,5.5,58.6
2017,51350,-999,0,8.8,3.1,31.6
1981,51366,-999,0,230.9,101.4,86.7
1982,51366,-999,0,75.8,119.9,156.6
1983,51366,-999,0,135.8,102.9,204.6
1984,51366,-999,0,58.7,106.5,122.4
1985,51366,-999,0,199.8,116.2,91.9
1986,51366,-999,0,186.9,89.2,196.9
1987,51366,-999,0,178.2,172.8,158
1988,51366,-999,0,181.2,86,92.3
1989,51366,-999,0,199,71.2,135.1
1990,51366,-999,0,231.2,63.8,87.2
1991,51366,-999,0,169.3,126.4,164.2
1992,51366,-999,0,85.2,174,145.9
1993,51366,-999,0,115.6,176.3,79
1994,51366,-999,0,267.2,99.8,83
1995,51366,-999,0,193.2,160.3,142.5
1996,51366,-999,0,183.9,112.6,117.4
1997,51366,-999,0,89.2,108.3,134.7
1998,51366,-999,0,73.8,155.3,132.4
1999,51366,-999,0,254.4,121.1,188.1
2000,51366,-999,0,156.1,127.2,128.4
2001,51366,-999,0,143.8,152.7,173.2
2002,51366,-999,0,209,75.2,121.7
2003,51366,-999,0,134.2,116.2,112.5
2004,51366,-999,0,123.2,56.9,80.7
2005,51366,-999,0,157.5,75.6,90.7
2006,51366,-999,0,213.7,100.3,99.4
2007,51366,-999,0,173.3,133.2,76.9
2008,51366,-999,0,208.8,115.4,158.8
2009,51366,-999,0,104.3,64.5,77.9
2010,51366,-999,0,198,126.5,144.5
2011,51366,-999,0,127.1,117.1,165.4
2012,51366,-999,0,124.7,217.1,151.8
2013,51366,-999,0,212.3,99.4,109.5
2014,51366,-999,0,152.3,118.9,135.4
2015,51366,-999,0,103,175,202.1
2016,51366,-999,0,37,102.1,120
2017,51366,-999,0,120.5,192.3,43.4
1981,51368,-999,0,216,73.5,99.5
1982,51368,-999,0,84.3,102,182.9
1983,51368,-999,0,122.9,82.4,191.3
1984,51368,-999,0,56.1,63.6,116.3
1985,51368,-999,0,199.7,78.6,74.1
1986,51368,-999,0,190.6,68.3,186.1
1987,51368,-999,0,176.7,129,149.1
1988,51368,-999,0,160.4,64.4,96.4
1989,51368,-999,0,170.8,56.9,128.7
1990,51368,-999,0,222,40.7,94
1991,51368,-999,0,151.1,83.5,167
1992,51368,-999,0,64.4,127.5,127
1993,51368,-999,0,117.9,130.2,68.8
1994,51368,-999,0,237.9,67,77.1
1995,51368,-999,0,153.3,94.7,173.8
1996,51368,-999,0,170.5,82.2,106.7
1997,51368,-999,0,78.6,84.8,149.1
1998,51368,-999,0,68.1,129.9,101.7
1999,51368,-999,0,228.2,92,171.2
2000,51368,-999,0,136.2,98.3,118.8
2001,51368,-999,0,158.9,107.2,154.6
2002,51368,-999,0,214,67.2,114.3
2003,51368,-999,0,145,109.2,100.4
2004,51368,-999,0,94.6,56.1,107
2005,51368,-999,0,155.2,64.7,90.1
2006,51368,-999,0,203.7,86.1,117.3
2007,51368,-999,0,180.3,115.6,85.7
2008,51368,-999,0,169.9,85.6,158.4
2009,51368,-999,0,83.9,46.4,80.2
2010,51368,-999,0,204.7,100.9,139.3
2011,51368,-999,0,115.3,97.5,158.5
2012,51368,-999,0,106.4,169.1,143.7
2013,51368,-999,0,189,78.5,107.4
2014,51368,-999,0,137.5,102.6,159.8
2015,51368,-999,0,95.8,148.2,220.5
2016,51368,-999,0,19,77.1,78.5
2017,51368,-999,0,90,144.6,27.9
1981,51369,-999,0,260.6,84.2,77.7
1982,51369,-999,0,79.3,142.4,160.7
1983,51369,-999,0,93.3,109.5,182.6
1984,51369,-999,0,46,110.9,74.4
1985,51369,-999,0,187.1,101.2,67.3
1986,51369,-999,0,171.7,83.7,106.2
1987,51369,-999,0,167.5,150.2,127.8
1988,51369,-999,0,161.6,98.6,105
1989,51369,-999,0,190.8,79.8,133.5
1990,51369,-999,0,216.9,54.5,84.2
1991,51369,-999,0,161.5,119.8,170.2
1992,51369,-999,0,70.2,207.8,141.2
1993,51369,-999,0,108.4,152.4,78.1
1994,51369,-999,0,258.3,97.4,78.6
1995,51369,-999,0,171.4,116.3,137.9
1996,51369,-999,0,173.3,120.8,120.5
1997,51369,-999,0,116,124.5,148.5
1998,51369,-999,0,80.2,148.5,133.9
1999,51369,-999,0,269.4,107.8,139.5
2000,51369,-999,0,93.3,109.3,118.5
2001,51369,-999,0,134.8,128.9,146.9
2002,51369,-999,0,205,91.7,128.4
2003,51369,-999,0,147.7,132.2,106.8
2004,51369,-999,0,119.4,72.6,95.9
2005,51369,-999,0,148.5,81.4,98.5
2006,51369,-999,0,193.1,132.1,117
2007,51369,-999,0,145.6,127.7,78.2
2008,51369,-999,0,166.2,103.7,172.2
2009,51369,-999,0,88.2,57,95.9
2010,51369,-999,0,194.2,125.5,133
2011,51369,-999,0,140.6,133.9,162.2
2012,51369,-999,0,88.6,188,172.3
2013,51369,-999,0,236,105.7,126.6
2014,51369,-999,0,142.2,125.7,171.1
2015,51369,-999,0,98.8,159.8,213.8
2016,51369,-999,0,18.9,56.2,56.1
2017,51369,-999,0,123.2,150.1,22.2
1981,51371,-999,0,197.7,74.8,104.1
1982,51371,-999,0,89,85.8,167.9
1983,51371,-999,0,135.4,71.6,176.7
1984,51371,-999,0,58,72.4,121
1985,51371,-999,0,222.9,86,82
1986,51371,-999,0,199.6,75.8,187.4
1987,51371,-999,0,169.9,126.4,146.6
1988,51371,-999,0,174.9,63.1,102.8
1989,51371,-999,0,188.1,59.5,138.3
1990,51371,-999,0,236.3,39.5,94.5
1991,51371,-999,0,136,84.5,150.7
1992,51371,-999,0,68,116.9,131.1
1993,51371,-999,0,113.3,142.1,72.9
1994,51371,-999,0,258.6,58.6,69.4
1995,51371,-999,0,172.9,122,174.4
1996,51371,-999,0,158.4,75.6,114.8
1997,51371,-999,0,72.1,90.7,135.3
1998,51371,-999,0,72.5,116.3,108.7
1999,51371,-999,0,245.9,84.1,171.4
2000,51371,-999,0,167.4,97.9,112.8
2001,51371,-999,0,160.7,98.1,164.9
2002,51371,-999,0,218,60.3,108.9
2003,51371,-999,0,131.1,84.6,88.1
2004,51371,-999,0,119.8,46.4,91.5
2005,51371,-999,0,166.8,56.8,96.2
2006,51371,-999,0,203.5,67.3,94.8
2007,51371,-999,0,196.4,111.7,89.2
2008,51371,-999,0,187.2,92.9,156.2
2009,51371,-999,0,98.5,55.2,76.8
2010,51371,-999,0,223.1,102.2,153.1
2011,51371,-999,0,149,98.7,153.5
2012,51371,-999,0,117,164.2,152.3
2013,51371,-999,0,191.9,72.9,95.6
2014,51371,-999,0,148.2,85.7,151.3
2015,51371,-999,0,105.5,138.5,209.5
2016,51371,-999,0,28.5,107.5,100.4
2017,51371,-999,0,82.9,153.7,41.9
1981,51372,-999,0,251.4,103.6,79.1
1982,51372,-999,0,76,119.4,154.4
1983,51372,-999,0,113.9,126,182
1984,51372,-999,0,53.3,108.9,112.9
1985,51372,-999,0,184.6,120.1,78.8
1986,51372,-999,0,130.7,96.1,151.7
1987,51372,-999,0,193,187.7,135.8
1988,51372,-999,0,182.4,100.6,107.9
1989,51372,-999,0,202.9,73,139.2
1990,51372,-999,0,238.6,69.8,84.3
1991,51372,-999,0,170,154.9,149.7
1992,51372,-999,0,92.7,174.9,169.4
1993,51372,-999,0,80.1,187.9,77.6
1994,51372,-999,0,248.9,118.4,93.3
1995,51372,-999,0,192.6,178.8,117.2
1996,51372,-999,0,179.4,115,120.5
1997,51372,-999,0,95,106.8,135.9
1998,51372,-999,0,75.4,152.8,143.4
1999,51372,-999,0,275,109,168.8
2000,51372,-999,0,120.7,119.7,134
2001,51372,-999,0,126.4,162,177.9
2002,51372,-999,0,186.4,88.4,120.7
2003,51372,-999,0,126.3,126.3,127.7
2004,51372,-999,0,120.9,70,70.6
2005,51372,-999,0,159.3,87.2,88.7
2006,51372,-999,0,204,108,103.1
2007,51372,-999,0,144.4,140.2,72.9
2008,51372,-999,0,207,112.7,156.8
2009,51372,-999,0,98.7,55.1,90.1
2010,51372,-999,0,194.8,129,138.8
2011,51372,-999,0,129.3,109.7,160.7
2012,51372,-999,0,111.2,208.3,165.6
2013,51372,-999,0,221.1,115.1,115.9
2014,51372,-999,0,153,125.3,125.7
2015,51372,-999,0,95.1,175.1,175.4
2016,51372,-999,0,36.8,85.7,108
2017,51372,-999,0,118.9,205.4,33.1
1981,51375,-999,0,262.7,73,100.1
1982,51375,-999,0,79.8,149.4,204.4
1983,51375,-999,0,87.7,112.8,170.9
1984,51375,-999,0,44.4,109.5,77.5
1985,51375,-999,0,209.9,92.8,69.1
1986,51375,-999,0,174.4,90.6,136.5
1987,51375,-999,0,178.5,135.4,151.4
1988,51375,-999,0,190.5,112.7,135.8
1989,51375,-999,0,176.6,91,147.4
1990,51375,-999,0,225.2,48.3,107.3
1991,51375,-999,0,161,117.1,193.1
1992,51375,-999,0,65.6,255.8,138.8
1993,51375,-999,0,126.3,150.2,82.9
1994,51375,-999,0,254.7,113.4,98.6
1995,51375,-999,0,157.2,137.5,167
1996,51375,-999,0,206.4,119.3,124.9
1997,51375,-999,0,120.6,146.1,163.5
1998,51375,-999,0,97.4,151.6,130
1999,51375,-999,0,258.8,112.9,147.5
2000,51375,-999,0,98.9,104.1,122.2
2001,51375,-999,0,148.7,130.8,138.7
2002,51375,-999,0,217.9,98.8,147.4
2003,51375,-999,0,152,166.2,105.6
2004,51375,-999,0,111.2,79.3,133.3
2005,51375,-999,0,146.9,87.6,111.8
2006,51375,-999,0,204.7,148.1,132.8
2007,51375,-999,0,179.7,114.4,110.9
2008,51375,-999,0,159.3,109.1,187.5
2009,51375,-999,0,91.7,66,100.1
2010,51375,-999,0,213.3,142.2,142
2011,51375,-999,0,149.2,150.1,186.6
2012,51375,-999,0,82.8,199.4,176.9
2013,51375,-999,0,213.3,103.5,133.1
2014,51375,-999,0,139.2,149,210.3
2015,51375,-999,0,102.4,186.6,246.9
2016,51375,-999,0,20.8,58.9,85.9
2017,51375,-999,0,103.4,127.3,17.8
1981,51378,-999,0,221.3,90.2,66.4
1982,51378,-999,0,59,96.9,126.6
1983,51378,-999,0,74.1,121.1,119.4
1984,51378,-999,0,42.4,80.2,98.4
1985,51378,-999,0,168,110.8,54.9
1986,51378,-999,0,82,96.6,111.6
1987,51378,-999,0,171.6,176.9,97.3
1988,51378,-999,0,159.8,95.6,101.2
1989,51378,-999,0,187.1,68.9,122.3
1990,51378,-999,0,213.4,62.9,76.8
1991,51378,-999,0,145.2,142.4,109.1
1992,51378,-999,0,86.9,133.1,143.9
1993,51378,-999,0,60.7,148.6,61.3
1994,51378,-999,0,192.8,116.7,72.8
1995,51378,-999,0,159.9,167,99.5
1996,51378,-999,0,149.3,105.9,99
1997,51378,-999,0,78.7,93.1,105.3
1998,51378,-999,0,59.1,136,124.1
1999,51378,-999,0,259.9,84.2,101.1
2000,51378,-999,0,96.5,88.5,111.2
2001,51378,-999,0,106.4,133,145.2
2002,51378,-999,0,146.1,77.1,102.1
2003,51378,-999,0,102.7,111.2,110.7
2004,51378,-999,0,127.5,67.4,57.3
2005,51378,-999,0,143.2,85.5,79
2006,51378,-999,0,183.5,82.3,74.5
2007,51378,-999,0,111,123,59.2
2008,51378,-999,0,190.9,89.9,124.1
2009,51378,-999,0,72.2,49.2,83.4
2010,51378,-999,0,190.1,103.2,122.4
2011,51378,-999,0,128.6,98.9,151.6
2012,51378,-999,0,99.7,150.3,144.6
2013,51378,-999,0,181.8,109.4,85.1
2014,51378,-999,0,135.3,114.3,104.1
2015,51378,-999,0,71.7,155,121.8
2016,51378,-999,0,52.8,68,123.4
2017,51378,-999,0,108.2,196.2,28.8
1981,51382,-999,0,201.4,90.8,57.9
1982,51382,-999,0,51,86.7,99.7
1983,51382,-999,0,46,129.7,142
1984,51382,-999,0,26.1,81.9,60.6
1985,51382,-999,0,139.2,102.8,48.4
1986,51382,-999,0,72.2,127.8,61.2
1987,51382,-999,0,108.4,174.7,50
1988,51382,-999,0,98.9,90.2,99.6
1989,51382,-999,0,138.1,81.2,99.2
1990,51382,-999,0,165.1,55.6,64.6
1991,51382,-999,0,112,144,86
1992,51382,-999,0,41.5,141.2,136.8
1993,51382,-999,0,24.9,127.5,51.9
1994,51382,-999,0,169.9,143.3,53.1
1995,51382,-999,0,150.1,122.1,110.3
1996,51382,-999,0,117.8,134.6,76.1
1997,51382,-999,0,76.8,111.8,123.1
1998,51382,-999,0,41.6,142.2,119.3
1999,51382,-999,0,209.3,83.6,110.7
2000,51382,-999,0,47.2,106.4,118.4
2001,51382,-999,0,115.4,164.2,128.4
2002,51382,-999,0,133.9,99.5,123.4
2003,51382,-999,0,102.7,124.2,97.2
2004,51382,-999,0,112.1,84.8,60.7
2005,51382,-999,0,113.2,113.4,86.3
2006,51382,-999,0,133.4,112.9,96
2007,51382,-999,0,62.8,162,66.8
2008,51382,-999,0,135.3,83.8,166.1
2009,51382,-999,0,53.1,54.4,98
2010,51382,-999,0,179,108.8,130.1
2011,51382,-999,0,132.1,140.9,123.5
2012,51382,-999,0,58,145.5,165.1
2013,51382,-999,0,172.6,143.6,109.9
2014,51382,-999,0,120.4,106.3,128.7
2015,51382,-999,0,54.7,144.1,122.3
2016,51382,-999,0,15.9,15.6,45.4
2017,51382,-999,0,200.4,144.8,21.8
1981,51385,-999,0,221.1,65.6,53.1
1982,51385,-999,0,61.6,57.4,126.7
1983,51385,-999,0,32,118.5,139.2
1984,51385,-999,0,24.6,60.2,55.4
1985,51385,-999,0,111.2,97.2,35.6
1986,51385,-999,0,77.8,99.8,59.6
1987,51385,-999,0,99.9,120.8,64.4
1988,51385,-999,0,74.9,94.8,112.7
1989,51385,-999,0,123.5,79.4,107.7
1990,51385,-999,0,117.9,50.2,77.7
1991,51385,-999,0,129.8,128.2,102.2
1992,51385,-999,0,43.6,107.7,134
1993,51385,-999,0,21.1,116.4,56.5
1994,51385,-999,0,94.1,129.3,64.3
1995,51385,-999,0,119.3,91.4,129.5
1996,51385,-999,0,152.9,138.1,65.1
1997,51385,-999,0,89.6,109.3,177.3
1998,51385,-999,0,28.8,127.6,129.9
1999,51385,-999,0,149.5,75.1,164.2
2000,51385,-999,0,31.3,77,129.7
2001,51385,-999,0,119.3,144.3,156.3
2002,51385,-999,0,104.4,90,117
2003,51385,-999,0,96.3,107.5,60.4
2004,51385,-999,0,99.9,74.3,108.3
2005,51385,-999,0,81.5,105.3,84.4
2006,51385,-999,0,107.8,81.1,150.4
2007,51385,-999,0,80.6,180.8,65.3
2008,51385,-999,0,114.8,82.8,191.7
2009,51385,-999,0,33.1,60.7,100
2010,51385,-999,0,168.2,98.6,125.8
2011,51385,-999,0,118.9,132.8,142
2012,51385,-999,0,43.6,108.1,176.6
2013,51385,-999,0,125.2,114.2,127.3
2014,51385,-999,0,89.2,86.3,173.2
2015,51385,-999,0,25.6,118.9,121.1
2016,51385,-999,0,8,26.5,63.6
2017,51385,-999,0,123.5,97.3,12.4
1981,51386,-999,0,161.5,69.9,61.7
1982,51386,-999,0,26.5,54,135.8
1983,51386,-999,0,33,91.5,93
1984,51386,-999,0,20.3,29.8,86
1985,51386,-999,0,113.2,78.3,43.9
1986,51386,-999,0,44.1,91.1,61.3
1987,51386,-999,0,53,134.3,36.4
1988,51386,-999,0,90.8,80.3,68.3
1989,51386,-999,0,82.7,47.1,104.1
1990,51386,-999,0,166.5,38.8,71.4
1991,51386,-999,0,104.4,84.1,58.7
1992,51386,-999,0,30.9,74,85.3
1993,51386,-999,0,32.6,81.7,38.3
1994,51386,-999,0,76.1,94.6,71.9
1995,51386,-999,0,122.3,79,129
1996,51386,-999,0,94.3,110.4,57.9
1997,51386,-999,0,52.7,77.3,138.1
1998,51386,-999,0,55.9,106.8,70
1999,51386,-999,0,141.5,41.7,58.5
2000,51386,-999,0,26.4,46.6,85.3
2001,51386,-999,0,130.2,91.3,86.3
2002,51386,-999,0,114.5,50.1,102.7
2003,51386,-999,0,61.9,71.6,87
2004,51386,-999,0,80,41.9,70.8
2005,51386,-999,0,87.5,63,66.6
2006,51386,-999,0,111.6,49.2,61.1
2007,51386,-999,0,44.6,97.6,75.5
2008,51386,-999,0,130.2,35.5,128.6
2009,51386,-999,0,34.9,31.5,84.4
2010,51386,-999,0,181.7,60.1,91.2
2011,51386,-999,0,99.8,112.3,120
2012,51386,-999,0,37.2,81.9,120.6
2013,51386,-999,0,128.9,84.4,57.9
2014,51386,-999,0,112.7,89.8,89.8
2015,51386,-999,0,41.5,77,95
2016,51386,-999,0,36.1,2.1,131.6
2017,51386,-999,0,72.1,90.3,21.2
1981,51391,-999,0,225.4,63.6,88.9
1982,51391,-999,0,51.2,80.9,113.5
1983,51391,-999,0,44.4,120.4,119.8
1984,51391,-999,0,21.2,98.6,48.3
1985,51391,-999,0,125.6,98.7,54.5
1986,51391,-999,0,81.9,86.7,71.7
1987,51391,-999,0,108.1,115.6,79.8
1988,51391,-999,0,69.4,105.7,137.4
1989,51391,-999,0,150.1,80.1,103.8
1990,51391,-999,0,113.2,64.2,89.6
1991,51391,-999,0,116.5,144.3,134.5
1992,51391,-999,0,46.3,158.7,152.4
1993,51391,-999,0,27.4,125.9,72
1994,51391,-999,0,81.7,133.2,80.3
1995,51391,-999,0,88.9,107,144.8
1996,51391,-999,0,144.1,108.5,68.2
1997,51391,-999,0,116.1,114.7,147.5
1998,51391,-999,0,30.3,123.6,155.5
1999,51391,-999,0,118.2,120.4,211.4
2000,51391,-999,0,23,78.3,168.4
2001,51391,-999,0,124.5,171.4,167.5
2002,51391,-999,0,104.1,105.9,139.6
2003,51391,-999,0,67.2,154,48.5
2004,51391,-999,0,76.6,77.7,117.1
2005,51391,-999,0,61.3,95.9,109.3
2006,51391,-999,0,100.9,82.3,141.5
2007,51391,-999,0,72.8,161.4,75.6
2008,51391,-999,0,77.2,112.2,176.8
2009,51391,-999,0,33.9,68.2,118.4
2010,51391,-999,0,136.4,119.3,145.9
2011,51391,-999,0,124.8,157.7,120.2
2012,51391,-999,0,37,139.3,172.4
2013,51391,-999,0,136,115.1,165.7
2014,51391,-999,0,91.8,115.3,222.1
2015,51391,-999,0,29.1,161.6,162.9
2016,51391,-999,0,9.7,32.7,75.9
2017,51391,-999,0,148.3,140.4,10.3
1981,51393,-999,0,216.8,71.6,50.9
1982,51393,-999,0,55.2,71.3,94.9
1983,51393,-999,0,41.9,115.6,131.1
1984,51393,-999,0,22.4,86.1,50.6
1985,51393,-999,0,122.3,97.2,40.8
1986,51393,-999,0,69.5,90.8,54.7
1987,51393,-999,0,106.1,126.6,57.2
1988,51393,-999,0,73.2,85.4,100.4
1989,51393,-999,0,123.4,86.7,84.8
1990,51393,-999,0,115.6,49.9,54.9
1991,51393,-999,0,115.7,136.6,85.5
1992,51393,-999,0,36.8,124.3,128
1993,51393,-999,0,23.2,120.7,42.4
1994,51393,-999,0,116.8,136.4,62.2
1995,51393,-999,0,129.4,102.2,103.4
1996,51393,-999,0,144.5,126.2,69.4
1997,51393,-999,0,90.2,113.1,136.2
1998,51393,-999,0,35,123.7,139.4
1999,51393,-999,0,165.3,87.3,146
2000,51393,-999,0,28.4,91.1,126.4
2001,51393,-999,0,116.2,159.4,150
2002,51393,-999,0,105.2,95.5,114.6
2003,51393,-999,0,83.8,129.4,67
2004,51393,-999,0,101,80.2,74.6
2005,51393,-999,0,86.2,100.8,76.4
2006,51393,-999,0,113.1,97.6,108
2007,51393,-999,0,64.6,160,64.7
2008,51393,-999,0,112.2,84.7,168.3
2009,51393,-999,0,38.8,61.1,95.7
2010,51393,-999,0,155.7,105.8,127.1
2011,51393,-999,0,127.3,142.9,116.3
2012,51393,-999,0,44.1,137.9,154.6
2013,51393,-999,0,151.2,123.8,125.3
2014,51393,-999,0,102.7,96.5,154.1
2015,51393,-999,0,34.3,121.5,110.6
2016,51393,-999,0,3.8,35.4,60
2017,51393,-999,0,156.6,133.7,14
1981,51395,-999,0,278.8,76.4,112.6
1982,51395,-999,0,57.2,113.9,172.5
1983,51395,-999,0,68.1,132.5,160.9
1984,51395,-999,0,27.3,127.9,70.4
1985,51395,-999,0,161.2,111.1,84.1
1986,51395,-999,0,98.2,84.2,115.5
1987,51395,-999,0,157.7,129.7,128.9
1988,51395,-999,0,94.2,115.2,168.1
1989,51395,-999,0,181.5,105.3,120
1990,51395,-999,0,170.2,71.7,108.6
1991,51395,-999,0,138.1,163.4,155.4
1992,51395,-999,0,54.2,213.8,152.8
1993,51395,-999,0,45.4,141.4,75.6
1994,51395,-999,0,136.2,154.3,114.4
1995,51395,-999,0,130.9,144.1,175.4
1996,51395,-999,0,178.2,113.7,114.8
1997,51395,-999,0,125,138.2,174.8
1998,51395,-999,0,52.7,130.7,195.9
1999,51395,-999,0,161.6,146.1,265
2000,51395,-999,0,41.2,104.3,186.6
2001,51395,-999,0,161.9,186.3,185.3
2002,51395,-999,0,141.1,123.2,195.7
2003,51395,-999,0,96.2,212.2,85.7
2004,51395,-999,0,90.3,99.2,126.5
2005,51395,-999,0,90.8,107.4,139.3
2006,51395,-999,0,145,118.3,147.9
2007,51395,-999,0,80.1,156.3,110.8
2008,51395,-999,0,107.5,122.4,185.2
2009,51395,-999,0,52.5,90.4,150.3
2010,51395,-999,0,160.7,144,193.2
2011,51395,-999,0,172,199.1,173.1
2012,51395,-999,0,43.4,182.9,212
2013,51395,-999,0,192.9,121.7,174.2
2014,51395,-999,0,124.1,152.4,244.6
2015,51395,-999,0,49.1,192.5,229.2
2016,51395,-999,0,11.1,58.8,72.6
2017,51395,-999,0,151.8,152.2,11.8
1981,51396,-999,0,258.2,64,121
1982,51396,-999,0,79.4,109,215.5
1983,51396,-999,0,81.7,130.3,170.2
1984,51396,-999,0,45,100.4,103.7
1985,51396,-999,0,188.6,77.4,80.3
1986,51396,-999,0,144.2,94.3,133
1987,51396,-999,0,171.7,115.3,152.6
1988,51396,-999,0,153.3,110.6,175.4
1989,51396,-999,0,173,96.7,153.7
1990,51396,-999,0,224.7,47.4,138.8
1991,51396,-999,0,150.2,107,206
1992,51396,-999,0,80.9,175.5,150
1993,51396,-999,0,101.8,137.4,91.1
1994,51396,-999,0,198.3,125,134
1995,51396,-999,0,146.9,136,202.3
1996,51396,-999,0,210.4,92,144.7
1997,51396,-999,0,116.5,124.6,199.2
1998,51396,-999,0,94.7,122,164.4
1999,51396,-999,0,234,100.1,197.8
2000,51396,-999,0,90.8,90.2,165.5
2001,51396,-999,0,162.3,140,156.3
2002,51396,-999,0,198.1,103.2,184.3
2003,51396,-999,0,135.5,192.6,121
2004,51396,-999,0,99.7,90.9,161.2
2005,51396,-999,0,126.9,97.5,136.8
2006,51396,-999,0,193.8,131.7,153.3
2007,51396,-999,0,154.2,110.5,141.8
2008,51396,-999,0,139.6,103.1,188
2009,51396,-999,0,81.1,66.4,131
2010,51396,-999,0,183.2,132.2,179.9
2011,51396,-999,0,165.9,149.3,210.1
2012,51396,-999,0,62.5,155.9,200.6
2013,51396,-999,0,201.4,93.1,148.1
2014,51396,-999,0,133.7,144,242
2015,51396,-999,0,92.5,190.5,275.9
2016,51396,-999,0,17.8,59.2,81
2017,51396,-999,0,113.5,120.6,16.5
1981,51398,-999,0,328.3,98.6,109.8
1982,51398,-999,0,68.3,174.1,219.7
1983,51398,-999,0,91.5,155.2,203.6
1984,51398,-999,0,38.6,178.7,78.8
1985,51398,-999,0,197.6,134.7,97.8
1986,51398,-999,0,139.3,96.6,143.3
1987,51398,-999,0,177.9,150.7,172.2
1988,51398,-999,0,150.7,132.7,159.3
1989,51398,-999,0,192.1,136.5,156.1
1990,51398,-999,0,235.2,75.1,100.4
1991,51398,-999,0,177.4,154.3,193.6
1992,51398,-999,0,61.7,310.5,160.2
1993,51398,-999,0,90,185.6,93.8
1994,51398,-999,0,244.3,166.7,109.9
1995,51398,-999,0,190.1,179.1,162.6
1996,51398,-999,0,217.2,152.7,140.5
1997,51398,-999,0,121.9,177.7,186.7
1998,51398,-999,0,88.7,184.2,207.7
1999,51398,-999,0,259.3,154,217.7
2000,51398,-999,0,74.5,140.3,170.7
2001,51398,-999,0,174,198.7,180.1
2002,51398,-999,0,204.1,138.5,194.3
2003,51398,-999,0,143.8,219.8,112.4
2004,51398,-999,0,124,112.4,113.4
2005,51398,-999,0,148.9,117.5,122.5
2006,51398,-999,0,218.8,176.1,137.6
2007,51398,-999,0,124.9,151.9,143.5
2008,51398,-999,0,159.1,133.8,207.8
2009,51398,-999,0,93.5,110.4,134
2010,51398,-999,0,219.2,171.3,201.9
2011,51398,-999,0,199.1,216.9,216.1
2012,51398,-999,0,64.6,253.3,225.8
2013,51398,-999,0,250.5,133.5,166.7
2014,51398,-999,0,140,187.7,235.3
2015,51398,-999,0,83.8,214,238.4
2016,51398,-999,0,11.7,76.9,113.5
2017,51398,-999,0,157.4,157,16.7
1981,51402,-999,0,319.1,98.1,96.2
1982,51402,-999,0,78.1,173.9,200.3
1983,51402,-999,0,91.2,133.1,210.2
1984,51402,-999,0,47.3,157.5,74.2
1985,51402,-999,0,193.7,137.5,96.2
1986,51402,-999,0,165.1,87.9,123.5
1987,51402,-999,0,174.4,154.4,149.7
1988,51402,-999,0,165.3,118,134.1
1989,51402,-999,0,200.1,117.8,164
1990,51402,-999,0,235.5,69.4,85.4
1991,51402,-999,0,184.1,139.6,197.4
1992,51402,-999,0,71,293.7,164
1993,51402,-999,0,107.7,185,90.9
1994,51402,-999,0,263.4,133.5,86.2
1995,51402,-999,0,193.6,156.1,148.1
1996,51402,-999,0,196.5,151.7,142.3
1997,51402,-999,0,123.9,169.4,176.3
1998,51402,-999,0,91.9,167,190.5
1999,51402,-999,0,292.6,131.9,180.5
2000,51402,-999,0,87.1,135.8,146.4
2001,51402,-999,0,157,168.4,181.6
2002,51402,-999,0,227.7,115.8,167.8
2003,51402,-999,0,155.3,164.2,113.3
2004,51402,-999,0,134.7,93.5,107.8
2005,51402,-999,0,161.6,98.6,119.5
2006,51402,-999,0,218.2,165.7,132.8
2007,51402,-999,0,144.9,141.2,121.7
2008,51402,-999,0,169.3,121.1,217.6
2009,51402,-999,0,99.1,88.1,118
2010,51402,-999,0,228.5,155.8,182.3
2011,51402,-999,0,175.9,186,213.5
2012,51402,-999,0,79.7,240.6,214.9
2013,51402,-999,0,266.6,126.2,158.3
2014,51402,-999,0,142.6,158.9,222.3
2015,51402,-999,0,97.5,184.1,238.7
2016,51402,-999,0,10.2,74.1,105.9
2017,51402,-999,0,149.3,170.1,19.7
1981,68769,-999,0,248.2,89.9,69.7
1982,68769,-999,0,66.8,115.6,124.5
1983,68769,-999,0,61.2,128.8,178.7
1984,68769,-999,0,27.6,125.2,61.3
1985,68769,-999,0,144.9,123.2,69.6
1986,68769,-999,0,101.7,98.9,69.1
1987,68769,-999,0,130.5,157.8,71.1
1988,68769,-999,0,101.1,93.5,106.7
1989,68769,-999,0,146.8,104.6,115.9
1990,68769,-999,0,154.7,59.4,64.9
1991,68769,-999,0,129,154,118.3
1992,68769,-999,0,45.1,187.8,152
1993,68769,-999,0,42.6,156.9,61
1994,68769,-999,0,188.9,143.5,63.2
1995,68769,-999,0,180.5,130.6,110.5
1996,68769,-999,0,135.2,136.2,102.4
1997,68769,-999,0,92.8,140.9,158.3
1998,68769,-999,0,54.7,149.5,164.2
1999,68769,-999,0,237.8,100.8,159
2000,68769,-999,0,52.7,125.3,140
2001,68769,-999,0,122.6,177.7,169.2
2002,68769,-999,0,150.4,108.3,133.2
2003,68769,-999,0,115.7,138.4,107.3
2004,68769,-999,0,124.1,95.6,70.8
2005,68769,-999,0,129.2,103.7,97.9
2006,68769,-999,0,146.5,147.8,118.1
2007,68769,-999,0,82.1,159.2,82.6
2008,68769,-999,0,145.2,101.7,185.5
2009,68769,-999,0,64.8,72.7,107.5
2010,68769,-999,0,169,125.5,158.1
2011,68769,-999,0,137.8,161.5,148.9
2012,68769,-999,0,56.2,187.7,182.7
2013,68769,-999,0,205.2,132.3,131.2
2014,68769,-999,0,121.2,117.4,175.1
2015,68769,-999,0,62.8,151.5,160.1
2016,68769,-999,0,8.4,43.6,54
2017,68769,-999,0,152.1,157.1,18.3
