Town,JAN,FEB,MAR,APR,MAY,JUNE,JULY,AUG,SEP,OCT,NOV                   ,DEC,year
Kiambu,40.0,50.0,-,-,-,-,-,-,-,-,-,-,2017
Limuru,40.0,50.0,-,-,-,-,-,-,-,-,-,-,2017
Thika,45.0,55.0,-,-,-,-,-,47.5,40.0,-,-,-,2017
Kutus,40.3,50.8,51.1,-,-,-,-,-,-,-,-,-,2017
Sagana,45.5,-,-,-,-,-,-,-,-,-,-,-,2017
Kerugoya,43.2,50.5,53.4,-,-,-,-,-,-,-,-,-,2017
Githumu,44.1,47.6,50.0,57.1,61.0,61.9,60.3,-,-,-,-,-,2017
Muthithi,-,-,45.2,-,-,-,-,-,-,-,-,-,2017
Makuyu,44.8,47.6,50.8,-,-,-,-,45.0,40.0,-,-,-,2017
Kiriaini,-,-,55.0,60.0,-,-,-,-,-,-,-,-,2017
Ol Kalou,45.0,50.0,50.0,48.8,50.0,64.0,65.0,-,-,-,-,-,2017
Ndaragwa,-,48.8,40.9,45.2,45.2,-,62.3,-,-,-,-,-,2017
Nyeri,22.4,25.0,23.8,27.8,32.5,35.0,-,-,-,-,-,-,2017
Endarasha,22.7,23.7,30.8,28.0,30.4,31.0,-,55.6,63.0,68.6,55.6,,2017
Karatina,22.0,21.4,20.2,22.6,28.8,-,-,44.4,51.3,62.2,44.4,,2017
Gakindu,23.4,24.2,26.5,28.8,30.0,30.0,-,50.0,50.0,50.0,,,2017
Nanyuki,44.1,54.3,53.2,61.6,67.5,66.7,65.7,60.0,52.5,50.0,,,2017
Nyahururu,35.7,44.9,46.2,53.8,60.3,76.4,72.4,,,,,,2017
Ukunda,42.8,43.0,43.0,46.3,57.5,55.0,52.0,,,,,,2017
Kwale,44.2,42.5,42.5,46.8,62.0,56.7,58.7,,,,,,2017
Wundanyi,40.0,45.0,45.0,-,-,-,-,,,,,,2017
Voi,41.3,42.5,45.0,-,-,-,50.0,90.0,58.3,,,,2017
Mwatate,40.7,44.0,46.0,-,-,-,-,,,,,,2017
Mwembe Tayari,46.0,43.8,50.0,62.5,82.0,82.5,66.3,67.5,,,,,2017
Majengo,50.0,46.3,50.0,62.5,90.0,82.5,62.5,,,,,,2017
Sega,48.0,47.5,51.3,63.8,96.7,75.0,60.0,50.0,45.0,45.0,,,2017
Kongowea,46.0,48.8,53.8,56.3,58.0,60.0,56.3,50.0,53.1,50.3,,,2017
Hola,48.0,37.5,48.3,67.5,47.5,58.0,50.0,43.2,36.4,36.4,,,2017
Bura Tana,42.0,35.0,50.0,50.0,50.0,50.0,50.0,45.5,43.6,40.9,,,2017
Runyenjes,44.3,45.5,45.5,45.5,45.5,52.5,45.5,54.6,46.6,36.4,,,2017
Embu Town,43.2,45.5,45.5,48.5,54.6,54.6,47.7,,,,,,2017
Siakago,40.9,-,45.5,-,-,-,-,,,,,,2017
Tharaka,40.9,43.2,45.5,45.5,45.5,50.0,45.5,,,40.0,,,2017
Mwingi,-,45.0,-,-,-,-,-,,,,,,2017
Migwaini,-,-,-,-,-,-,50.0,50.0,46.7,40.0,,,2017
Kalundu,43.0,43.7,50.0,50.0,-,-,50.0,,,,,,2017
Machakos Town,44.0,48.3,-,52.5,-,63.1,60.0,50.0,50.0,,,,2017
Tawa,41.7,45.0,45.0,47.6,50.5,53.4,51.0,,38.9,38.9,,,2017
Tala,40.0,43.0,-,42.0,-,-,-,51.9,41.7,44.4,44.4,,2017
Maua,53.0,66.7,66.7,-,-,-,-,56.1,,,,,2017
Kianjai,-,-,-,-,-,-,47.8,,,,,,2017
Gakoromere,48.3,55.6,47.9,50.0,51.1,54.5,53.7,50.0,40.0,,,,2017
Chuka Town,49.4,51.4,-,-,-,-,-,,,60.0,,,2017
Kathwana,41.7,25.3,55.6,53.7,-,-,-,46.3,57.5,70.0,,,2017
Wote,41.7,44.8,45.0,46.4,52.4,59.0,54.0,,,,37.5,,2017
Kibirigo,-,-,-,-,-,-,40.3,,,,,,2017
Riochanda,-,-,-,-,-,-,43.1,,,,,,2017
Nyabite,-,-,-,-,-,-,45.8,,,,,,2017
Bondo,41.9,44.7,50.1,50.1,-,-,-,,,,,,2017
Siaya,-,-,51.5,53.7,-,-,-,,,,,,2017
Ngiya,37.2,41.4,52.7,-,-,-,-,,,,,,2017
Unguja,41.9,42.8,51.7,50.1,-,-,-,,,,,,2017
Turkana,54.6,58.0,51.1,-,-,-,-,,38.5,58.6,58.3,,2017
Kabarnet,40.3,41.3,43.3,-,-,66.7,66.7,,,,,,2017
Kimulot,39.1,44.0,56.0,52.0,57.0,60.0,52.0,,,44.0,,,2017
Muthurwa Narok,38.0,47.0,54.0,56.0,56.0,53.9,55.7,62.5,60.0,,,,2017
Nakuru Town,37.2,55.3,60.0,61.5,63.3,66.0,66.7,,50.0,39.9,27.6,,2017
Kitale,33.3,33.3,38.9,49.0,54.2,57.3,48.0,,,39.6,29.1,,2017
Eldoret,32.0,32.0,38.0,40.0,48.0,53.0,50.0,,40.1,32.4,29.2,,2017
Burn Forest,35.0,35.0,41.3,50.0,60.6,58.6,52.2,45.0,45.0,37.2,,,2017
Turbo,28.0,31.5,32.0,37.0,49.0,52.0,48.0,34.8,31.8,30.9,,,2017
Kipkaren,30.8,32.7,32.0,39.0,50.0,54.0,45.5,32.6,32.9,29.8,,,2017
Iten,33.4,40.3,41.4,65.3,51.3,57.2,50.0,32.6,35.3,30.9,,,2017
Kajiado,47.5,50.0,-,50.0,61.7,60.0,-,41.4,38.9,32.5,,,2017
Kapkateny,-,-,-,-,-,66.7,-,,50.0,48.4,42.0,,2017
Bungoma Town,35.5,-,-,-,-,-,-,,,,,,2017
Kimilili,33.0,-,-,-,-,-,-,,,,,,2017
Kapsokwony,34.2,-,-,-,-,-,-,,,,,,2017
Butere,34.7,38.0,40.0,-,-,-,-,,,,,,2017
Kakamega,41.9,50.0,50.0,-,-,-,-,29.0,29.6,31.3,,,2017
Mumias,34.8,37.0,40.0,-,-,-,-,35.0,33.8,37.5,,,2017
Mundeta,-,-,-,57.1,57.1,58.3,-,28.0,27.8,30.2,,,2017
Cheptula,37.6,42.3,46.9,57.1,57.1,55.6,57.1,44.5,42.9,33.3,,,2017
Mbale,40.0,47.5,50.0,52.5,56.6,59.5,57.1,41.3,33.3,33.3,,,2017
Muthurwa,50.0,54.6,55.0,52.4,50.0,52.4,65.0,47.6,42.9,38.1,,,2017
Kawangware,47.6,47.6,47.6,47.6,47.6,47.6,68.2,64.3,59.8,59.9,52.3,,2017
Burma,50.0,50.0,60.0,65.0,65.0,60.0,70.0,65.0,62.7,60.3,52.5,,2017
Gikomba,47.6,54.6,52.4,52.4,65.0,50.0,65.0,65.0,60.0,60.0,50.0,,2017
Kangemi,50.0,47.5,50.0,47.5,54.6,59.3,55.0,62.5,60.0,58.7,50.0,,2017
Korokocho,45.0,47.6,47.6,50.0,50.0,55.0,65.0,56.1,55.0,53.8,50.0,,2017
Toi,47.6,50.0,57.1,63.6,61.9,68.2,71.4,62.5,61.1,53.5,,,2017
Kiambu,-,,35.0,35.0,35.0,35.0,,,40.0,40.0,40.0,40.0,2016
Limuru,,,35.0,35.0,35.0,35.0,,,40.0,38.8,40.0,40.0,2016
Thika,-,45.0,45.0,,,40.0,40.0,40.0,40.0,40.0,40.0,-,2016
Gatundu,-,-,44.2,45.0,45.0,45.0,30.0,36.3,35.0,35.0,-,-,2016
Kutus,32.4,24.0,23.7,25.4,25.0,29.2,33.3,32.0,32.0,36.0,35.7,37.5,2016
Sagana,29.0,26.4,42.3,51.2,22.8,31.8,39.1,33.3,29.1,33.4,38.1,41.3,2016
Kerugoya,34.6,33.3,28.2,27.7,22.5,33.4,38.1,51.1,30.4,35.6,38.2,40.9,2016
Muthithi,22.7,22.7,22.7,23.9,24.1,25.0,26.1,31.8,32.4,34.1,34.1,35.0,2016
Makuyu,28.6,28.6,28.0,23.8,26.2,-,-,-,-,,37.3,38.1,2016
Kiriaini,32.5,35.0,34.4,35.0,,-,-,-,-,37.5,37.0,37.9,2016
Ol  Kalou,-,-,-,-,-,-,-,47.6,50.0,50.0,45.0,45.0,2016
Ndaragwa,-,-,-,-,-,-,-,-,33.3,40.0,40.5,-,2016
Nyeri,31.8,33.8,38.0,35.8,31.5,32.2,39.5,40.0,40.0,36.3,40.0,40.0,2016
Endarasha,38.1,35.7,,,,30.0,30.1,35.0,35.0,35.0,35.0,35.0,2016
Karatina,34.2,35.0,33.8,32.5,30.1,24.4,31.3,34.2,33.4,31.9,30.0,30.0,2016
Gakindu,33.4,34.6,37.0,36.0,30.0,46.7,38.3,38.5,35.0,38.8,40.0,40.0,2016
Nanyuki,40.4,38.8,38.5,38.5,38.0,38.3,30.7,33.4,38.6,44.4,44.7,48.2,2016
Nyahururu,22.7,24.2,25.0,27.3,28.6,28.6,28.0,32.2,31.8,34.9,31.8,31.8,2016
Ukunda,40.0,40.0,40.0,40.0,39.9,40.9,40.9,41.5,41.0,41.0,40.0,40.0,2016
Kwale,39.0,39.3,38.0,38.6,38.4,38.5,42.0,42.0,42.0,41.4,41.8,40.0,2016
Wundanyi,-,-,-,-,-,-,-,35.4,35.7,36.0,37.0,-,2016
Voi,-,-,-,-,-,-,-,33.7,37.5,37.0,38.0,38.0,2016
Mwatate,-,-,-,-,-,-,-,34.2,34.5,35.3,35.0,,2016
Mpeketoni,32.5,30.0,,,,30.0,30.0,30.0,31.3,33.3,33.8,40.0,2016
Mkunguni,50.0,-,-,-,-,50.0,50.0,50.0,50.0,50.0,50.0,50.0,2016
Mokowe,-,-,-,-,-,-,-,-,-,50.0,50.0,50.0,2016
Mwembe  Tayari,43.0,40.0,40.0,40.0,40.0,40.0,40.0,40.0,41.7,40.0,40.0,40.0,2016
Majengo,40.0,40.0,40.0,40.0,39.2,40.0,40.0,40.0,40.0,40.0,40.0,40.0,2016
Sega,41.0,40.0,40.0,40.0,40.8,40.0,40.0,40.0,40.0,40.0,40.0,40.0,2016
Kongowea,34.8,35.0,35.5,37.0,39.2,40.0,40.0,39.3,38.5,39.0,40.0,40.0,2016
Hola,37.5,38.3,40.0,-,-,-,50.0,35.0,35.0,40.0,38.8,40.0,2016
Garsen,-,-,-,-,-,-,-,-,-,40.0,-,-,2016
Bura  Tana,45.0,40.0,42.5,-,-,-,45.0,40.7,33.3,40.0,45.0,45.0,2016
Runyenjes,27.3,32.1,24.2,36.4,48.0,24.2,22.7,24.2,27.5,29.7,33.1,36.4,2016
Embu  Town,27.3,27.3,22.7,22.7,-,26.1,28.8,31.8,29.1,31.8,33.0,36.4,2016
Siakago,29.9,27.8,22.3,27.3,-,27.3,26.1,28.4,24.1,31.8,33.3,33.0,2016
Mwingi,30.0,30.0,29.0,30.0,-,-,-,-,30.0,33.3,35.0,35.0,2016
Kalundu,30.0,-,-,-,-,30.0,30.0,35.0,32.8,,35.0,35.0,2016
Machakos  Town,35.0,35.0,35.0,30.0,34.6,30.0,30.0,31.3,35.0,42.0,35.0,35.0,2016
Tawa,30.2,29.5,29.0,25.0,27.8,30.0,27.7,29.5,30.0,29.8,32.5,35.0,2016
Tala,32.0,32.0,32.0,25.0,26.3,27.0,26.0,30.5,30.0,31.0,35.0,-,2016
Maua,-,-,-,-,-,-,-,-,-,44.4,45.2,-,2016
Kianjai,-,21.1,20.6,22.2,,27.8,27.8,27.8,27.8,34.6,38.9,-,2016
Gakoromere,33.3,33.3,24.4,22.2,24.1,27.8,33.3,33.3,33.3,35.3,38.9,38.9,2016
Chuka  Town,47.0,36.1,31.3,34.9,30.0,34.0,34.9,31.7,31.0,35.4,34.9,,2016
Kathwana,-,-,33.3,30.6,-,-,32.8,34.8,29.6,33.1,35.3,39.0,2016
Wote,30.0,30.0,29.3,25.0,27.8,28.0,28.2,28.6,-,30.8,33.0,-,2016
Marsabit,39.3,38.0,34.8,35.5,40.0,37.7,37.2,37.0,36.0,39.3,40.0,38.0,2016
Kibuye,30.5,32.6,30.4,31.9,33.3,35.2,35.1,30.0,34.1,34.0,34.6,37.1,2016
Ahero,31.4,31.1,29.8,29.6,29.9,32.3,35.2,33.5,34.6,36.3,37.2,39.3,2016
Kiboswa,31.5,33.0,33.0,30.8,32.0,33.6,33.6,33.2,38.7,45.1,35.6,36.8,2016
Sondu,30.7,30.8,30.0,30.1,,34.6,33.7,34.8,34.4,37.4,38.6,38.1,2016
Bondo,27.4,28.4,30.1,31.8,31.8,32.9,37.5,-,-,-,-,-,2016
Akala,-,-,-,-,-,-,-,34.7,36.4,38.3,37.1,-,2016
Siaya,27.1,27.3,30.3,31.6,31.8,32.0,34.2,33.2,39.7,39.9,37.6,-,2016
Ngiya,31.5,27.3,31.9,31.6,30.7,32.7,33.7,31.8,34.7,36.8,35.1,33.5,2016
Unguja,30.5,30.5,31.2,,,33.4,35.3,35.4,33.2,36.7,35.6,-,2016
Kegonga,35.9,31.3,30.4,37.0,34.8,37.0,37.0,30.4,31.5,43.5,43.5,47.8,2016
Homabay,27.8,26.9,27.5,27.9,28.1,32.0,-,-,32.0,34.1,36.1,36.2,2016
Oyugis,24.3,24.1,24.6,27.7,-,32.0,-,-,26.4,32.4,36.7,37.5,2016
Kehacha,34.8,30.4,28.3,-,28.3,26.1,25.0,26.1,34.8,-,39.1,43.5,2016
Migori,34.8,,28.3,30.4,33.7,34.8,26.1,23.1,26.1,34.8,39.1,43.5,2016
Turkana,,,,,,,,37.4,53.5,43.2,45.5,,2016
Kabarnet,,,,,,34.1,,42.8,-,-,-,-,2016
Kimulot,,,26.0,,,32.0,32.5,36.0,32.0,32.0,-,-,2016
Sotik,-,-,-,-,,32.0,32.4,32.8,33.0,36.0,-,-,2016
Fort  Ternan,-,-,-,-,,,,,30.0,30.0,-,-,2016
Bomet,-,-,-,-,36.0,36.0,36.0,36.0,36.0,34.7,-,-,2016
Muthurwa  Narok,36.0,36.0,38.0,35.0,32.0,36.0,33.8,33.0,32.0,34.0,32.0,,2016
Nakuru  Town,60.0,62.5,62.5,50.0,50.9,57.5,60.0,60.0,48.9,47.5,44.3,34.3,2016
Mulot,29.5,-,-,-,33.9,35.1,33.6,33.1,-,-,-,-,2016
Kitale,-,-,-,-,-,-,35.6,36.1,35.4,32.1,31.3,30.2,2016
Kapenguria,-,-,28.0,28.0,28.0,32.0,-,-,-,-,-,-,2016
Eldoret,24.0,27.0,27.5,28.0,32.0,32.0,32.0,32.0,32.0,32.0,32.0,32.0,2016
Burn  Forest,31.0,31.3,35.0,35.0,35.0,35.0,35.0,35.7,40.0,46.3,33.8,35.0,2016
Turbo,25.0,26.9,30.0,32.5,35.0,35.0,35.0,37.1,37.5,34.0,28.8,29.4,2016
Kipkaren,25.0,26.9,30.0,32.5,35.0,35.0,35.0,37.9,40.0,34.0,30.5,29.4,2016
Iten,24.0,24.8,28.9,26.1,29.4,34.1,34.9,34.5,32.7,34.1,-,27.2,2016
Kajiado,50.0,40.0,50.0,50.0,47.3,46.7,44.0,42.5,50.0,45.0,50.0,-,2016
Bungoma  Town,27.0,24.0,27.0,27.6,29.2,35.6,36.4,30.3,30.1,28.9,32.4,34.4,2016
Kimilili,-,-,-,-,-,-,35.1,30.3,,21.8,26.5,,2016
Kapsokwony,-,-,-,-,-,-,-,-,35.2,25.7,26.8,28.3,2016
Bumala,35.7,35.7,35.7,35.7,35.7,33.3,41.4,45.2,40.5,40.5,40.5,40.5,2016
Busia  Town,35.7,38.1,38.1,38.1,38.1,42.9,41.7,39.3,36.9,40.5,40.5,40.5,2016
Butere,27.7,30.7,31.8,43.2,35.0,40.6,33.9,21.3,23.1,28.3,31.8,38.6,2016
Kakamega,33.2,40.0,40.0,37.5,38.8,40.0,40.6,38.3,32.5,34.4,35.0,40.8,2016
Mumias,28.3,31.8,30.7,30.7,37.5,40.0,39.1,31.0,24.0,26.0,29.5,32.0,2016
Mundeta,26.2,26.2,27.4,27.8,31.0,35.7,34.3,32.1,31.0,34.9,32.7,33.3,2016
Cheptula,28.6,26.2,,31.0,33.3,35.7,37.0,35.7,34.5,32.1,34.9,35.7,2016
Mbale,25.4,30.2,27.7,30.0,33.9,-,-,35.0,35.0,32.5,-,-,2016
Muthurwa,40.9,42.9,42.5,40.9,42.9,45.0,42.9,42.9,45.5,42.9,45.5,47.6,2016
Kawangware,45.5,42.9,42.9,42.9,45.2,47.5,45.2,43.2,45.2,45.3,,47.6,2016
Burma,45.0,45.0,41.7,41.7,41.7,50.0,45.0,45.0,45.0,50.0,50.0,50.0,2016
Gikomba,36.4,45.2,42.9,42.9,42.9,42.9,40.9,40.0,42.9,43.2,45.2,45.5,2016
Kangemi,42.9,45.0,45.5,45.0,42.9,45.0,42.9,42.9,47.6,45.0,45.2,45.2,2016
Korokocho,37.5,42.9,40.9,42.9,40.9,42.5,42.9,40.9,42.9,45.0,42.9,42.9,2016
Toi,45.0,42.9,42.9,42.5,40.9,42.9,42.9,42.5,42.9,45.0,42.9,45.0,2016
"Kiambu",40.0,40.0,40.0,40.0,40.0,40.0,40.0,-,-,-,-,-,2015
Limuru,40.0,40.0,40.0,40.0,40.0,40.0,40.0,-,-,-,-,-,2015
Thika,50.0,49.4,42.5,50.0,50.0,-,50.0,-,44.3,-,-,-,2015
Gatundu,43.8,43.8,-,-,-,-,-,-,40.0,-,-,-,2015
Kutus,33.0,28.6,-,29.7,32.0,34.2,30.1,30.7,24.3,28.6,28.6,29.2,2015
Sagana,32.0,31.1,-,32.0,36.4,38.0,30.6,24.1,31.8,28.4,33.2,36.4,2015
Kerugoya,32.5,31.5,-,34.8,34.8,36.2,32.6,37.1,29.9,29.8,29.2,31.5,2015
Muthithi,30.5,-,31.8,32.4,36.4,31.8,32.7,-,25.6,25.0,-,-,2015
Makuyu,33.3,33.3,33.3,34.5,-,34.8,33.3,35.2,33.3,39.4,29.4,28.6,2015
Kiriaini,-,35.0,35.0,37.1,40.0,40.0,37.5,36.3,35.6,32.6,32.5,-,2015
Engineer,40.0,40.0,40.0,40.0,40.0,-,-,-,-,-,-,-,2015
Nyeri,39.6,38.9,42.7,41.4,49.4,48.8,43.9,52.5,47.6,-,-,-,2015
Endarasha,41.0,42.9,37.4,41.6,43.8,,36.7,38.9,35.8,-,-,-,2015
Karatina,34.2,35.5,37.6,43.7,40.3,39.1,38.5,39.3,43.0,45.0,-,-,2015
Gakindu,-,35.6,33.3,33.0,38.6,37.8,,37.2,33.1,34.3,35.0,,2015
Nanyuki,44.6,36.2,37.5,47.2,48.9,43.0,45.8,46.1,43.1,44.4,44.3,33.5,2015
Nyahururu,32.6,29.6,27.3,36.4,34.9,31.8,31.8,31.8,30.5,30.0,25.0,27.3,2015
Kaloleni,35.0,-,-,-,-,-,-,-,-,-,-,-,2015
Malindi,31.5,30.0,34.0,37.0,-,-,-,-,-,-,-,-,2015
Kibauni Kilifi,40.0,45.0,45.0,43.8,45.0,-,-,-,-,-,-,-,2015
Ukunda,30.0,30.0,32.0,43.3,45.0,42.5,38.0,45.0,40.0,40.7,40.3,39.4,2015
Kwale,40.0,38.9,38.8,40.0,31.1,30.0,30.0,32.5,-,38.9,36.3,38.5,2015
Mpeketoni,-,-,-,-,-,-,-,-,-,40.0,-,-,2015
Mkunguni,-,60.0,55.0,50.0,56.3,-,-,50.0,50.0,50.0,50.0,-,2015
Mwembe Tayari,45.0,41.8,43.3,41.8,42.5,50.0,45.0,47.5,46.3,56.0,61.7,-,2015
Majengo,38.0,41.3,45.0,40.0,42.4,45.0,42.8,41.0,45.0,42.8,40.0,-,2015
Sega,38.3,35.0,37.5,43.8,40.0,-,40.2,45.0,45.0,45.0,45.0,-,2015
Kongowea,34.4,30.0,30.0,54.3,38.0,-,40.0,39.7,40.0,38.0,37.0,-,2015
Hola,-,-,-,-,-,50.0,37.5,35.0,-,50.0,-,35.0,2015
Garsen,-,-,-,-,-,40.0,40.0,-,40.0,-,-,-,2015
Bura Tana,-,-,-,-,-,40.0,35.0,-,35.0,35.0,-,30.0,2015
Runyenjes,33.0,31.8,27.8,27.8,32.7,32.8,31.8,30.9,25.0,23.9,27.3,27.3,2015
Embu Town,32.7,30.3,29.0,31.3,36.4,34.1,33.0,30.0,27.3,27.3,22.7,22.7,2015
Siakago,33.3,33.3,31.8,31.8,36.4,35.1,33.1,29.0,24.7,27.3,27.3,29.6,2015
Mwingi,27.4,27.3,27.0,30.3,34.2,34.6,35.9,31.7,30.0,30.0,-,30.0,2015
Kalundu,28.0,27.0,27.0,33.0,34.8,33.0,36.3,35.0,30.0,30.0,30.0,30.0,2015
Machakos Town,32.5,30.0,30.8,40.8,35.0,36.3,40.0,36.5,35.0,35.0,35.0,40.0,2015
Tawa,28.7,30.0,26.0,30.7,33.1,30.0,30.0,-,33.1,32.4,32.5,33.0,2015
Tala,28.0,26.9,26.5,26.4,33.0,32.2,34.3,35.0,35.0,35.0,35.0,34.0,2015
Maua,30.0,30.0,30.6,36.3,36.0,35.0,35.0,35.0,35.0,35.0,35.0,-,2015
Kianjai,33.3,29.3,29.5,33.3,33.3,34.2,33.3,33.3,33.3,33.3,33.3,-,2015
Gakoromere,33.3,31.3,27.8,28.5,33.3,33.3,34.3,37.5,37.0,33.3,33.3,-,2015
Chuka Town,39.1,42.0,37.8,34.8,37.9,45.5,41.4,-,-,-,-,-,2015
Kaanwa,30.5,-,-,-,-,-,-,-,-,-,-,-,2015
"Wote
Wajir Town",28.1,27.8,28.5,34.0,34.3,34.8,-,-,34.5,32.8,32.5,32.5,2015
Marsabit,41.8,41.8,38.0,38.5,40.2,43.0,36.4,38.5,38.5,40.0,35.5,37.3,2015
Daraja Mbili,31.3,28.4,27.4,32.6,36.4,36.4,-,34.1,31.8,34.1,-,-,2015
Kibirigo,27.2,27.1,32.3,37.5,-,-,-,-,-,-,-,-,2015
Nyangusu,27.3,27.3,27.3,34.1,36.0,38.0,39.1,39.1,30.4,21.7,-,-,2015
Riochanda,22.8,27.2,29.4,-,-,-,-,-,-,-,-,-,2015
Nyabite,31.9,26.0,32.0,35.4,-,-,-,-,-,-,-,-,2015
Mogonga,36.4,27.3,27.3,34.1,38.2,-,-,-,-,-,-,-,2015
Igare,35.6,28.1,35.6,36.9,37.5,38.6,43.5,43.5,28.3,26.1,-,-,2015
Kibuye,30.2,27.2,28.9,31.1,35.2,35.4,35.1,30.5,30.1,30.8,-,-,2015
Ahero,-,25.3,29.5,32.9,34.2,34.1,33.4,30.9,29.5,29.3,-,-,2015
Kiboswa,32.2,28.9,29.6,30.9,33.8,-,37.5,30.8,30.8,30.3,-,-,2015
Sondu,-,25.7,30.1,33.5,33.5,35.4,34.5,29.3,29.2,28.9,-,-,2015
Bondo,27.7,22.9,30.2,31.5,36.6,34.7,34.0,29.3,27.4,-,-,-,2015
Siaya,27.2,-,-,-,-,-,33.2,29.8,-,-,-,-,2015
Ngiya,-,23.9,-,-,-,-,34.7,27.5,-,-,-,-,2015
Unguja,26.4,-,-,-,-,-,35.4,27.6,-,-,-,-,2015
Kegonga,25.4,20.8,24.2,31.3,31.7,34.8,37.0,32.5,37.0,-,-,-,2015
Homabay,28.0,31.0,31.3,36.6,-,32.4,35.3,-,-,-,-,-,2015
Oyugis,27.2,28.5,30.7,33.3,34.8,33.2,35.4,-,-,-,-,-,2015
Kehacha,24.0,24.0,24.0,32.0,32.0,-,32.0,32.0,-,32.0,-,-,2015
Migori,24.0,28.0,32.0,32.0,32.0,-,28.3,30.4,30.4,-,-,-,2015
Kabarnet,27.8,27.8,33.3,38.9,38.9,38.9,38.9,-,-,-,-,-,2015
Kimulot,-,27.5,31.3,36.0,34.0,-,38.4,37.5,-,-,-,-,2015
Sotik,-,29.1,31.5,36.0,36.0,-,42.7,36.0,32.0,-,-,-,2015
Bomet,-,30.8,31.0,-,36.4,-,36.0,36.0,-,-,-,-,2015
Muthurwa Narok,29.0,32.5,36.5,40.0,36.5,39.0,3.0,38.0,33.8,32.5,-,-,2015
Nakuru Town,40.0,47.5,47.2,48.8,51.4,50.0,49.1,46.4,47.5,52.5,-,-,2015
Kapsabet,30.4,29.4,30.4,30.4,37.0,39.1,39.1,43.5,43.5,-,-,-,2015
Mulot,-,-,-,-,-,-,-,35.0,-,-,-,-,2015
Kitale,22.9,22.9,22.9,29.2,-,-,-,-,-,-,-,-,2015
Eldoret,30.0,27.0,27.5,30.0,31.8,36.6,32.0,32.0,32.0,32.0,24.5,24.0,2015
Burn Forest,31.0,30.6,35.0,35.6,35.0,35.0,34.6,35.0,35.0,34.7,30.0,30.0,2015
Turbo,20.0,22.0,24.0,31.6,35.0,35.0,35.0,36.7,30.0,28.3,28.1,25.0,2015
Kipkaren,20.0,21.5,24.0,32.1,35.0,35.0,35.0,37.5,30.0,30.0,26.3,25.0,2015
Iten,30.9,30.0,30.0,33.8,35.7,35.0,31.0,33.4,33.8,29.6,26.7,24.0,2015
Kajiado,40.0,40.0,40.0,40.0,40.0,40.0,43.0,-,46.3,45.0,45.0,50.0,2015
Bungoma Town,28.6,27.1,29.0,34.3,34.3,33.3,37.0,32.5,25.1,24.6,24.3,25.4,2015
Kimilili,-,23.9,26.2,-,-,-,-,24.0,22.8,-,20.2,-,2015
Kapsokwony,22.0,22.0,24.4,20.4,-,-,-,26.5,25.3,-,21.1,20.6,2015
Bumala,26.7,27.4,30.2,31.0,33.9,36.1,36.5,25.5,23.8,25.6,28.6,32.7,2015
Busia Town,31.4,23.8,26.2,31.6,35.1,36.5,36.1,25.5,25.0,26.2,27.4,35.7,2015
Butere,27.3,26.6,27.9,29.6,36.1,38.5,39.2,34.1,28.4,28.6,30.7,27.2,2015
Kakamega,28.2,27.3,30.4,33.2,34.9,39.1,38.8,37.1,30.8,24.4,29.0,31.5,2015
Mumias,27.2,26.5,28.3,31.8,34.4,38.6,38.5,33.0,28.4,28.2,30.7,27.8,2015
Mundeta,25.0,24.8,25.4,31.6,33.3,33.3,-,32.7,33.3,33.3,-,-,2015
Cheptula,25.0,23.8,28.6,32.0,35.7,33.9,34.1,-,33.3,31.0,30.4,28.6,2015
Mbale,23.8,23.8,26.2,30.2,33.3,33.3,29.8,31.0,30.0,28.6,28.6,-,2015
Muthurwa,45.0,43.5,45.5,47.6,50.0,45.5,47.6,45.5,45.5,47.6,47.6,45.0,2015
Kawangware,42.9,42.9,45.0,45.5,50.0,47.6,42.9,47.6,47.6,50.0,50.0,47.6,2015
Burma,45.0,45.0,50.0,45.5,50.0,45.0,45.0,45.5,45.5,50.0,50.0,50.0,2015
Gikomba,45.6,-,-,-,-,40.0,47.6,47.6,47.6,45.5,50.0,47.6,2015
Kangemi,42.9,42.9,45.5,45.5,45.5,45.2,47.6,45.5,45.5,50.0,49.3,47.6,2015
Korokocho,44.7,43.3,44.7,46.5,46.5,-,-,-,45.0,45.0,47.5,43.9,2015
Toi,45.0,45.5,50.0,47.6,50.0,40.0,47.5,45.2,45.2,42.9,45.0,90.0,2015
Kiambu,49.4,45.0,45.0,45.0,40.0,45.0,43.8,40.0,40.0,40.0,40.0,-,2014
Limuru,40.0,40.0,40.0,40.0,43.3,45.0,40.0,40.0,40.0,40.0,40.0,-,2014
Thika,46.3,47.5,47.1,47.8,48.0,45.0,45.0,45.0,42.5,50.0,50.0,-,2014
Gatundu,29.7,19.9,22.0,25.7,29.3,40.0,-,40.3,43.4,43.5,41.9,-,2014
Kutus,36.2,40.9,37.5,33.9,35.0,34.4,35.5,27.8,26.0,27.8,28.0,-,2014
Sagana,38.4,38.7,42.2,39.6,41.3,41.6,37.8,32.5,30.8,35.9,37.9,-,2014
Kerugoya,37.4,36.4,37.3,37.5,39.6,40.0,38.3,34.8,33.7,34.5,33.7,-,2014
Muthithi,38.1,38.1,35.7,33.3,35.8,36.4,34.5,31.8,31.8,31.8,-,-,2014
Makuyu,38.1,38.1,38.1,39.3,38.6,40.5,38.1,36.3,29.2,-,-,-,2014
Kiriaini,40.8,-,-,38.6,38.6,38.1,38.1,29.9,-,-,-,-,2014
Engineer,-,45.0,45.0,40.0,40.0,40.0,40.0,42.5,40.0,40.0,,-,2014
Nyeri,-,-,-,-,44.7,38.7,42.5,40.0,45.0,44.0,37.7,40.0,2014
Endarasha,43.0,45.2,48.8,-,48.0,48.2,47.2,46.0,41.3,42.1,32.4,38.1,2014
Karatina,38.6,42.7,48.8,-,44.2,44.4,41.6,41.7,36.5,35.3,34.2,38.8,2014
Gakindu,38.1,38.1,38.1,-,45.0,42.5,44.1,42.9,39.7,35.4,38.3,34.4,2014
Nanyuki,43.2,44.6,41.1,45.9,45.5,47.1,46.3,45.2,46.1,45.3,44.7,36.7,2014
Nyahururu,31.8,31.8,35.2,36.4,36.4,37.9,40.9,36.4,40.9,34.1,28.2,38.6,2014
Kaloleni,39.4,40.0,40.0,40.0,40.0,40.0,40.0,39.5,38.0,36.2,35.0,-,2014
KibauniKilifi,43.8,45.0,45.0,45.0,45.0,42.5,40.0,40.0,40.0,43.0,45.0,-,2014
Ukunda,39.0,40.0,40.0,40.0,40.0,45.0,45.0,42.0,42.5,32.5,35.0,30.0,2014
Kwale,40.5,44.1,43.3,42.0,39.2,38.8,45.0,44.0,42.5,42.0,38.3,38.8,2014
MwembeTayari,57.7,57.5,45.8,47.5,48.4,50.0,51.0,51.3,48.8,47.0,41.7,42.0,2014
Majengo,41.2,43.8,42.5,44.5,43.6,45.0,44.0,45.0,45.0,45.0,45.0,45.0,2014
Mackinon,50.0,50.0,60.0,60.0,60.0,56.3,-,-,-,-,-,-,2014
Sega,45.0,42.5,45.0,44.0,45.0,-,46.3,45.0,45.0,45.0,45.0,45.0,2014
Kongowea,37.6,35.8,38.0,39.5,38.8,40.5,44.0,46.5,43.3,36.4,40.0,39.9,2014
Hola,40.0,40.0,35.0,32.0,25.0,42.5,36.3,30.0,30.0,31.3,35.0,-,2014
Garsen,-,-,-,40.0,-,37.5,44.0,40.0,40.0,40.0,-,-,2014
BuraTana,-,35.0,40.0,27.5,39.2,45.0,35.0,27.5,30.0,22.5,30.0,-,2014
Runyenjes,34.6,37.7,36.0,34.3,36.4,38.6,37.5,30.7,27.1,30.2,32.0,31.9,2014
Embu Town,34.1,36.4,33.0,35.2,36.4,40.9,39.4,31.8,31.8,30.9,31.8,32.2,2014
Siakago,38.1,38.1,38.1,36.4,36.4,40.9,40.9,34.1,31.8,31.8,31.8,32.3,2014
Mwingi,35.0,35.0,35.0,35.0,39.4,35.8,35.0,31.2,28.3,26.0,26.7,26.7,2014
Kalundu,35.7,35.0,35.0,35.0,35.0,37.0,35.0,35.0,31.0,30.0,28.0,,2014
Machakos Town,44.4,40.0,42.3,40.0,36.0,40.0,39.0,42.8,35.0,35.8,36.7,40.0,2014
Tawa,-,-,37.0,36.5,36.1,35.3,36.1,35.3,-,37.5,31.8,-,2014
Tala,36.7,37.7,32.5,-,-,35.0,35.0,37.5,38.0,35.6,35.0,-,2014
Maua,-,-,-,-,-,-,40.0,40.0,40.0,-,-,30.0,2014
Kianjai,-,-,-,-,-,-,-,-,33.3,33.3,35.6,33.3,2014
Gakoromere,-,-,-,-,-,-,-,-,37.0,34.2,33.3,34.8,2014
Chuka Town,-,-,42.9,41.9,48.0,46.5,62.1,46.4,38.5,41.2,37.6,,2014
Kaanwa,-,-,35.0,45.0,39.1,-,-,32.8,37.4,32.5,30.6,,2014
Wote,35.0,35.4,35.3,35.3,35.4,37.7,36.6,35.3,33.3,36.5,32.2,30.0,2014
Wajir Town,-,-,-,-,50.0,60.0,50.0,50.0,50.0,49.2,-,-,2014
Marsabit,40.0,40.0,-,-,-,46.7,50.0,51.3,,45.0,-,-,2014
DarajaMbili,38.9,38.2,40.1,38.4,38.6,40.3,38.4,34.9,31.1,31.3,34.7,-,2014
Kibirigo,37.5,35.4,35.4,37.0,-,41.3,-,-,-,-,-,-,2014
Nyangusu,36.4,36.4,38.1,35.7,34.7,39.1,39.1,37.0,31.9,30.4,28.3,,2014
Riochanda,-,34.8,37.0,37.0,41.3,37.2,-,-,-,-,-,-,2014
Nyabite,-,35.0,39.1,34.8,41.3,38.5,39.1,-,-,-,-,-,2014
Mogonga,39.1,-,37.5,35.8,39.0,45.5,45.5,40.9,34.7,31.8,31.3,-,2014
Igare,36.8,33.7,36.5,35.8,39.7,39.8,38.9,34.1,33.0,32.8,31.5,-,2014
Kibuye,38.7,38.3,36.5,37.0,37.8,38.7,39.6,35.9,30.4,30.4,31.6,30.9,2014
Ahero,40.9,40.9,40.9,-,40.9,43.9,-,-,30.4,29.9,-,-,2014
Kiboswa,37.7,37.9,36.0,36.3,36.5,38.6,41.1,32.9,30.3,-,30.8,,2014
Sondu,40.9,40.9,40.9,-,40.9,42.4,-,-,29.1,31.7,-,-,2014
Bondo,34.3,33.5,46.5,36.1,38.6,39.7,40.9,32.6,32.2,31.6,30.1,27.2,2014
Siaya,31.3,30.6,35.5,36.4,36.4,37.2,-,33.5,32.9,31.3,28.6,27.4,2014
Ngiya,32.0,32.9,33.3,40.3,36.4,-,-,31.9,27.6,29.6,29.3,27.5,2014
Unguja,31.6,31.2,32.7,35.6,31.1,46.5,36.4,32.4,30.5,28.0,27.3,27.4,2014
Kegonga,-,-,-,-,-,-,-,31.3,31.3,-,-,-,2014
Homabay,34.8,34.0,38.0,36.5,37.6,37.4,34.4,30.3,29.4,24.7,25.1,25.0,2014
Oyugis,34.7,35.1,38.1,40.2,43.3,39.4,35.7,27.5,25.9,26.6,30.8,,2014
Kehacha,-,-,-,38.0,36.0,-,-,-,28.0,-,-,-,2014
Migori,-,-,-,-,-,-,-,24.0,28.0,28.0,-,-,2014
SokoMjinga,-,32.9,34.9,-,-,-,-,-,-,-,-,-,2014
Kabarnet,33.3,33.3,38.9,,43.3,-,-,-,-,-,-,-,2014
Kipkelion,-,-,-,-,-,-,40.9,-,-,-,-,-,2014
MuthurwaNarok,33.6,34.0,33.5,37.3,37.4,41.4,40.0,44.0,38.0,34.0,35.4,29.0,2014
Nakuru Town,45.7,54.0,55.6,50.0,57.3,55.0,59.0,55.7,50.0,46.0,45.0,42.5,2014
Kapsabet,34.8,39.1,39.1,39.1,41.3,42.9,43.5,43.5,43.5,43.5,31.5,,2014
Kitale,30.0,31.3,30.7,31.3,37.5,37.5,37.5,29.2,26.0,24.0,22.9,20.8,2014
Kapenguria,,32.0,32.9,36.0,39.5,40.0,40.0,40.0,42.7,-,-,-,2014
Eldoret,30.0,34.0,32.0,40.5,33.3,37.5,40.0,38.7,33.6,28.9,30.4,32.5,2014
Burn Forest,30.0,35.0,35.0,35.6,34.5,41.9,42.8,37.6,36.0,35.0,33.0,23.0,2014
Turbo,26.0,30.0,32.5,32.0,34.4,37.0,36.0,32.0,27.3,23.6,20.7,20.0,2014
Kipkaren,26.0,29.0,31.5,32.0,35.2,36.0,36.0,33.4,30.6,24.0,21.0,20.0,2014
Iten,35.8,38.5,39.6,40.0,45.0,50.0,50.0,45.0,40.6,34.3,27.5,25.0,2014
Kajiado,41.3,-,50.0,50.0,50.0,50.0,47.0,50.0,50.0,50.0,50.0,-,2014
Bungoma Town,33.3,34.7,34.4,33.7,36.4,39.2,40.5,39.1,29.5,29.0,29.2,29.6,2014
Kimilili,-,-,33.8,-,37.5,37.5,39.9,-,21.3,20.9,22.0,22.9,2014
Kapsokwony,28.0,,29.3,32.7,36.0,38.3,37.9,33.0,27.8,25.3,25.0,23.2,2014
Bumala,32.7,31.0,34.1,38.1,42.9,41.3,39.1,25.0,24.7,32.5,-,30.4,2014
Busia Town,32.4,32.1,34.9,38.1,40.0,41.9,35.7,23.8,24.8,26.6,-,25.0,2014
Butere,35.2,31.4,31.1,-,-,41.3,39.5,29.6,30.1,31.6,31.1,28.8,2014
Kakamega,36.5,37.1,34.6,35.6,38.6,39.3,39.5,34.5,27.3,27.5,31.1,29.3,2014
Mumias,-,31.5,31.3,-,-,42.3,38.7,31.2,29.3,31.8,31.5,28.5,2014
Mundeta,33.3,33.3,34.9,35.7,38.1,38.1,35.7,-,31.7,29.7,26.2,-,2014
Cheptula,33.7,34.1,36.5,38.1,36.9,37.5,35.7,-,33.3,28.1,29.4,-,2014
Mbale,35.7,35.7,33.3,34.9,33.3,36.1,33.8,-,27.4,28.6,24.6,-,2014
Muthurwa,50.0,40.0,45.2,48.7,50.0,44.4,45.0,47.6,45.5,45.0,42.9,42.9,2014
Kawangware,42.9,47.5,47.6,50.0,50.0,42.9,45.5,42.9,40.9,42.9,42.9,42.9,2014
Burma,50.0,45.0,50.0,45.0,45.0,40.0,45.0,45.0,42.9,45.0,45.0,45.0,2014
Gikomba,47.6,50.0,50.0,50.0,50.6,45.0,45.5,42.9,40.9,40.9,45.0,45.0,2014
Kangemi,48.9,50.0,48.9,43.6,43.6,44.4,42.4,44.4,45.5,42.9,42.9,42.9,2014
Korokocho,47.6,47.4,45.0,45.0,50.0,40.9,45.5,43.6,43.9,43.9,45.0,45.0,2014
Toi,50.0,50.0,45.0,45.5,50.0,40.0,40.9,42.9,45.0,42.9,45.0,42.9,2014
KIAMBU,35.0,35.0,40.0,40.0,35.0,35.0,,,,,40.0,40.0,2013
LIMURU,35.0,35.0,35.0,,35.0,35.0,,,40.0,40.0,40.0,40.0,2013
THIKA,39.6,37.8,36.3,36.3,38.0,,33.8,36.3,40.0,47.0,,,2013
GATUNDU,23.6,22.9,25.7,24.8,24.8,,19.3,17.1,19.3,17.4,,,2013
KUTUS,36.4,34.8,30.4,,,,,,,,,,2013
SAGANA,38.0,32.6,31.1,26.1,,,,,,,,,2013
KERUGOYA,34.1,39.1,27.3,,,,,,,,,,2013
MUTHITHI,42.4,55.0,23.8,24.2,27.2,28.6,,33.3,36.9,40.2,36.9,,2013
MUKUYU,43.3,33.3,30.2,26.2,28.6,28.6,,33.3,33.3,35.2,38.1,38.1,2013
KIRIAINI,34.0,40.3,38.1,36.2,33.7,31.5,,35.8,39.2,38.0,25.8,40.0,2013
ENGINNEER,40.0,40.0,38.8,35.0,35.0,41.5,40.0,40.0,40.0,40.0,40.0,,2013
NYERI,43.8,40.0,40.0,38.3,36.7,,,,,,,,2013
ENDARASHA,43.8,45.0,45.0,42.8,36.4,40.1,40.5,38.6,,,,,2013
KARATINA,42.5,40.0,38.1,34.6,33.3,33.3,33.3,33.3,,,,,2013
GAKINDU,45.0,40.5,38.1,40.1,46.2,58.7,53.1,35.7,,,,,2013
NANYUKI,40.6,39.3,40.2,38.6,37.5,30.4,38.5,38.7,40.7,,43.8,42.0,2013
NYAHURURU,36.6,32.0,40.0,38.8,31.8,36.4,36.4,36.4,,40.9,43.6,42.4,2013
KALOLENI,40.0,38.5,40.0,39.0,38.0,38.0,38.0,75.6,35.0,,,,2013
MALINDI,40.0,40.0,39.9,40.0,40.5,40.0,40.0,31.3,35.0,40.0,40.0,,2013
KIBAUNI KILIFI,40.0,40.8,40.0,40.0,40.0,40.0,40.0,40.0,37.5,,,,2013
UKUNDA,,,,40.0,40.0,,38.0,38.0,38.0,38.0,38.0,,2013
KWALE,,,,48.3,48.3,48.8,,,38.0,38.7,39.0,39.0,2013
MWEMBE TAYARI,,,,44.6,46.3,50.0,49.4,42.9,45.0,45.0,,,2013
MAJENGO,,,,42.8,45.0,43.8,43.0,39.5,43.3,42.4,,,2013
MACKINON,,,,50.0,42.0,60.0,40.0,40.0,40.0,40.0,,,2013
SEGA,44.8,42.0,45.0,50.0,47.2,46.9,48.7,41.9,44.0,42.6,,,2013
KONGOWEA,42.3,40.8,43.5,41.1,39.5,39.8,39.8,39.1,36.0,37.0,38.0,,2013
HOLA,40.0,20.0,35.0,37.5,35.0,,,,50.0,30.0,36.7,38.8,2013
GARSEN,50.0,50.0,47.0,60.0,60.0,60.0,45.0,41.7,40.0,30.0,30.0,,2013
BURA TANA,50.0,35.0,25.0,35.0,32.5,,,,42.5,30.0,35.0,37.0,2013
RUNYENJES,29.6,28.4,27.3,22.7,27.3,27.3,27.3,,31.2,35.0,36.4,36.4,2013
EMBU TOWN,31.8,27.3,27.3,27.3,,27.3,22.7,27.3,31.8,34.6,36.4,36.4,2013
SIAKAGO,31.8,31.8,22.7,,27.3,,,27.3,30.2,35.3,38.1,38.1,2013
MWINGI,30.0,30.0,35.0,31.5,31.5,,33.0,33.0,34.8,35.0,35.0,35.0,2013
KALUNDU,35.0,35.0,,30.0,30.0,,30.0,30.0,31.8,34.5,35.0,35.7,2013
MACHAKOS,35.9,35.6,40.1,38.5,34.5,,35.0,35.0,,,,35.0,2013
TALA,,,33.0,22.4,22.5,24.0,23.8,24.0,,,,29.5,2013
MAUA,38.9,33.3,33.3,22.9,25.0,30.0,30.0,30.0,30.0,35.0,,,2013
KIANJAI,35.6,26.7,27.8,27.5,27.8,27.8,25.6,25.6,33.3,37.8,,,2013
GAKOROMERE,36.9,36.4,,25.6,25.0,27.8,33.3,33.3,33.3,38.9,38.9,,2013
MARSABIT,,,,,37.5,50.0,,,,,42.5,,2013
WOTE,35.3,,,27.4,29.1,,,34.4,,,,,2013
DARAJA MBILI,36.4,,37.9,36.4,37.5,36.9,37.7,37.4,37.5,40.9,40.9,40.9,2013
KIBIRIGO,33.3,33.3,33.3,39.1,,,,31.3,35.4,37.9,37.5,,2013
NYANGUSU,,,35.2,,36.8,39.4,36.4,36.9,38.6,45.5,39.2,,2013
RIOCHANDA,31.3,29.2,33.3,35.4,,,,34.8,36.2,39.1,39.1,,2013
NYABITE,33.3,33.3,33.3,36.0,,,,33.3,35.0,37.0,39.1,,2013
MIRUKA,31.5,,31.3,,38.2,39.8,36.7,36.4,38.6,45.5,40.3,,2013
IGARE,,,35.6,,37.7,39.2,36.4,36.4,40.8,41.3,41.7,,2013
KIBUYE,35.8,35.9,38.6,39.7,35.7,34.8,33.3,32.9,34.6,34.8,,,2013
AHERO,36.4,36.4,37.5,40.9,38.2,37.5,37.3,37.5,,2.9,41.5,,2013
KIBOSWA,36.4,35.2,40.9,37.3,35.9,34.1,34.5,32.9,34.2,35.2,38.0,39.1,2013
SONDU,36.4,36.4,37.5,37.5,37.7,36.4,37.3,37.5,,2.6,42.1,40.9,2013
BONDO,35.0,36.0,36.5,,36.4,36.4,32.3,31.7,33.5,36.1,,,2013
SIAYA,31.7,33.3,36.4,36.2,35.6,36.0,29.3,33.3,34.6,45.2,,,2013
NGIYA,29.8,33.6,,36.4,36.4,36.4,29.1,32.2,32.7,37.4,,,2013
UNGUJA,31.8,31.8,36.4,36.4,38.0,40.0,29.7,30.7,33.3,34.9,,,2013
HOMABAY,,,,35.4,33.8,,,35.7,,37.4,,,2013
OYUGIS,31.8,35.2,36.9,42.1,41.2,,36.4,33.9,39.3,43.1,43.3,,2013
KEHACHA,31.8,,,,29.0,32.0,32.0,31.5,37.5,36.8,40.0,,2013
SOKO MJINGA,,,,,,,,,,35.1,39.5,35.7,2013
KABARNET,30.6,32.5,38.9,38.9,33.3,29.0,33.3,33.0,34.8,38.0,37.8,38.9,2013
MUTHURWA,,,,,,,,,,33.8,36.4,,2013
NAKURU,,55.6,55.6,,37.5,43.9,50.5,40.0,51.1,52.2,40.0,,2013
KAPSABET,32.6,34.8,35.9,37.0,37.0,,,,,,,,2013
KITALE,28.8,,40.0,40.0,50.0,,,29.2,30.2,30.7,28.8,27.1,2013
ELDORET,37.5,40.0,40.0,40.0,40.0,34.6,33.3,,30.6,30.0,,,2013
BURN FOREST,32.0,33.8,40.0,40.0,33.3,33.7,,,,,,,2013
TURBO,25.0,25.0,31.7,36.0,31.6,30.6,,,30.0,30.0,,,2013
KIPKAREN,,37.5,40.0,38.0,35.9,30.0,,,30.0,29.0,,,2013
ITEN,30.8,33.5,35.0,37.5,35.0,33.5,31.7,35.0,37.5,,39.0,35.0,2013
KAJIADO,50.0,50.0,50.0,50.0,50.0,,,40.0,41.1,50.0,50.0,,2013
BUNGOMA,34.8,34.8,37.5,30.6,31.3,,35.6,28.6,35.0,,33.3,,2013
KIMILILI,29.6,29.2,29.8,29.8,34.0,33.0,33.0,,,33.3,33.3,,2013
KAPSOKWONY,25.0,28.3,30.4,30.1,31.3,,35.2,34.8,35.2,38.6,36.4,,2013
BUMALA,,,38.1,,,30.2,31.7,32.7,35.6,37.5,,38.1,2013
BUSIA TOWN,,,33.3,33.3,,31.1,36.6,33.3,35.0,37.5,,33.3,2013
BUTERE,29.2,31.6,32.6,33.3,43.4,31.3,,,,,,,2013
KAKAMEGA,35.1,37.8,42.1,37.8,37.4,33.7,35.2,36.1,37.1,36.9,35.1,33.0,2013
MUMIAS,36.4,36.4,33.3,34.1,43.3,42.3,,,,,,,2013
MUNDETA,55.3,31.7,41.3,40.5,38.1,,,31.0,31.6,31.9,34.5,33.3,2013
CHEPTULA,29.6,34.0,40.6,40.5,38.1,,31.0,31.0,32.7,35.5,33.9,33.3,2013
MBALE,29.8,34.7,42.9,,,,,31.0,32.7,33.9,33.3,34.5,2013
HARAMBEE,,,,33.3,32.9,31.6,,,33.3,35.2,,,2013
WAKULIMA,50.0,50.0,54.1,54.1,52.6,54.1,54.1,50.0,50.0,50.0,50.0,40.0,2013
KAWANGWARE,48.9,50.0,52.4,52.4,50.0,52.4,52.4,54.6,54.6,50.0,42.9,47.5,2013
BURMA,50.0,50.0,50.0,50.0,50.0,50.0,50.0,50.0,50.0,50.0,50.0,45.0,2013
KIKOMBA,50.0,50.0,50.0,50.0,50.0,50.0,50.0,50.0,50.0,47.7,47.6,50.0,2013
KANGEMI,45.5,50.0,47.6,47.6,47.6,47.6,47.6,52.6,52.6,47.7,48.9,43.6,2013
KOROKOCHO,47.4,47.6,52.4,52.4,55.0,52.4,52.4,50.0,50.0,47.5,47.6,47.4,2013
TOI,50.0,52.0,55.0,55.0,50.0,55.0,55.0,50.0,42.1,43.6,50.0,50.0,2013
KIAMBU,40.0,40.0,35.0,.,40.0,40.0,40.0,40.0,.,.,.,.,2012
LIMURU,40.0,40.0,37.5,.,42.5,45.0,45.0,42.5,40.0,.,.,.,2012
THIKA,40.9,40.0,40.0,40.0,48.3,50.0,49.2,47.5,45.0,.,.,.,2012
GATUNDU,30.0,47.6,30.4,33.3,38.1,52.2,52.5,48.8,47.5,.,.,.,2012
KUTUS,39.1,34.8,26.1,.,34.8,39.2,39.1,34.8,30.4,30.4,34.8,.,2012
SAGANA,39.1,32.6,31.1,.,38.3,40.2,40.9,44.5,34.8,36.4,31.1,.,2012
KERUGOYA,43.5,39.6,43.5,.,41.2,42.3,45.5,43.5,39.1,39.1,36.4,.,2012
MUTHITHI,40.5,31.0,.,.,41.1,38.1,39.7,35.4,35.5,35.0,35.0,35.0,2012
MUKUYU,38.1,38.1,37.4,.,42.9,42.9,41.4,40.2,38.1,40.0,40.0,.,2012
KIRIAINI,38.1,38.1,38.1,.,38.1,41.7,43.1,42.9,42.9,40.0,40.0,.,2012
ENGINEER,38.1,37.2,46.9,.,47.6,47.6,47.6,50.0,.,.,40.0,40.0,2012
NYERI,39.1,38.1,38.1,40.0,.,.,.,.,.,.,.,.,2012
ENDARASHA,.,.,38.1,41.9,.,.,.,.,.,.,.,.,2012
KARATINA,42.9,35.7,31.0,33.3,.,.,.,.,.,.,.,.,2012
GAKINDU,42.5,40.0,40.0,40.0,.,.,.,.,.,.,.,.,2012
NANYUKI,32.9,38.9,38.9,38.9,44.4,44.0,42.0,40.5,38.3,40.0,35.4,30.0,2012
SIPILI,36.4,31.8,31.8,.,.,.,.,40.5,45.8,52.5,36.7,33.3,2012
MARIAKANI,40.0,40.0,.,.,.,.,.,.,.,.,.,.,2012
KALOLENI,45.0,45.0,.,.,.,.,.,.,.,.,.,.,2012
MALINDI,42.0,40.0,36.4,36.7,41.0,47.5,44.0,42.5,41.3,35.0,35.0,38.3,2012
KIBAUNI KILIFI,45.0,40.0,.,.,.,.,.,.,.,.,.,.,2012
UKUNDA,41.8,40.0,40.0,40.0,40.4,42.0,.,50.0,50.0,50.0,50.0,52.5,2012
MKUNGUNI,50.0,50.0,50.0,60.0,57.3,59.4,58.6,54.7,54.1,51.3,.,.,2012
MWEMBE TAYARI,49.0,45.0,37.9,40.5,45.1,45.8,41.8,50.0,52.5,55.0,51.3,49.5,2012
MAJENGO,45.5,38.5,40.2,37.3,34.6,33.0,35.4,35.5,34.0,36.4,36.8,38.0,2012
MACKINON,59.0,60.0,60.0,60.0,52.0,60.0,60.0,.,.,.,.,.,2012
SEGA,41.8,40.0,40.0,45.0,46.0,43.4,45.0,50.0,51.3,55.0,50.0,50.0,2012
KONGOWEA,40.0,38.0,37.0,36.5,45.0,44.5,39.6,39.8,38.3,40.4,42.0,44.0,2012
HOLA,.,35.0,40.0,35.0,.,48.8,49.0,50.0,44.0,42.0,41.4,.,2012
GARSEN,40.0,40.0,35.0,40.0,40.0,44.0,45.0,.,45.0,45.0,48.7,50.0,2012
BURA TANA,.,.,.,30.0,.,45.5,44.0,30.0,36.7,36.0,41.1,45.0,2012
RUNYENJES,40.9,36.4,36.4,31.8,35.5,37.1,38.6,37.0,32.6,33.3,31.8,.,2012
EMBU TOWN,36.4,36.4,29.6,.,36.9,38.1,41.9,37.0,41.2,31.8,31.8,.,2012
SIAKAGO,38.1,38.1,.,35.7,38.0,40.0,40.6,35.0,32.5,33.4,37.5,.,2012
MWINGI,37.0,33.0,34.0,34.0,34.0,37.9,40.0,40.0,35.0,35.0,40.0,.,2012
MIGWANI,38.0,38.0,30.0,.,.,36.2,40.0,.,.,.,.,.,2012
KALUNDU,38.0,30.0,32.0,.,.,40.6,38.8,37.9,36.5,35.0,.,.,2012
MACHAKOS TOWN,37.0,37.0,35.0,.,36.8,39.7,45.4,43.6,38.0,44.4,44.4,.,2012
TAWA,.,.,.,.,.,.,43.5,43.3,44.4,44.4,44.4,.,2012
TALA,30.0,37.5,.,.,33.6,33.6,42.8,44.4,39.6,41.8,.,.,2012
MAUA,50.0,39.6,36.9,37.5,43.8,50.0,50.0,50.0,.,.,.,.,2012
KIANJAI,.,33.3,30.0,35.6,33.3,38.9,36.7,36.7,33.3,.,.,.,2012
MWENDANTU,36.4,31.8,30.0,.,35.8,.,50.0,43.8,38.9,38.9,.,.,2012
WOTE,38.0,38.0,.,.,.,39.3,38.8,38.0,.,.,38.0,.,2012
GARISSA TOWN,.,55.6,55.6,62.5,47.2,.,.,.,.,.,.,.,2012
MANDERA TOWN,.,.,.,50.0,.,.,.,.,.,.,.,.,2012
DARAJA MBILI,40.9,36.4,34.1,45.5,47.7,.,.,.,38.6,39.6,36.9,37.2,2012
KIBIRIGO,36.0,32.0,34.0,41.7,.,.,37.5,41.7,33.3,33.3,.,.,2012
RIOSIRE,37.5,43.5,39.1,39.6,40.8,47.1,.,.,.,.,.,.,2012
RIOCHANDA,36.0,39.6,31.3,40.8,46.7,.,41.7,31.3,33.3,.,.,.,2012
NYABITE,40.9,36.0,33.3,44.9,.,.,41.7,37.5,34.0,35.4,.,.,2012
MOGONGA,.,43.2,38.6,45.5,47.7,45.9,.,.,35.5,37.2,37.7,.,2012
NYAMACHE,.,.,35.4,43.5,.,.,.,.,35.5,35.7,34.8,.,2012
KIBUYE,36.4,36.4,.,43.2,54.4,55.0,49.7,38.6,36.9,31.9,34.7,34.5,2012
AHERO,42.1,38.6,38.6,.,.,.,.,.,.,.,.,.,2012
KIBOSWA,34.1,.,.,45.5,50.7,51.7,44.1,78.3,35.8,35.0,34.1,35.5,2012
SONDU,38.6,38.6,38.6,38.6,.,.,.,.,.,.,.,36.4,2012
BONDO,37.5,37.5,.,42.5,49.3,50.0,50.0,37.5,.,35.0,.,.,2012
SIAYA,.,.,.,40.9,45.5,.,38.6,.,.,.,.,.,2012
NGIYA,.,.,31.8,.,.,.,31.8,.,.,.,.,.,2012
UGUNJA,.,.,.,36.4,45.5,.,34.1,.,.,.,.,.,2012
OYUGIS,36.4,35.7,40.5,40.9,40.5,.,45.5,38.1,31.8,36.4,.,.,2012
KABARNET,35.0,30.0,35.0,37.5,42.1,45.0,.,.,37.5,.,.,.,2012
KERICHO,.,.,.,.,.,.,52.7,54.6,34.6,35.5,.,.,2012
NAKURU TOWN,55.6,50.0,50.0,50.0,50.0,50.0,50.0,.,.,.,.,.,2012
KAPSABET,34.8,34.8,34.8,.,47.1,43.5,43.5,43.5,34.8,34.8,32.6,.,2012
KITALE,35.0,35.0,35.0,.,40.9,43.3,47.3,48.3,36.7,32.5,.,.,2012
ELDORET,40.0,40.0,40.0,40.0,47.2,48.8,49.9,47.0,42.5,39.0,31.7,32.5,2012
BURNT FOREST,32.5,35.0,35.0,37.5,37.4,45.0,45.0,41.4,42.5,35.3,32.9,35.0,2012
TURBO,.,.,.,32.0,31.0,33.5,45.0,43.3,37.5,34.2,31.4,31.7,2012
KIPKAREN,37.5,35.0,30.0,37.5,51.1,47.5,49.2,47.3,40.0,31.3,31.7,32.5,2012
ITEN,35.0,41.3,37.5,34.7,35.0,.,.,45.0,37.5,35.1,35.0,29.2,2012
BUNGOMA TOWN,35.7,36.4,38.1,41.7,46.5,.,.,.,35.0,31.8,30.4,.,2012
KIMILILI,31.8,33.3,31.3,33.3,50.4,.,.,.,29.6,29.6,27.1,.,2012
KAPSOKWONY,30.4,34.1,36.4,33.3,.,.,.,.,34.1,31.8,30.4,.,2012
BUTERE,37.5,33.3,31.3,35.4,41.7,.,.,29.2,27.1,.,29.2,.,2012
KAKAMEGA TOWN,36.4,40.4,37.5,.,40.9,.,39.8,38.6,38.6,36.8,35.1,.,2012
MUMIAS,40.5,.,36.4,44.6,.,.,.,36.4,.,.,31.8,.,2012
MUDETE,38.1,33.3,33.3,32.1,46.8,45.0,.,.,.,.,.,.,2012
CHEPTULU,38.1,35.7,33.3,42.9,47.6,43.2,.,.,.,.,.,.,2012
MBALE,35.7,35.7,33.3,35.7,45.4,.,.,.,.,.,.,.,2012
WAKULIMA,.,.,.,.,54.9,58.3,66.7,60.0,55.6,55.6,.,.,2012
KAWANGWARE,38.1,40.5,40.0,42.5,42.9,42.9,42.9,45.0,47.4,50.7,.,.,2012
BURMA,40.0,41.0,40.0,45.0,54.9,55.6,55.6,51.9,55.6,55.6,55.6,.,2012
KIKOMBA,40.0,40.5,37.5,40.0,52.0,55.1,56.8,52.8,55.6,50.0,50.0,.,2012
KANGEMI,38.6,40.5,42.5,42.5,45.0,45.0,45.0,45.0,45.5,45.0,50.0,.,2012
KOROGOCHO,38.6,40.0,35.0,40.0,42.5,44.9,53.1,51.2,47.6,50.0,50.0,.,2012
KIBERA(TOI),38.1,40.9,40.0,43.9,45.0,45.0,42.9,45.0,47.6,50.0,52.6,.,2012
NYAMAKIMA,.,.,.,.,.,.,.,.,.,34.8,.,.,2012
KIAMBU,22.5,22.5,22.5,35.0,45.0,50.0,55.0,.,.,40.0,45.0,.,2011
LIMURU,20.0,20.0,27.5,37.5,45.0,50.0,50.0,.,.,40.0,45.0,.,2011
THIKA,23.8,30.0,28.6,31.8,35.0,50.0,100.0,40.0,40.0,40.0,.,.,2011
GATUNDU,23.8,25.0,40.0,35.0,35.0,50.0,55.0,40.0,37.5,21.4,.,.,2011
KUTUS,22.7,25.0,27.3,31.0,43.5,43.5,47.8,.,.,34.8,40.9,40.9,2011
SAGANA,22.7,27.3,26.1,35.0,37.5,41.7,54.6,.,.,36.4,36.4,36.4,2011
KERUGOYA,22.7,25.0,26.1,45.0,43.5,47.8,47.8,.,.,39.1,43.5,40.9,2011
MUTHITHI,19.1,19.1,28.6,31.0,38.1,40.5,95.2,38.1,38.1,36.9,38.1,.,2011
MUKUYU,23.8,23.8,26.2,31.0,38.1,38.1,57.1,38.1,38.1,38.1,38.1,40.5,2011
KIRIAINI,21.4,21.4,.,35.7,38.1,47.6,52.4,47.6,42.9,40.5,40.5,40.5,2011
ENGINEER,19.1,18.2,20.0,33.3,35.0,.,50.0,45.5,45.5,40.0,36.4,.,2011
NYERI,25.0,30.0,30.0,42.5,42.5,50.0,.,.,.,.,.,.,2011
KARATINA,20.0,22.5,22.5,25.0,50.0,50.0,.,.,.,.,.,.,2011
GAKINDU,22.5,20.0,25.0,30.0,40.0,45.0,.,.,.,.,.,.,2011
NANYUKI,42.4,22.2,27.8,38.9,44.4,50.0,55.6,61.1,50.0,47.2,45.9,44.4,2011
SIPILI,.,.,.,29.6,35.0,.,50.0,.,38.1,22.7,36.4,36.4,2011
MARIAKANI,.,.,.,.,.,.,40.0,50.0,45.0,45.0,45.0,.,2011
KALOLENI,.,.,.,.,.,.,45.0,50.0,50.0,47.5,.,.,2011
MALINDI,20.0,25.0,25.0,.,.,.,.,.,50.0,40.0,42.0,45.0,2011
KIBAUNI KILIFI,.,.,.,.,.,.,45.0,50.0,50.0,45.0,45.0,.,2011
KWALE,30.0,30.0,30.0,34.5,36.8,40.0,41.0,50.0,61.3,68.0,68.8,51.8,2011
MWEMBE TAYARI,25.2,36.0,48.8,47.5,58.0,67.3,63.0,51.3,55.0,50.0,50.0,51.3,2011
MAJENGO,25.0,34.8,48.8,48.8,44.6,44.8,44.6,41.5,42.3,43.8,44.8,43.3,2011
MACKINON,.,.,.,.,.,.,.,.,.,50.0,48.8,48.8,2011
SEGA,24.0,26.3,35.0,35.0,33.0,50.0,45.0,43.8,40.0,.,.,.,2011
KONGOWEA,20.8,25.5,32.3,35.0,38.6,47.5,41.8,39.5,36.5,40.0,.,.,2011
GARSEN,.,.,.,.,.,.,.,.,.,.,50.0,.,2011
RUNYENJES,20.5,22.7,25.0,27.3,36.4,44.3,50.0,40.9,36.4,40.9,40.9,40.9,2011
EMBU TOWN,20.5,22.7,22.7,31.8,43.2,45.5,50.0,40.9,36.4,40.9,40.9,40.9,2011
SIAKAGO,23.8,23.8,23.8,28.6,40.3,50.0,52.4,47.6,42.9,40.5,42.9,.,2011
MWINGI,20.0,22.7,25.0,34.0,36.0,50.0,50.0,38.0,36.0,35.0,40.0,38.0,2011
MIGWANI,20.0,20.0,25.0,30.0,42.0,45.0,50.0,42.0,40.0,.,40.0,.,2011
KALUNDU,.,.,.,.,.,.,.,38.0,36.0,37.0,42.0,.,2011
MACHAKOS TOWN,20.0,20.0,25.0,.,42.0,45.0,49.0,47.4,38.0,40.1,38.0,38.0,2011
TALA,18.0,17.0,18.0,.,35.0,50.0,48.0,38.1,45.0,45.0,42.9,.,2011
MAUA,20.0,.,.,.,.,62.5,62.5,50.0,56.3,50.0,50.0,.,2011
KIANJAI,25.6,22.2,26.7,34.4,35.6,.,55.6,44.4,44.4,38.9,42.2,.,2011
MWENDANTU,17.0,.,22.7,27.3,36.4,.,45.5,40.9,40.9,36.4,36.4,.,2011
WOTE,20.0,20.0,20.0,35.0,45.0,45.0,45.0,40.0,40.0,45.0,42.0,42.0,2011
DARAJA MBILI,21.4,20.5,.,35.7,47.6,.,54.6,38.6,40.9,38.6,43.2,45.5,2011
KIBIRIGO,18.8,20.8,22.0,42.5,50.0,54.8,50.0,41.7,37.5,.,.,.,2011
RIOSIRE,21.1,20.5,31.0,31.0,40.5,.,45.5,38.6,45.5,40.9,47.8,39.6,2011
RIOCHANDA,17.4,20.0,20.0,35.0,42.9,52.4,50.0,39.1,36.0,.,40.6,.,2011
NYABITE,16.7,20.0,24.0,.,50.0,56.0,56.0,37.5,37.5,.,37.5,.,2011
MOGONGA,18.2,26.3,25.0,43.2,.,.,59.1,40.9,40.0,.,45.5,40.9,2011
NYAMACHE,20.0,24.0,28.0,40.0,50.0,.,50.0,34.8,45.8,45.5,41.3,.,2011
KIBUYE,20.5,25.0,28.0,40.0,.,59.1,40.9,43.2,40.9,40.9,38.6,.,2011
AHERO,22.7,27.3,29.6,38.1,45.2,50.0,54.6,50.0,34.1,40.9,.,.,2011
KIBOSWA,.,22.7,25.7,40.0,40.0,56.5,36.4,36.4,36.4,34.1,34.1,34.1,2011
SONDU,20.5,25.0,.,38.1,50.0,.,54.6,45.5,34.1,38.6,.,.,2011
BONDO,.,.,.,.,.,.,50.0,50.0,49.0,47.5,.,.,2011
OYUGIS,22.7,28.6,29.6,38.6,56.8,59.5,40.5,.,.,.,.,.,2011
KABARNET,.,.,.,.,.,.,45.0,50.0,40.0,40.0,.,.,2011
NAKURU TOWN,22.2,27.8,27.8,27.8,27.8,72.2,66.7,66.7,55.6,55.6,.,.,2011
KAPSABET,20.5,21.7,26.1,42.9,45.5,52.2,56.5,43.5,34.8,34.8,34.8,34.8,2011
KITALE,15.0,25.0,25.0,45.0,60.0,60.0,54.2,46.2,40.0,31.3,35.0,.,2011
ELDORET,20.0,25.0,25.0,40.0,43.8,50.0,.,60.0,.,40.0,40.0,40.0,2011
BURNT FOREST,17.5,20.0,20.0,40.0,.,.,.,50.0,.,45.0,37.5,.,2011
TURBO,15.2,16.0,25.0,30.0,42.9,.,.,56.0,32.0,24.0,24.0,20.0,2011
KIPKAREN,17.5,25.0,27.5,45.0,50.0,55.0,.,45.0,.,32.5,35.0,35.0,2011
ITEN,.,.,.,.,.,.,.,.,42.5,42.5,35.0,35.0,2011
BUNGOMA TOWN,18.8,18.2,29.6,.,47.7,56.8,54.2,33.3,29.2,26.0,34.8,40.5,2011
KIMILILI,19.1,18.2,27.3,.,41.8,54.8,56.5,32.6,30.4,30.4,31.3,34.1,2011
KAPSOKWONY,15.9,15.9,22.7,.,43.2,57.1,54.2,37.5,33.3,32.6,32.6,33.3,2011
BUTERE,16.5,.,.,36.4,40.9,59.1,.,31.8,29.2,30.4,33.3,33.3,2011
KAKAMEGA TOWN,15.9,25.0,29.6,43.2,52.3,.,56.8,.,33.3,33.3,35.7,36.4,2011
MUMIAS,.,.,.,.,.,.,.,31.8,29.2,32.6,38.1,42.9,2011
MUDETE,15.9,19.1,28.6,.,47.6,.,52.4,47.6,42.9,40.5,40.5,38.1,2011
CHEPTULU,16.7,23.8,28.6,.,47.6,.,52.4,47.6,40.9,40.9,40.5,40.5,2011
MBALE,21.4,23.8,28.6,.,47.6,.,57.1,47.6,45.2,38.1,38.1,40.5,2011
KAWANGWARE,23.8,22.7,22.7,35.7,42.9,47.6,50.0,50.0,47.6,40.9,38.6,38.1,2011
BURMA,25.0,25.0,25.0,38.0,40.0,50.0,.,50.0,50.0,45.0,40.0,40.0,2011
KIKOMBA,22.5,23.8,23.8,38.1,45.2,47.5,47.6,47.6,47.6,38.1,36.4,38.1,2011
KANGEMI,23.8,23.8,23.8,35.7,42.9,50.0,50.0,50.0,50.0,42.9,38.6,40.9,2011
KOROGOCHO,22.5,22.7,.,35.0,42.5,42.5,45.5,45.5,47.6,40.9,37.0,38.1,2011
KIBERA(TOI),25.0,23.8,23.8,44.7,47.5,55.0,52.4,52.4,47.6,40.0,38.1,36.4,2011
KIAMBU,17.5,17.5,16.5,17.5,17.5,.,18.3,17.5,20.0,17.5,20.0,20.0,2010
LIMURU,20.0,20.0,20.0,20.0,20.0,.,16.8,15.0,17.5,17.5,17.5,17.5,2010
THIKA,14.3,25.0,20.0,20.0,22.0,25.0,20.0,22.7,22.7,25.0,25.0,25.0,2010
GATUNDU,19.0,20.0,25.0,25.0,20.0,22.7,20.0,22.7,22.7,23.8,25.0,20.0,2010
KUTUS,.,.,.,.,13.0,14.0,13.0,13.0,13.6,13.6,.,.,2010
SAGANA,.,.,.,.,22.7,20.8,21.4,13.7,15.9,14.3,.,.,2010
KERUGOYA,.,.,.,.,18.2,18.2,15.9,15.9,13.6,15.2,.,.,2010
MUTHITHI,14.3,14.3,16.7,16.7,16.7,16.7,14.3,14.3,14.3,14.3,19.1,19.1,2010
MUKUYU,33.3,33.3,28.6,28.6,28.6,19.1,14.3,14.3,14.3,14.3,14.3,16.7,2010
KIRIAINI,33.3,33.3,33.3,33.3,28.6,23.8,16.7,19.1,16.7,16.7,16.7,16.7,2010
ENGINEER,.,.,30.0,30.0,27.3,22.7,25.0,20.5,.,20.0,18.2,18.2,2010
NANYUKI,38.9,33.3,33.3,27.8,22.2,22.2,22.2,22.2,22.2,22.2,22.2,22.2,2010
SIPILI,34.1,33.3,27.3,.,26.2,23.8,.,.,.,.,.,.,2010
MARIAKANI,.,.,.,.,.,.,30.0,30.0,30.0,.,.,.,2010
KALOLENI,.,.,.,.,.,27.0,27.0,25.0,25.0,.,.,.,2010
MALINDI,35.0,30.0,30.0,30.0,25.0,25.0,.,.,.,20.0,20.0,18.8,2010
KIBAUNI KILIFI,.,.,.,.,.,25.0,20.0,20.0,20.0,.,.,.,2010
RUNYENJES,30.0,25.0,20.0,17.5,13.6,13.6,13.6,13.6,13.6,13.6,15.9,18.2,2010
EMBU TOWN,31.5,27.5,20.0,20.0,13.6,15.9,13.6,13.6,13.6,13.6,18.2,18.2,2010
SIAKAGO,32.5,22.5,20.0,17.5,17.5,15.0,15.0,14.3,17.1,34.4,15.9,19.1,2010
MWINGI,.,.,.,.,.,19.0,19.1,20.0,20.0,20.0,18.0,20.0,2010
MIGWANI,30.0,25.0,25.0,15.9,15.0,15.0,14.0,15.0,14.0,14.0,14.0,15.0,2010
KALUNDU,.,.,.,.,20.0,20.0,20.0,18.0,18.0,18.0,18.0,.,2010
"MACHAKOS
TOWN",28.5,28.0,.,20.0,20.0,17.0,15.0,18.0,15.0,17.0,17.0,18.0,2010
TALA,.,.,.,.,10.0,10.0,10.0,.,.,11.0,.,.,2010
KIANJAI,37.2,22.2,15.6,11.1,11.1,12.2,11.1,11.1,11.1,11.1,.,.,2010
MWENDANTU,32.0,25.0,18.2,15.0,13.6,0.0,12.0,10.9,11.8,13.0,.,.,2010
WOTE,28.0,25.0,.,18.0,18.0,17.0,15.0,17.0,17.0,17.0,17.0,17.0,2010
DARAJA MBILI,22.7,23.6,24.1,25.0,22.7,18.2,22.7,15.9,18.2,19.1,22.7,22.7,2010
KIBIRIGO,.,.,.,23.1,23.1,20.8,16.0,16.0,15.0,18.0,18.0,20.5,2010
RIOSIRE,.,.,.,.,.,19.0,20.0,13.0,.,14.0,18.0,.,2010
RIOCHANDA,.,.,22.9,22.9,18.8,16.0,14.0,14.0,14.0,18.0,16.0,18.0,2010
NYABITE,.,.,.,20.0,18.0,18.8,16.0,14.0,15.0,18.0,16.0,18.0,2010
MOGONGA,.,.,.,.,.,16.7,19.1,14.7,12.5,14.6,15.9,.,2010
Nyamache,.,.,.,.,.,14.0,16.0,16.0,16.0,16.0,16.0,.,2010
KIBUYE,29.6,28.2,27.3,27.3,20.5,18.2,15.9,.,.,.,.,.,2010
AHERO,29.6,28.2,27.3,22.7,21.6,18.2,18.2,18.2,18.2,18.2,20.5,20.5,2010
KIBOSWA,27.3,27.3,27.3,27.3,19.1,17.4,15.2,.,.,.,.,.,2010
SONDU,29.6,29.6,25.0,20.5,20.5,18.2,18.2,15.9,15.9,15.9,20.5,.,2010
BONDO,.,.,.,.,.,22.5,19.5,17.5,17.5,18.2,20.5,20.5,2010
OYUGIS,25.0,26.7,28.6,27.3,18.2,18.2,17.4,15.9,17.9,.,.,.,2010
NAKURU TOWN,.,.,.,.,.,.,.,.,.,27.8,27.8,.,2010
KAPSABET,.,.,.,26.1,25.0,21.7,21.7,18.5,17.4,15.2,17.4,17.4,2010
KITALE,35.0,35.0,32.5,25.0,22.5,25.0,.,20.0,17.5,16.7,15.0,15.0,2010
ELDORET,28.8,28.8,28.8,27.5,25.0,25.0,22.5,22.5,20.0,17.5,17.5,.,2010
BURNT FOREST,.,.,.,22.7,22.7,25.0,23.8,15.0,22.5,20.0,.,20.0,2010
TURBO,22.0,22.0,22.0,24.0,20.0,20.8,18.0,18.5,18.0,14.0,11.2,10.4,2010
KIPKAREN,24.0,30.0,27.5,25.0,25.0,22.5,25.0,25.0,10.8,12.0,14.0,.,2010
"BUNGOMA
TOWN",30.0,.,.,22.7,20.5,18.2,18.2,18.2,18.2,14.6,18.2,.,2010
KIMILILI,30.0,25.0,25.0,20.8,20.8,.,18.0,18.0,16.0,12.5,12.0,.,2010
KAPSOKWONY,23.9,25.2,23.9,21.7,19.2,17.7,17.3,17.3,19.1,.,12.5,.,2010
BUMALA,23.8,23.8,28.6,.,.,.,.,.,.,16.7,.,.,2010
BUSIA TOWN,21.4,21.4,18.1,18.1,.,.,.,.,.,16.7,.,.,2010
"KAKAMEGA
TOWN",29.6,27.3,27.3,27.3,22.7,20.5,20.5,20.5,18.2,18.2,15.9,15.9,2010
MUDETE,28.6,23.8,22.4,21.4,21.4,19.1,21.4,21.4,19.1,16.7,16.7,16.7,2010
CHEPTULU,28.6,26.2,26.2,21.4,19.1,19.1,16.7,19.1,16.7,16.7,16.7,18.1,2010
MBALE,28.6,23.8,20.5,21.4,19.1,23.8,20.5,21.4,19.1,16.7,16.7,18.1,2010
KAWANGWARE,34.1,34.8,31.0,31.0,23.8,22.7,22.2,22.2,20.0,17.4,19.1,20.0,2010
BURMA,35.0,30.0,30.0,30.0,25.0,23.0,23.0,23.0,20.0,20.0,20.0,20.0,2010
GIKOMBA,35.7,32.5,32.5,30.0,21.4,22.5,22.7,23.8,22.2,22.7,20.0,19.1,2010
KANGEMI,31.0,31.0,31.0,30.0,22.7,21.4,22.7,22.7,22.2,17.4,20.0,19.1,2010
KOROGOCHO,33.3,31.0,31.0,28.6,22.7,21.7,21.4,20.5,20.5,20.5,20.0,20.0,2010
KIBERA(TOI),33.3,32.5,31.6,31.0,23.7,21.4,21.4,21.7,20.0,20.0,19.1,20.0,2010
KIAMBU,35.0,35.0,.,.,33.8,34.7,48.6,.,.,.,32.5,.,2009
BONDO,30.0,35.0,.,.,.,.,.,.,.,.,.,.,2009
BUNGOMA TOWN,27.3,.,31.8,35.0,40.0,40.0,37.5,37.5,30.0,.,30.0,30.0,2009
BURMA,38.1,38.1,42.9,45.0,39.5,40.7,40.0,42.0,41.0,40.0,40.0,40.0,2009
CHEPTULU,28.6,33.3,33.3,38.1,35.7,.,.,.,.,.,.,.,2009
DARAJA MBILI,28.6,31.8,31.8,38.6,33.3,31.8,.,.,.,31.8,29.5,29.5,2009
ELDORET,27.3,29.5,29.8,31.0,33.3,40.0,40.0,40.0,.,30.0,27.5,30.0,2009
EMBU TOWN,37.5,37.5,37.5,51.2,42.5,40.0,35.0,.,30.0,35.0,32.5,.,2009
GARISSA TOWN,40.0,38.9,.,.,.,.,.,.,,.,.,,2009
GARSEN,22.5,.,25.0,25.0,25.0,.,.,.,,.,,.,2009
KABARNET,25.0,29.0,30.0,35.0,35.0,.,.,.,.,.,.,.,2009
KAIADO TOWNSHIP,.,.,.,50.0,.,.,.,.,.,,,,2009
KALOLENI,32.0,32.0,35.0,35.0,35.0,35.0,35.0,35.0,.,36.0,36.0,36.0,2009
KANGEMI,37.5,37.5,55.0,31.8,37.5,38.0,37.5,38.0,38.8,37.5,36.1,35.7,2009
KAPSABET,23.9,32.6,32.6,35.7,40.5,35.7,.,.,.,.,.,.,2009
KAPSOKWONY,.,.,.,.,42.5,40.0,.,.,.,27.5,25.0,27.5,2009
KAWANGWARE,40.0,37.5,38.1,35.7,38.1,38.1,36.4,37.1,38.8,36.5,38.4,38.4,2009
KIBAUNI KILIFI,35.0,35.0,35.0,35.0,35.0,35.0,35.0,35.0,.,.,36.0,35.0,2009
KIBERA(TOI),35.0,35.0,35.7,40.0,40.0,39.1,38.5,35.7,37.1,35.0,36.8,35.7,2009
KIKOMBA,25.0,75.0,66.7,35.0,43.5,40.9,39.1,35.7,35.7,37.5,37.5,37.0,2009
KIMILILI,.,.,.,.,.,37.5,40.0,.,.,25.0,27.5,30.0,2009
KIPKAREN,25.0,32.5,31.8,33.3,37.5,41.0,37.5,32.5,.,21.2,22.0,22.0,2009
KIRIAINI,33.3,38.1,.,35.7,38.1,38.1,33.3,.,.,35.7,31.0,.,2009
KITALE,26.2,28.6,35.0,35.0,.,37.5,35.0,.,35.0,30.0,30.0,.,2009
KOROGOCHO,40.9,38.1,36.4,41.0,40.0,36.0,.,35.7,36.9,35.7,35.7,35.7,2009
LIMURU,30.0,32.5,.,.,37.5,37.5,37.5,.,.,32.5,30.0,.,2009
MACHAKOS TOWN,31.6,33.0,32.0,33.0,38.9,32.0,33.0,.,.,.,30.0,.,2009
MALINDI,30.0,35.0,35.0,35.0,40.0,.,.,.,.,30.0,35.0,35.0,2009
MARIAKANI,33.5,35.0,35.0,35.0,35.0,35.0,35.0,35.0,.,36.0,36.0,36.0,2009
MBALE,28.6,33.3,33.3,38.1,35.7,.,.,.,.,.,.,.,2009
MIGWANI,.,35.0,33.0,40.0,35.0,34.0,30.0,.,.,50.0,50.0,28.0,2009
MUDETE,28.6,35.7,33.3,38.1,35.7,.,.,.,.,.,.,.,2009
MUKUYU,33.3,35.0,26.0,33.3,35.7,38.1,.,.,.,33.3,33.3,31.0,2009
MUTHITHI,35.0,35.0,35.0,35.0,40.0,.,.,.,.,.,.,,2009
MWENDANTU,31.8,27.3,27.3,30.0,32.0,33.0,35.0,.,.,29.1,27.3,30.0,2009
NANYUKI,35.3,33.3,34.2,43.8,44.4,50.0,44.4,44.4,.,44.4,44.4,44.4,2009
RUNYENJES,35.0,37.5,37.5,37.5,40.0,35.0,35.0,.,30.0,30.0,32.5,.,2009
SIAKAGO,29.6,35.7,37.5,.,43.2,38.1,37.5,35.0,.,32.5,32.5,32.5,2009
SIPILI,20.0,20.0,46.6,25.0,.,.,.,.,.,25.0,.,.,2009
TALA,30.0,.,.,.,.,.,.,.,,.,.,,2009
TURBO,26.2,28.6,.,31.0,31.0,40.0,40.0,40.0,.,22.0,20.0,20.8,2009
WOTE,30.0,30.0,30.0,32.0,.,32.0,32.0,.,.,32.0,28.0,.,2009
KIAMBU,20.0,20.0,20.0,19.2,25.0,30.0,26.3,30.0,30.0,30.0,35.0,26.3,2008
LIMURU,17.5,17.5,17.5,22.5,25.0,26.3,.,27.5,30.0,30.0,32.5,30.0,2008
THIKA,19.7,21.9,16.7,19.1,18.2,.,.,28.6,35.0,.,.,.,2008
GATUNDU,17.9,23.8,23.8,19.1,19.1,.,.,30.4,36.4,31.8,.,.,2008
MUTHITHI,19.1,14.6,.,21.1,24.9,24.0,30.0,30.0,32.5,35.0,35.0,.,2008
MUKUYU,17.5,18.4,17.7,20.3,35.5,27.6,29.3,44.3,30.0,44.8,33.3,32.6,2008
KIRIAINI,16.7,16.7,19.1,19.1,25.4,49.3,50.5,.,.,.,33.3,33.3,2008
ENGINEER,15.0,.,15.9,.,.,.,.,.,.,.,.,.,2008
NANYUKI,18.2,18.5,20.0,22.5,24.0,24.4,22.5,25.0,25.0,25.0,35.0,30.0,2008
NYAHURURU,20.0,20.0,17.5,17.7,20.0,20.0,22.5,.,.,.,.,.,2008
MARIAKANI,20.0,20.0,20.0,23.5,25.0,25.0,25.0,30.0,30.0,30.0,.,.,2008
KALOLENI,20.0,20.0,20.7,24.5,25.0,25.0,25.0,25.0,30.0,30.0,.,.,2008
MALINDI,27.8,27.8,27.8,26.9,28.4,30.0,.,28.0,28.0,30.0,30.0,30.0,2008
KIBAUNI KILIFI,20.0,20.0,20.7,25.0,25.0,25.0,27.0,25.0,25.0,30.0,.,.,2008
UKUNDA,22.5,.,30.0,36.0,36.0,.,.,.,.,.,.,.,2008
MWEMBE TAYARI,25.0,20.0,.,.,.,.,.,.,.,.,.,.,2008
MACKINON,.,.,30.0,30.0,34.0,30.0,30.0,.,.,.,.,.,2008
SEGA,24.0,.,.,.,.,.,.,.,.,.,.,.,2008
KONGOWEA,25.0,20.0,.,.,.,.,.,.,.,.,.,.,2008
GARSEN,25.0,22.5,20.0,23.3,25.0,30.0,.,.,.,.,.,15.0,2008
RUNYENJES,15.0,15.0,25.8,20.0,20.0,10.0,.,.,.,.,.,32.5,2008
EMBU TOWN,17.5,18.8,15.0,20.0,20.0,.,.,30.0,35.0,26.3,.,.,2008
SIAKAGO,17.5,17.5,15.0,17.5,18.5,29.4,.,20.0,25.9,31.8,33.3,30.7,2008
MWINGI,16.0,16.0,16.0,16.5,19.0,.,.,.,28.0,.,.,.,2008
MIGGWAINI,.,.,14.0,14.0,17.8,21.0,.,.,28.0,30.0,.,.,2008
KALUNDU,15.0,16.0,17.0,.,.,.,.,.,.,.,.,.,2008
MACHAKOS TOWN,16.0,17.0,17.0,.,.,.,.,.,.,.,32.0,30.0,2008
TALA,16.0,18.0,17.0,15.7,17.1,.,.,27.0,28.0,28.0,25.0,31.9,2008
MAUA,.,.,21.3,25.0,31.7,.,.,37.5,37.5,30.0,30.0,30.0,2008
KIANJAI,.,.,16.7,19.5,20.0,.,.,31.1,.,35.6,35.6,29.2,2008
GAKOROMERE,13.6,16.0,12.7,24.3,18.3,.,18.2,.,.,27.3,31.8,.,2008
WOTE,17.0,17.0,18.0,18.0,20.0,22.0,.,.,27.0,27.0,32.0,32.0,2008
GARISA TOWN,.,.,25.0,.,30.3,.,.,.,.,.,.,.,2008
DARAJA MBILI,17.3,20.5,18.6,20.0,23.0,24.6,22.7,24.1,24.1,31.8,31.8,.,2008
KIBIRIGO,.,20.5,20.5,.,.,.,.,.,.,.,.,.,2008
NYANGUSU,14.3,.,16.7,.,.,31.0,.,25.0,.,.,.,.,2008
RIOCHANDA,.,16.8,21.4,.,.,.,.,.,.,.,.,.,2008
NYABITE,.,16.0,20.5,.,.,.,.,.,.,.,.,.,2008
MOGONGA,14.3,14.3,.,.,.,31.0,.,.,.,.,.,.,2008
NYAMACHE,16.7,17.1,17.5,.,.,31.0,.,.,.,.,.,.,2008
KIBUYE,.,17.3,18.2,21.4,29.6,.,.,.,.,27.3,22.7,.,2008
AHERO,23.8,22.7,.,.,.,.,.,.,28.5,27.3,29.6,.,2008
KIBOSWA,.,19.1,22.7,27.3,.,.,.,.,25.0,27.3,25.0,.,2008
SONDU,20.5,20.5,.,.,27.3,.,.,.,.,27.3,31.8,.,2008
BONDO,.,20.0,20.0,29.0,25.0,25.5,27.5,27.0,26.5,26.5,.,.,2008
SIAYA,22.7,16.4,19.6,.,.,.,.,.,.,27.3,27.3,.,2008
NGIYA,18.2,22.7,17.3,.,.,.,.,.,.,27.3,29.6,.,2008
UNGUNJA,22.7,15.2,17.3,18.2,.,.,.,.,.,27.3,29.6,.,2008
OYUGIS,.,18.6,20.0,.,.,.,.,.,.,.,.,.,2008
KEHACHA,.,17.5,20.0,21.2,24.4,25.0,.,.,.,.,.,.,2008
KABARNET,15.0,15.0,15.0,17.2,22.8,25.0,25.0,25.0,30.0,30.0,.,.,2008
NAKURU TWON,24.2,21.7,22.2,22.2,22.2,.,27.8,27.8,27.8,27.8,27.8,27.8,2008
KAPSABET,.,19.1,19.1,25.0,23.9,25.6,25.7,29.6,26.2,23.8,26.2,.,2008
KITALE,.,17.5,17.5,25.0,26.7,24.1,25.8,28.6,29.5,26.2,.,.,2008
ELDORET,20.0,15.4,15.0,15.5,19.4,22.0,22.0,26.5,31.8,25.0,20.0,20.0,2008
BURN FOREST,12.5,15.0,15.0,.,.,.,.,.,.,.,.,.,2008
TURBO,13.3,13.4,37.5,16.7,18.5,20.7,20.7,21.2,24.1,20.0,20.0,20.0,2008
KIPKAREN,15.0,16.0,16.1,25.0,27.0,26.3,29.4,32.5,20.0,20.0,20.0,22.0,2008
KAJIADO TOWN,25.0,20.0,.,25.0,35.0,21.7,25.0,.,25.0,40.0,40.0,40.0,2008
BUNGOMA TOWN,16.7,16.7,16.7,16.6,20.4,26.0,25.1,25.0,25.0,27.5,30.0,29.0,2008
KIMILILI,.,.,.,16.2,21.8,27.7,27.5,27.0,25.0,27.5,27.5,25.0,2008
KAPSOKWONY,.,16.2,17.5,.,.,.,.,.,.,.,.,.,2008
BUTERE,.,23.6,21.7,23.9,23.1,24.3,.,17.4,23.9,23.9,.,.,2008
KAKAMEGA,20.5,18.2,19.6,21.4,23.6,.,26.4,19.1,22.7,27.3,.,.,2008
MUMIAS,.,.,28.6,26.2,23.1,23.9,.,20.5,23.9,22.0,20.0,.,2008
MUNDETA,19.1,16.7,16.7,19.1,26.2,26.2,.,26.2,28.6,28.6,28.6,.,2008
CHEPTULA,23.8,16.7,16.7,21.4,26.2,26.2,26.2,26.2,28.6,30.0,28.6,.,2008
Mbale,23.8,16.7,.,.,26.2,26.2,.,26.2,26.2,28.6,28.6,.,2008
KAWANGWARE,21.0,22.0,25.0,46.5,30.0,29.3,29.3,30.0,33.3,33.0,33.3,33.3,2008
BURMA,25.0,25.0,25.0,32.5,25.0,25.0,33.3,31.3,35.5,38.9,38.9,44.4,2008
KIKOMBA,21.5,22.0,22.0,23.5,26.3,35.0,35.0,30.0,36.8,35.0,35.0,36.4,2008
KANGEMI,22.0,22.5,23.0,23.0,27.3,30.0,30.0,30.0,31.0,31.0,33.3,33.3,2008
KOROKOCHO,20.0,20.0,21.5,23.0,21.1,26.2,38.9,36.6,33.3,33.3,33.3,36.4,2008
TOI,21.4,21.4,23.8,23.8,26.2,28.6,28.6,31.0,31.0,31.0,33.3,33.3,2008
KIAMBU,17.4,16.7,16.7,14.3,16.7,11.9,11.9,11.9,9.5,9.5,9.5,-,2007
LIMURU,15.0,15.0,15.0,15.0,15.0,15.0,16.2,16.1,16.0,15.0,15.0,-,2007
THIKA,18.2,19.1,19.1,19.1,19.1,18.2,19.1,18.2,18.2,18.2,18.2,-,2007
GATUNDU,18.3,16.7,14.3,16.7,15.8,14.3,10.0,17.5,-,19.1,-,-,2007
MUTHITHI,11.9,11.9,10.7,9.5,10.2,10.7,13.3,-,-,-,-,-,2007
MUKUYU,17.6,15.8,15.8,15.0,19.1,15.8,12.5,12.5,-,-,-,14.3,2007
KIRIAINI,16.7,16.7,16.7,16.7,14.3,14.3,14.3,14.3,14.3,-,-,14.3,2007
ENGINEER,18.0,16.7,16.3,15.0,16.7,20.0,18.6,15.0,15.0,15.0,15.0,-,2007
NYERI,19.1,16.7,16.7,14.3,14.3,19.1,19.1,14.3,14.3,14.3,.,-,2007
ENDARASHA,16.7,17.9,19.1,20.0,19.1,-,-,-,-,-,-,-,2007
KARATINA,15.9,16.3,13.6,13.3,14.3,17.5,13.3,14.3,15.0,15.0,15.0,-,2007
GAKINDU,16.7,17.5,17.5,14.3,17.5,12.5,14.3,17.5,17.5,14.3,14.3,-,2007
NANYUKI,20.0,20.0,20.0,20.0,20.0,20.0,17.0,17.0,20.0,20.0,20.0,-,2007
NYAHURURU,17.5,16.0,14.6,12.0,12.0,22.5,11.9,14.3,-,-,-,-,2007
MARIAKANI,20.0,20.0,18.0,20.0,18.0,18.0,18.0,17.0,17.0,17.0,17.0,18.0,2007
KALOLENI,20.0,20.0,17.0,17.0,17.0,18.0,18.0,17.0,17.0,17.0,14.0,18.0,2007
MALINDI,20.0,17.2,20.0,-,20.0,20.0,20.0,20.0,-,-,-,-,2007
KIBAUNI KILIFI,21.0,20.0,18.0,18.0,17.0,16.5,17.0,17.0,17.0,17.0,.,18.0,2007
UKUNDA,35.0,35.0,38.0,35.0,35.0,30.0,25.0,25.0,-,-,-,-,2007
WUNDANYI,-,-,14.0,14.0,13.0,-,-,-,-,-,-,-,2007
MWEMBE TAYARI,20.0,20.0,23.7,30.0,20.0,20.0,20.0,18.0,-,-,-,-,2007
SEGA,20.0,20.0,20.0,22.0,20.0,-,-,-,-,-,-,-,2007
KONGOWEA,15.0,15.0,.,15.0,14.0,14.5,14.0,-,-,-,-,-,2007
GARSEN,-,20.0,25.0,-,-,-,20.0,20.0,25.0,-,-,-,2007
BURA TANA,20.0,20.0,20.0,40.0,20.0,-,-,-,-,-,-,-,2007
RUNYENJES,17.5,17.5,15.0,15.0,15.0,12.5,10.0,12.5,12.5,12.5,15.0,12.5,2007
EMBU TOWN,17.5,17.5,15.0,12.5,12.5,12.0,12.5,12.5,12.5,12.5,15.0,15.0,2007
SIAKAGO,20.0,17.5,12.5,12.5,12.5,-,11.8,11.5,11.5,15.0,15.0,15.0,2007
MWINGI,15.0,16.0,15.0,8.0,-,15.0,15.0,10.0,15.0,-,-,-,2007
MIGGWAINI,17.0,16.0,7.3,10.0,10.0,10.0,12.0,12.0,-,12.0,13.0,-,2007
MACHAKOS TOWN,18.2,-,12.0,12.0,5.7,10.0,10.0,12.0,12.0,13.0,-,-,2007
TALA,12.0,9.8,9.4,9.5,10.0,9.5,9.0,20.0,10.0,10.0,-,-,2007
MAUA,-,25.0,16.3,12.5,15.0,13.8,12.5,-,-,-,-,-,2007
KIANJAI,17.8,17.8,10.0,12.5,11.1,11.1,8.9,-,-,-,-,-,2007
GAKOROMERE,16.0,13.6,8.0,9.1,9.1,10.9,9.1,9.1,9.1,12.0,11.8,11.8,2007
WOTE,17.0,15.0,14.0,11.0,11.0,12.0,12.0,12.0,14.0,14.0,-,17.0,2007
GARISA TOWN,29.6,16.7,16.7,16.7,16.7,16.7,16.7,-,15.0,-,-,-,2007
DARAJA MBILI,13.3,14.3,13.6,14.3,14.3,13.6,12.8,11.4,13.3,14.3,9.5,17.6,2007
KIBIRIGO,16.7,-,-,-,-,16.7,11.9,-,13.3,.,.,.,2007
NYANGUSU,14.3,9.1,10.9,11.9,13.1,10.0,10.9,11.9,9.5,14.3,11.9,13.3,2007
RIOCHANDA,13.3,-,-,-,22.6,-,-,16.7,-,-,-,-,2007
NYABITE,15.5,-,-,-,14.3,-,-,14.3,-,-,-,-,2007
MOGONGA,12.4,10.9,10.4,11.9,12.4,13.3,11.7,9.5,9.5,11.9,15.0,14.3,2007
NYAMACHE,14.3,12.1,10.0,14.3,11.9,11.6,10.9,11.9,11.9,-,12.4,14.3,2007
KIBUYE,16.7,14.1,14.3,15.7,-,-,-,-,-,-,-,-,2007
AHERO,-,-,-,-,-,-,-,-,-,-,-,16.7,2007
KIBOSWA,16.2,15.7,14.1,15.2,-,-,-,-,-,-,-,-,2007
SONDU,14.6,13.6,13.6,-,-,-,-,-,-,-,16.7,16.7,2007
BONDO,15.0,15.4,17.5,17.5,14.1,15.0,15.0,16.5,16.5,16.5,16.5,-,2007
OYUGIS,12.4,13.3,-,-,16.2,-,15.7,-,-,-,-,-,2007
KEHACHA,15.9,13.6,-,-,-,-,-,-,-,-,-,-,2007
KABARNET,15.0,-,15.0,15.0,15.6,15.0,-,-,-,-,-,-,2007
NAKURU TWON,22.2,22.2,22.2,22.2,22.2,22.2,22.2,22.2,22.2,22.2,22.2,22.2,2007
KAPSABET,13.0,13.0,13.0,14.3,15.2,15.2,16.7,-,-,-,-,-,2007
KITALE,-,17.5,16.5,14.3,15.0,14.8,17.5,17.5,17.5,-,-,-,2007
ELDORET,13.3,13.2,13.6,15.2,18.5,17.5,19.0,17.5,14.0,15.0,14.0,12.5,2007
BURN FOREST,-,10.4,13.5,16.7,11.0,0.5,20.0,13.5,12.8,14.0,14.0,12.0,2007
TURBO,11.4,11.2,10.0,11.4,11.9,17.6,14.0,17.2,16.8,12.0,12.0,-,2007
KIPKAREN,12.9,12.0,12.0,15.0,16.5,17.5,17.5,17.5,16.5,10.4,14.0,10.8,2007
ITEN,11.9,25.0,26.3,11.9,-,-,-,-,20.0,17.5,-,-,2007
KAJIADO TOWN,20.0,20.0,-,20.0,20.0,20.0,20.0,20.0,25.0,20.0,25.0,-,2007
KAPKATENY,12.5,13.7,13.6,14.3,17.1,17.1,17.1,17.6,14.3,11.9,11.9,-,2007
BUNGOMA TOWN,14.3,14.0,13.6,15.2,13.6,-,-,-,-,14.6,13.6,14.3,2007
KIMILILI,13.3,13.7,12.9,14.3,.,15.7,16.7,15.7,16.7,11.9,13.3,14.3,2007
KAPSOKWONY,13.1,13.3,14.0,15.2,18.1,18.1,17.1,18.1,14.3,13.3,14.3,12.4,2007
BUTERE,-,-,14.7,14.6,15.9,16.5,15.7,-,-,-,-,-,2007
KAKAMEGA,14.0,14.0,13.6,15.2,15.2,16.3,15.9,13.6,13.6,12.7,13.6,13.6,2007
MUMIAS,-,-,14.7,14.7,15.7,16.7,17.0,-,-,-,-,-,2007
MUNDETA,14.3,14.3,14.3,14.3,15.2,15.2,15.2,14.3,14.3,-,15.2,14.3,2007
CHEPTULA,14.3,14.3,14.3,15.2,15.2,-,14.3,13.3,-,15.2,14.3,14.3,2007
Mbale,14.3,13.6,13.6,14.3,-,15.2,15.2,14.3,14.6,14.6,13.6,14.3,2007
KAWANGWARE,22.0,20.0,20.0,20.0,30.0,21.1,19.1,20.0,19.1,18.1,18.3,20.0,2007
BURMA,20.0,20.0,22.0,22.0,22.0,20.0,20.0,20.0,20.0,20.0,22.0,25.0,2007
KIKOMBA,19.1,19.0,20.0,19.0,18.2,20.0,18.2,20.0,19.1,17.1,20.0,20.5,2007
KANGEMI,19.5,20.5,19.1,19.0,20.0,20.0,20.0,20.0,18.2,19.1,20.0,20.5,2007
KOROKOCHO,18.0,19.5,20.0,19.0,20.0,18.2,18.2,19.0,16.4,19.5,19.1,20.0,2007
TOI,21.0,20.1,18.0,17.5,29.2,17.4,16.7,16.7,15.0,15.4,17.1,18.2,2007
,,,,,,,,,,,,,
