MARKETS,Jan,Feb,March,April,May,JUNE,JULY,August,Sep,Oct,Nov,Dec,year
Kiambu,40,50,-,-,-,-,-,-,-,-,-,-,2017
Limuru,40,50,-,-,-,-,-,-,-,-,-,-,2017
Thika,45,55,-,-,-,-,-,47.5,40,-,-,-,2017
Kutus,40.3,50.8,51.1,-,-,-,-,-,-,-,-,-,2017
Sagana,45.5,-,-,-,-,-,-,-,-,-,-,-,2017
Kerugoya,43.2,50.5,53.4,-,-,-,-,-,-,-,-,-,2017
Githumu,44.1,47.6,50,57.1,61,61.9,60.3,-,-,-,-,-,2017
Muthithi,-,-,45.2,-,-,-,-,-,-,-,-,-,2017
Makuyu,44.8,47.6,50.8,-,-,-,-,45,40,-,-,-,2017
Kiriaini,-,-,55,60,-,-,-,-,-,-,-,-,2017
Ol Kalou,45,50,50,48.8,50,64,65,-,-,-,-,-,2017
Ndaragwa,-,48.8,40.9,45.2,45.2,-,62.3,-,-,-,-,-,2017
Nyeri,22.4,25,23.8,27.8,32.5,35,-,-,-,-,-,-,2017
Endarasha,22.7,23.7,30.8,28,30.4,31,-,55.6,63,68.6,55.6,,2017
Karatina,22,21.4,20.2,22.6,28.8,-,-,44.4,51.3,62.2,44.4,,2017
Gakindu,23.4,24.2,26.5,28.8,30,30,-,50,50,50,,,2017
Nanyuki,44.1,54.3,53.2,61.6,67.5,66.7,65.7,60,52.5,50,,,2017
Nyahururu,35.7,44.9,46.2,53.8,60.3,76.4,72.4,,,,,,2017
Ukunda,42.8,43,43,46.3,57.5,55,52,,,,,,2017
Kwale,44.2,42.5,42.5,46.8,62,56.7,58.7,,,,,,2017
Wundanyi,40,45,45,-,-,-,-,,,,,,2017
Voi,41.3,42.5,45,-,-,-,50,90,58.3,,,,2017
Mwatate,40.7,44,46,-,-,-,-,,,,,,2017
Mwembe Tayari,46,43.8,50,62.5,82,82.5,66.3,67.5,,,,,2017
Majengo,50,46.3,50,62.5,90,82.5,62.5,,,,,,2017
Sega,48,47.5,51.3,63.8,96.7,75,60,50,45,45,,,2017
Kongowea,46,48.8,53.8,56.3,58,60,56.3,50,53.1,50.3,,,2017
Hola,48,37.5,48.3,67.5,47.5,58,50,43.2,36.4,36.4,,,2017
Bura Tana,42,35,50,50,50,50,50,45.5,43.6,40.9,,,2017
Runyenjes,44.3,45.5,45.5,45.5,45.5,52.5,45.5,54.6,46.6,36.4,,,2017
Embu Town,43.2,45.5,45.5,48.5,54.6,54.6,47.7,,,,,,2017
Siakago,40.9,-,45.5,-,-,-,-,,,,,,2017
Tharaka,40.9,43.2,45.5,45.5,45.5,50,45.5,,,40,,,2017
Mwingi,-,45,-,-,-,-,-,,,,,,2017
Migwaini,-,-,-,-,-,-,50,50,46.7,40,,,2017
Kalundu,43,43.7,50,50,-,-,50,,,,,,2017
Machakos Town,44,48.3,-,52.5,-,63.1,60,50,50,,,,2017
Tawa,41.7,45,45,47.6,50.5,53.4,51,,38.9,38.9,,,2017
Tala,40,43,-,42,-,-,-,51.9,41.7,44.4,44.4,,2017
Maua,53,66.7,66.7,-,-,-,-,56.1,,,,,2017
Kianjai,-,-,-,-,-,-,47.8,,,,,,2017
Gakoromere,48.3,55.6,47.9,50,51.1,54.5,53.7,50,40,,,,2017
Chuka Town,49.4,51.4,-,-,-,-,-,,,60,,,2017
Kathwana,41.7,25.3,55.6,53.7,-,-,-,46.3,57.5,70,,,2017
Wote,41.7,44.8,45,46.4,52.4,59,54,,,,37.5,,2017
Kibirigo,-,-,-,-,-,-,40.3,,,,,,2017
Riochanda,-,-,-,-,-,-,43.1,,,,,,2017
Nyabite,-,-,-,-,-,-,45.8,,,,,,2017
Bondo,41.9,44.7,50.1,50.1,-,-,-,,,,,,2017
Siaya,-,-,51.5,53.7,-,-,-,,,,,,2017
Ngiya,37.2,41.4,52.7,-,-,-,-,,,,,,2017
Unguja,41.9,42.8,51.7,50.1,-,-,-,,,,,,2017
Turkana,54.6,58,51.1,-,-,-,-,,38.5,58.6,58.3,,2017
Kabarnet,40.3,41.3,43.3,-,-,66.7,66.7,,,,,,2017
Kimulot,39.1,44,56,52,57,60,52,,,44,,,2017
Muthurwa Narok,38,47,54,56,56,53.9,55.7,62.5,60,,,,2017
Nakuru Town,37.2,55.3,60,61.5,63.3,66,66.7,,50,39.9,27.6,,2017
Kitale,33.3,33.3,38.9,49,54.2,57.3,48,,,39.6,29.1,,2017
Eldoret,32,32,38,40,48,53,50,,40.1,32.4,29.2,,2017
Burn Forest,35,35,41.3,50,60.6,58.6,52.2,45,45,37.2,,,2017
Turbo,28,31.5,32,37,49,52,48,34.8,31.8,30.9,,,2017
Kipkaren,30.8,32.7,32,39,50,54,45.5,32.6,32.9,29.8,,,2017
Iten,33.4,40.3,41.4,65.3,51.3,57.2,50,32.6,35.3,30.9,,,2017
Kajiado,47.5,50,-,50,61.7,60,-,41.4,38.9,32.5,,,2017
Kapkateny,-,-,-,-,-,66.7,-,,50,48.4,42,,2017
Bungoma Town,35.5,-,-,-,-,-,-,,,,,,2017
Kimilili,33,-,-,-,-,-,-,,,,,,2017
Kapsokwony,34.2,-,-,-,-,-,-,,,,,,2017
Butere,34.7,38,40,-,-,-,-,,,,,,2017
Kakamega,41.9,50,50,-,-,-,-,29,29.6,31.3,,,2017
Mumias,34.8,37,40,-,-,-,-,35,33.8,37.5,,,2017
Mundeta,-,-,-,57.1,57.1,58.3,-,28,27.8,30.2,,,2017
Cheptula,37.6,42.3,46.9,57.1,57.1,55.6,57.1,44.5,42.9,33.3,,,2017
Mbale,40,47.5,50,52.5,56.6,59.5,57.1,41.3,33.3,33.3,,,2017
Muthurwa,50,54.6,55,52.4,50,52.4,65,47.6,42.9,38.1,,,2017
Kawangware,47.6,47.6,47.6,47.6,47.6,47.6,68.2,64.3,59.8,59.9,52.3,,2017
Burma,50,50,60,65,65,60,70,65,62.7,60.3,52.5,,2017
Gikomba,47.6,54.6,52.4,52.4,65,50,65,65,60,60,50,,2017
Kangemi,50,47.5,50,47.5,54.6,59.3,55,62.5,60,58.7,50,,2017
Korokocho,45,47.6,47.6,50,50,55,65,56.1,55,53.8,50,,2017
Toi,47.6,50,57.1,63.6,61.9,68.2,71.4,62.5,61.1,53.5,,,2017
Kiambu,-,,35,35,35,35,,,40,40,40,40,2016
Limuru,,,35,35,35,35,,,40,38.75,40,40,2016
Thika,-,45,45,,,40,40,40,40,40,40,-,2016
Gatundu,-,-,44.17,45,45,45,30,36.25,35,35,-,-,2016
Kutus,32.41,24,23.71,25.36,25,29.17,33.33,32.03,32,36.04,35.71,37.5,2016
Sagana,29.03,26.39,42.28,51.19,22.78,31.82,39.05,33.34,29.05,33.37,38.14,41.25,2016
Kerugoya,34.61,33.33,28.17,27.7,22.48,33.41,38.1,51.13,30.43,35.57,38.24,40.91,2016
Muthithi,22.73,22.73,22.73,23.87,24.09,25,26.14,31.82,32.39,34.09,34.09,35,2016
Makuyu,28.57,28.57,27.98,23.81,26.19,-,-,-,-,,37.3,38.1,2016
Kiriaini,32.5,35,34.38,35,,-,-,-,-,37.5,37,37.92,2016
Ol  Kalou,-,-,-,-,-,-,-,47.62,50,50,45,45,2016
Ndaragwa,-,-,-,-,-,-,-,-,33.33,40,40.5,-,2016
Nyeri,31.82,33.79,37.96,35.8,31.47,32.19,39.47,40,40,36.32,40,40,2016
Endarasha,38.1,35.71,,,,30,30.1,35,35,35,35,35,2016
Karatina,34.17,35,33.75,32.5,30.08,24.41,31.27,34.17,33.36,31.86,30,30,2016
Gakindu,33.36,34.58,36.95,35.97,30,46.67,38.26,38.49,35,38.75,40,40,2016
Nanyuki,40.37,38.8,38.47,38.47,37.95,38.26,30.71,33.36,38.63,44.44,44.69,48.2,2016
Nyahururu,22.73,24.24,25,27.27,28.64,28.64,28.03,32.2,31.82,34.85,31.82,31.82,2016
Ukunda,40,40,40,40,39.89,40.86,40.89,41.45,41,41,40,40,2016
Kwale,39,39.33,38,38.57,38.42,38.5,42,42,42,41.4,41.78,40,2016
Wundanyi,-,-,-,-,-,-,-,35.43,35.7,36,37,-,2016
Voi,-,-,-,-,-,-,-,33.71,37.5,37,38,38,2016
Mwatate,-,-,-,-,-,-,-,34.2,34.5,35.33,35,,2016
Mpeketoni,32.5,30,,,,30,30,30,31.25,33.33,33.75,40,2016
Mkunguni,50,-,-,-,-,50,50,50,50,50,50,50,2016
Mokowe,-,-,-,-,-,-,-,-,-,50,50,50,2016
Mwembe  Tayari,43,40,40,40,40,40,40,40,41.67,40,40,40,2016
Majengo,40,40,40,40,39.2,40,40,40,40,40,40,40,2016
Sega,41,40,40,40,40.8,40,40,40,40,40,40,40,2016
Kongowea,34.8,35,35.5,37,39.2,40,40,39.25,38.5,39,40,40,2016
Hola,37.5,38.33,40,-,-,-,50,35,35,40,38.75,40,2016
Garsen,-,-,-,-,-,-,-,-,-,40,-,-,2016
Bura  Tana,45,40,42.5,-,-,-,45,40.71,33.33,40,45,45,2016
Runyenjes,27.27,32.05,24.24,36.36,48,24.24,22.73,24.24,27.5,29.74,33.12,36.36,2016
Embu  Town,27.27,27.27,22.73,22.73,-,26.14,28.79,31.82,29.09,31.82,32.96,36.36,2016
Siakago,29.87,27.78,22.25,27.27,-,27.27,26.14,28.41,24.09,31.82,33.33,32.96,2016
Mwingi,30,30,29,30,-,-,-,-,30,33.25,35,35,2016
Kalundu,30,-,-,-,-,30,30,35,32.75,,35,35,2016
Machakos  Town,35,35,35,30,34.58,30,30,31.25,35,42,35,35,2016
Tawa,30.22,29.5,29,25,27.75,30,27.67,29.5,30,29.75,32.5,35,2016
Tala,32,32,32,25,26.25,27,26,30.5,30,31,35,-,2016
Maua,-,-,-,-,-,-,-,-,-,44.44,45.23,-,2016
Kianjai,-,21.11,20.56,22.22,,27.78,27.78,27.78,27.78,34.57,38.89,-,2016
Gakoromere,33.33,33.33,24.44,22.22,24.07,27.78,33.33,33.33,33.33,35.32,38.89,38.89,2016
Chuka  Town,47.04,36.13,31.25,34.94,30,34.03,34.9,31.74,30.99,35.44,34.86,,2016
Kathwana,-,-,33.33,30.55,-,-,32.75,34.79,29.57,33.11,35.28,38.97,2016
Wote,30,30,29.33,25,27.75,28,28.17,28.63,-,30.8,33,-,2016
Marsabit,39.25,38,34.75,35.5,40,37.71,37.2,37,36,39.33,40,38,2016
Kibuye,30.46,32.61,30.43,31.87,33.34,35.18,35.1,29.95,34.06,33.96,34.58,37.09,2016
Ahero,31.35,31.13,29.8,29.64,29.94,32.27,35.15,33.51,34.64,36.33,37.17,39.33,2016
Kiboswa,31.49,32.98,32.98,30.78,31.95,33.55,33.56,33.17,38.69,45.06,35.57,36.81,2016
Sondu,30.72,30.8,30.01,30.13,,34.59,33.67,34.78,34.42,37.39,38.59,38.14,2016
Bondo,27.43,28.41,30.12,31.82,31.82,32.87,37.46,-,-,-,-,-,2016
Akala,-,-,-,-,-,-,-,34.66,36.36,38.32,37.08,-,2016
Siaya,27.12,27.27,30.34,31.55,31.78,32.02,34.17,33.15,39.66,39.86,37.64,-,2016
Ngiya,31.47,27.27,31.92,31.64,30.69,32.74,33.69,31.78,34.72,36.77,35.05,33.53,2016
Unguja,30.52,30.52,31.17,,,33.39,35.32,35.41,33.16,36.65,35.58,-,2016
Kegonga,35.87,31.25,30.44,36.96,34.78,36.96,36.96,30.43,31.52,43.48,43.48,47.83,2016
Homabay,27.77,26.85,27.5,27.87,28.13,32,-,-,32,34.12,36.12,36.18,2016
Oyugis,24.27,24.09,24.64,27.67,-,32,-,-,26.38,32.35,36.67,37.5,2016
Kehacha,34.78,30.43,28.26,-,28.26,26.09,25,26.09,34.78,-,39.13,43.48,2016
Migori,34.78,,28.26,30.43,33.7,34.78,26.09,23.08,26.09,34.78,39.13,43.48,2016
Turkana,,,,,,,,37.39,53.53,43.18,45.45,,2016
Kabarnet,,,,,,34.05,,42.83,-,-,-,-,2016
Kimulot,,,26,,,32,32.5,36,32,32,-,-,2016
Sotik,-,-,-,-,,32,32.4,32.8,33,36,-,-,2016
Fort  Ternan,-,-,-,-,,,,,30,30,-,-,2016
Bomet,-,-,-,-,36,36,36,36,36,34.67,-,-,2016
Muthurwa  Narok,36,36,38,35,32,36,33.78,33,32,34,32,,2016
Nakuru  Town,60,62.5,62.5,50,50.91,57.5,60,60,48.89,47.5,44.29,34.29,2016
Mulot,29.5,-,-,-,33.91,35.08,33.6,33.14,-,-,-,-,2016
Kitale,-,-,-,-,-,-,35.61,36.11,35.42,32.08,31.25,30.21,2016
Kapenguria,-,-,28,28,28,32,-,-,-,-,-,-,2016
Eldoret,24,27,27.5,28,32,32,32,32,32,32,32,32,2016
Burn  Forest,31,31.25,35,35,35,35,35,35.71,40,46.25,33.75,35,2016
Turbo,25,26.88,30,32.5,35,35,35,37.14,37.5,34,28.75,29.38,2016
Kipkaren,25,26.88,30,32.5,35,35,35,37.86,40,34,30.54,29.38,2016
Iten,23.96,24.79,28.86,26.14,29.4,34.12,34.85,34.48,32.67,34.12,-,27.23,2016
Kajiado,50,40,50,50,47.33,46.67,44,42.5,50,45,50,-,2016
Bungoma  Town,26.97,24,26.99,27.55,29.17,35.61,36.42,30.27,30.11,28.87,32.43,34.41,2016
Kimilili,-,-,-,-,-,-,35.05,30.27,,21.81,26.54,,2016
Kapsokwony,-,-,-,-,-,-,-,-,35.16,25.67,26.8,28.28,2016
Bumala,35.71,35.71,35.71,35.71,35.71,33.33,41.43,45.24,40.48,40.48,40.48,40.48,2016
Busia  Town,35.71,38.1,38.1,38.1,38.1,42.86,41.67,39.29,36.91,40.48,40.48,40.48,2016
Butere,27.73,30.68,31.82,43.22,35,40.57,33.85,21.29,23.1,28.25,31.82,38.64,2016
Kakamega,33.22,40,40,37.5,38.75,40,40.63,38.33,32.5,34.38,35,40.83,2016
Mumias,28.25,31.82,30.69,30.69,37.5,40,39.07,31,24,26,29.5,32,2016
Mundeta,26.19,26.19,27.38,27.78,30.95,35.71,34.28,32.14,30.95,34.85,32.74,33.33,2016
Cheptula,28.57,26.19,,30.95,33.33,35.71,37.01,35.71,34.52,32.14,34.92,35.71,2016
Mbale,25.4,30.16,27.74,30,33.89,-,-,35,35,32.5,-,-,2016
Muthurwa,40.91,42.86,42.5,40.91,42.86,45,42.86,42.86,45.45,42.86,45.45,47.62,2016
Kawangware,45.45,42.86,42.86,42.86,45.24,47.5,45.24,43.18,45.24,45.34,,47.62,2016
Burma,45,45,41.67,41.67,41.67,50,45,45,45,50,50,50,2016
Gikomba,36.36,45.24,42.86,42.86,42.86,42.86,40.91,40,42.86,43.18,45.24,45.45,2016
Kangemi,42.86,45,45.45,45,42.86,45,42.86,42.86,47.62,45,45.24,45.24,2016
Korokocho,37.5,42.86,40.91,42.86,40.91,42.5,42.86,40.91,42.86,45,42.86,42.86,2016
Toi,45,42.86,42.86,42.5,40.91,42.86,42.86,42.5,42.86,45,42.86,45,2016
"Kiambu",40,40,40,40,40,40,40,-,-,-,-,-,2015
Limuru,40,40,40,40,40,40,40,-,-,-,-,-,2015
Thika,50,49.38,42.5,50,50,-,50,-,44.29,-,-,-,2015
Gatundu,43.83,43.8,-,-,-,-,-,-,40,-,-,-,2015
Kutus,32.99,28.58,-,29.72,32,34.24,30.11,30.67,24.33,28.58,28.58,29.17,2015
Sagana,32.02,31.1,-,32.02,36.36,37.99,30.61,24.06,31.82,28.38,33.16,36.36,2015
Kerugoya,32.45,31.52,-,34.78,34.78,36.23,32.61,37.12,29.91,29.8,29.22,31.46,2015
Muthithi,30.52,-,31.82,32.39,36.36,31.82,32.73,-,25.57,25,-,-,2015
Makuyu,33.33,33.33,33.33,34.52,-,34.76,33.33,35.24,33.33,39.37,29.36,28.57,2015
Kiriaini,-,35,35,37.08,40,40,37.5,36.25,35.63,32.56,32.5,-,2015
Engineer,40,40,34,38,40,-,-,-,-,-,-,-,2015
 Nyeri,39.62,38.89,42.73,41.39,49.34,48.81,43.93,52.54,47.62,-,-,-,2015
Endarasha,40.95,42.86,37.37,41.61,43.81,,36.67,38.88,35.83,-,-,-,2015
Karatina,34.17,35.52,37.64,43.72,40.26,39.05,38.5,39.29,43.02,45,-,-,2015
Gakindu,-,35.59,33.33,33.03,38.59,37.8,,37.22,33.13,34.25,35,,2015
Nanyuki,44.57,36.19,37.49,47.23,48.89,43.02,45.83,46.11,43.07,44.42,44.29,33.46,2015
Nyahururu,32.56,29.55,27.27,36.36,34.85,31.82,31.82,31.82,30.52,30,25,27.27,2015
Kaloleni,35,-,-,-,-,-,-,-,-,-,-,-,2015
Malindi,31.5,30,34,37,-,-,-,-,-,-,-,-,2015
Kibauni Kilifi,40,45,45,43.75,45,-,-,-,-,-,-,-,2015
Ukunda,30,30,32,43.33,45,42.5,38,45,40,40.67,40.25,39.43,2015
Kwale,40,38.89,38.75,40,31.11,30,30,32.5,-,38.89,36.25,38.5,2015
Mpeketoni,-,-,-,-,-,-,-,-,-,40,-,-,2015
Mkunguni,-,60,55,50,56.25,-,-,50,50,50,50,-,2015
Mwembe Tayari,45,41.75,43.25,41.75,42.5,50,45,47.5,46.25,56,61.67,-,2015
Majengo,38,41.25,45,40,42.43,45,42.8,41,45,42.83,40,-,2015
Sega,38.25,35,37.5,43.75,40,-,40.17,45,45,45,45,-,2015
Kongowea,34.4,30,30,54.33,38,-,40,39.67,40,38,37,-,2015
Hola,-,-,-,-,-,50,37.5,35,-,50,-,35,2015
Garsen,-,-,-,-,-,40,40,-,40,-,-,-,2015
Bura Tana,-,-,-,-,-,40,35,-,35,35,-,30,2015
Runyenjes,32.95,31.82,27.84,27.78,32.73,32.83,31.82,30.91,25,23.86,27.27,27.27,2015
Embu Town,32.73,30.3,28.98,31.25,36.36,34.09,32.95,30,27.27,27.27,22.73,22.73,2015
Siakago,33.33,33.33,31.82,31.82,36.36,35.06,33.12,28.98,24.68,27.27,27.27,29.55,2015
Mwingi,27.4,27.25,27,30.25,34.2,34.6,35.89,31.67,30,30,-,30,2015
Kalundu,28,27,27,33,34.75,33,36.29,35,30,30,30,30,2015
Machakos Town,32.5,30,30.75,40.83,35,36.25,40,36.5,35,35,35,40,2015
Tawa,28.67,30,26,30.67,33.11,30,30,-,33.13,32.38,32.5,33,2015
Tala,28,26.86,26.5,26.38,33,32.22,34.25,35,35,35,35,34,2015
Maua,30,30,30.56,36.25,36,35,35,35,35,35,35,-,2015
Kianjai,33.33,29.26,29.51,33.33,33.33,34.17,33.33,33.33,33.33,33.33,33.33,-,2015
Gakoromere,33.33,31.25,27.78,28.47,33.33,33.33,34.3,37.5,37.04,33.33,33.33,-,2015
Chuka Town,39.1,41.97,37.84,34.81,37.9,45.53,41.41,-,-,-,-,-,2015
Kaanwa,30.51,-,-,-,-,-,-,-,-,-,-,-,2015
"Wote
Wajir Town",28.13,27.75,28.5,34,34.25,34.75,-,-,34.5,32.75,32.5,32.5,2015
Marsabit,41.8,41.75,38,38.5,40.2,43,36.4,38.5,38.5,40,35.5,37.33,2015
Daraja Mbili,31.25,28.41,27.44,32.58,36.36,36.36,-,34.09,31.82,34.09,-,-,2015
Kibirigo,27.17,27.08,32.29,37.5,-,-,-,-,-,-,-,-,2015
Nyangusu,27.27,27.27,27.27,34.09,35.97,38.04,39.13,39.13,30.43,21.74,-,-,2015
Riochanda,22.83,27.17,29.35,-,-,-,-,-,-,-,-,-,2015
Nyabite,31.94,26,32,35.42,-,-,-,-,-,-,-,-,2015
Mogonga,36.36,27.27,27.27,34.09,38.18,-,-,-,-,-,-,-,2015
Igare,35.57,28.09,35.63,36.86,37.5,38.64,43.48,43.48,28.26,26.09,-,-,2015
Kibuye,30.22,27.17,28.92,31.06,35.22,35.42,35.1,30.46,30.12,30.78,-,-,2015
Ahero,-,25.28,29.5,32.93,34.24,34.06,33.35,30.92,39.48,39.34,-,-,2015
Kiboswa,32.18,28.94,29.57,30.87,33.77,-,37.51,30.76,30.81,30.34,-,-,2015
Sondu,-,25.68,30.14,33.53,33.53,35.42,34.49,29.34,29.18,28.89,-,-,2015
Bondo,27.67,22.92,30.18,31.46,36.58,34.71,34.03,29.26,27.43,-,-,-,2015
Siaya,27.23,-,-,-,-,-,33.24,29.81,-,-,-,-,2015
Ngiya,-,23.89,-,-,-,-,34.66,27.51,-,-,-,-,2015
Unguja,26.43,-,-,-,-,-,35.43,27.59,-,-,-,-,2015
Kegonga,25.35,20.83,24.15,31.25,31.67,34.78,36.96,32.5,36.96,-,-,-,2015
Homabay,28.04,31.04,31.26,36.57,-,32.42,35.29,-,-,-,-,-,2015
Oyugis,27.21,28.47,30.67,33.33,34.78,33.15,35.42,-,-,-,-,-,2015
Kehacha,24,24,24,32,32,-,32,32,-,32,-,-,2015
Migori,24,28,32,32,32,-,28.26,30.43,30.43,-,-,-,2015
Kabarnet,27.78,27.78,33.33,38.89,38.89,38.89,38.89,-,-,-,-,-,2015
Kimulot,-,27.46,31.27,36,34,-,38.4,37.5,-,-,-,-,2015
Sotik,-,29.11,31.51,36,36,-,42.67,36,32,-,-,-,2015
Bomet,-,30.8,31,-,36.42,-,36,36,-,-,-,-,2015
Muthurwa Narok,29,32.5,36.5,40,36.5,39,3.01,38,33.75,32.5,-,-,2015
Nakuru Town,40,47.5,47.22,48.75,51.43,50,49.09,46.43,47.5,52.5,-,-,2015
Kapsabet,30.43,29.35,30.43,30.43,36.96,39.13,39.13,43.48,43.48,-,-,-,2015
Mulot,-,-,-,-,-,-,-,35.04,-,-,-,-,2015
Kitale,22.92,22.92,22.92,29.17,-,-,-,-,-,-,-,-,2015
Eldoret,30,27,27.5,30,31.78,36.6,32,32,32,32,24.5,24,2015
Burn Forest,31,30.63,35,35.63,35,35,34.57,35,35,34.69,30,30,2015
Turbo,20,22,24,31.63,35,35,35,36.67,30,28.33,28.13,25,2015
Kipkaren,20,21.5,24,32.13,35,35,35,37.5,30,30,26.25,25,2015
Iten,30.94,30,30,33.75,35.71,35,31.04,33.4,33.76,29.62,26.68,23.96,2015
Kajiado,40,40,40,40,40,40,43,-,46.25,45,45,50,2015
Bungoma Town,28.57,27.14,28.95,34.32,34.29,33.33,36.96,32.45,25.09,24.63,24.31,25.42,2015
Kimilili,-,23.91,26.22,-,-,-,-,24,22.8,-,20.23,-,2015
Kapsokwony,21.98,21.98,24.36,20.41,-,-,-,26.53,25.33,-,21.05,20.62,2015
Bumala,26.67,27.38,30.16,30.95,33.93,36.11,36.51,25.51,23.81,25.6,28.57,32.74,2015
Busia Town,31.43,23.81,26.19,31.55,35.12,36.51,36.11,25.51,25,26.19,27.38,35.71,2015
Butere,27.27,26.63,27.87,29.55,36.08,38.47,39.2,34.09,28.41,28.64,30.68,27.2,2015
Kakamega,28.2,27.27,30.39,33.18,34.91,39.05,38.79,37.14,30.83,24.4,29,31.5,2015
Mumias,27.21,26.52,28.33,31.82,34.43,38.64,38.46,32.95,28.41,28.18,30.68,27.84,2015
Mundeta,25,24.76,25.4,31.63,33.33,33.33,-,32.65,33.33,33.33,-,-,2015
Cheptula,25,23.81,28.57,31.97,35.71,33.93,34.13,-,33.33,30.95,30.36,28.57,2015
Mbale,23.81,23.81,26.19,30.16,33.33,33.33,29.76,30.95,30.01,28.57,28.57,-,2015
Muthurwa,45,43.48,45.45,47.62,50,45.45,47.62,45.45,45.45,47.62,47.62,45,2015
Kawangware,42.86,42.86,45,45.45,50,47.62,42.86,47.62,47.62,50,50,47.62,2015
Burma,45,45,50,45.45,50,45,45,45.45,45.45,50,50,50,2015
Gikomba,45.57,-,-,-,-,40,47.62,47.62,47.62,45.45,50,47.62,2015
Kangemi,42.86,42.86,45.45,45.45,45.45,45.24,47.62,45.45,45.45,50,49.32,47.62,2015
Korokocho,44.72,43.27,44.72,46.54,46.54,-,-,-,45,45,47.5,43.93,2015
Toi,45,45.45,50,47.62,50,40,47.5,45.24,45.24,42.86,45,90,2015
Kiambu,49.38,45,45,45,40,45,43.75,40,40,40,40,-,2014
Limuru,40,40,40,40,43.33,45,40,40,40,40,40,-,2014
Thika,46.25,47.5,47.14,47.78,48,45,45,45,42.5,50,50,-,2014
Gatundu,29.69,19.86,22.04,25.71,29.29,40,-,40.27,43.38,43.5,41.89,-,2014
Kutus,36.19,40.91,37.47,33.85,35,34.37,35.51,27.79,26,27.78,28,-,2014
Sagana,38.41,38.68,42.15,39.58,41.3,41.56,37.76,32.47,30.78,35.87,37.9,-,2014
Kerugoya,37.35,36.36,37.25,37.5,39.57,40.02,38.28,34.78,33.7,34.46,33.7,-,2014
Muthithi,38.1,38.1,35.71,33.33,35.76,36.36,34.54,31.82,31.82,31.82,-,-,2014
Makuyu,38.1,38.1,38.1,39.29,38.57,40.48,38.1,36.31,29.17,-,-,-,2014
Kiriaini,40.83,-,-,38.58,38.58,38.1,38.1,29.9,-,-,-,-,2014
Engineer,-,45,45,40,40,40,40,42.5,40,40,,-,2014
Nyeri,-,-,-,-,44.73,38.71,42.5,40,45,44,37.65,40,2014
Endarasha,42.95,45.15,48.81,-,48.02,48.22,47.22,46.03,41.27,42.07,32.39,38.1,2014
Karatina,38.56,42.71,48.81,-,44.17,44.38,41.55,41.67,36.51,35.32,34.19,38.75,2014
Gakindu,38.1,38.1,38.1,-,45,42.5,44.14,42.86,39.69,35.4,38.33,34.44,2014
Nanyuki,43.21,44.57,41.09,45.9,45.53,47.06,46.29,45.2,46.11,45.27,44.69,36.7,2014
Nyahururu,31.82,31.82,35.23,36.36,36.36,37.88,40.91,36.36,40.91,34.09,28.18,38.64,2014
Kaloleni,39.41,40,40,40,40,40,40,39.5,38,36.2,35,-,2014
KibauniKilifi,43.75,45,45,45,45,42.5,40,40,40,43,45,-,2014
Ukunda,39,40,40,40,40,45,45,42,42.5,32.5,35,30,2014
Kwale,40.52,44.1,43.33,42,39.2,38.8,45,44,42.5,42,38.25,38.75,2014
MwembeTayari,57.67,57.5,45.75,47.5,48.4,50,51,51.25,48.75,47,41.67,42,2014
Majengo,41.2,43.75,42.5,44.5,43.6,45,44,45,45,45,45,45,2014
Mackinon,50,50,60,60,60,56.25,-,-,-,-,-,-,2014
Sega,45,42.5,45,44,45,-,46.25,45,45,45,45,45,2014
Kongowea,37.6,35.75,38,39.5,38.8,40.5,44,46.5,43.25,36.4,40,39.86,2014
Hola,40,40,35,32,25,42.5,36.25,30,30,31.25,35,-,2014
Garsen,-,-,-,40,-,37.5,44,40,40,40,-,-,2014
BuraTana,-,35,40,27.5,39.17,45,35,27.5,30,22.5,30,-,2014
Runyenjes,34.55,37.66,35.96,34.32,36.36,38.64,37.5,30.68,27.1,30.17,32.02,31.93,2014
Embu Town,34.09,36.36,32.95,35.23,36.36,40.91,39.39,31.82,31.82,30.91,31.82,32.2,2014
Siakago,38.1,38.1,38.1,36.36,36.36,40.91,40.91,34.09,31.82,31.82,31.82,32.32,2014
Mwingi,35,35,35,35,39.42,35.75,35,31.15,28.32,26.01,26.73,26.69,2014
Kalundu,35.67,35,35,35,35,37,35,35,31,30,28,,2014
Machakos Town,44.44,40,42.29,40,36,40,39,42.83,35,35.75,36.67,40,2014
Tawa,-,-,37,36.5,36.13,35.33,36.13,35.33,-,37.5,31.75,-,2014
Tala,36.67,37.67,32.5,-,-,35,35,37.5,38,35.6,35,-,2014
Maua,-,-,-,-,-,-,40,40,40,-,-,30,2014
Kianjai,-,-,-,-,-,-,-,-,33.33,33.33,35.56,33.33,2014
Gakoromere,-,-,-,-,-,-,-,-,37.04,34.21,33.33,34.81,2014
Chuka Town,-,-,42.93,41.86,48,46.48,62.11,46.4,38.49,41.2,37.63,,2014
Kaanwa,-,-,35,45.03,39.05,-,-,32.77,37.4,32.53,30.61,,2014
Wote,35,35.38,35.25,35.3,35.38,37.67,36.6,35.33,33.33,36.5,32.17,30,2014
Wajir Town,-,-,-,-,50,60,50,50,50,49.23,-,-,2014
Marsabit,40,40,-,-,-,46.67,50,51.25,,45,-,-,2014
DarajaMbili,38.89,38.18,40.1,38.39,38.64,40.34,38.41,34.85,31.06,31.25,34.66,-,2014
Kibirigo,37.5,35.42,35.42,36.96,-,41.3,-,-,-,-,-,-,2014
Nyangusu,36.36,36.36,38.05,35.71,34.66,39.13,39.13,36.96,31.88,30.43,28.26,,2014
Riochanda,-,34.78,36.96,36.96,41.3,37.23,-,-,-,-,-,-,2014
Nyabite,-,35,39.13,34.78,41.3,38.54,39.13,-,-,-,-,-,2014
Mogonga,39.09,-,37.5,35.8,39.01,45.45,45.45,40.91,34.66,31.82,31.25,-,2014
Igare,36.82,33.7,36.52,35.81,39.73,39.77,38.87,34.09,32.96,32.84,31.54,-,2014
Kibuye,38.7,38.32,36.53,36.96,37.78,38.7,39.58,35.89,30.38,30.43,31.62,30.89,2014
Ahero,40.91,40.91,40.91,-,40.91,43.94,-,-,30.43,29.87,-,-,2014
Kiboswa,37.73,37.9,36.03,36.26,36.48,38.59,41.06,32.94,30.27,-,30.78,,2014
Sondu,40.91,40.91,40.91,-,40.91,42.42,-,-,29.07,31.72,-,-,2014
Bondo,34.33,33.46,46.5,36.08,38.64,39.7,40.91,32.58,32.19,31.58,30.14,27.23,2014
Siaya,31.32,30.61,35.51,36.36,36.36,37.22,-,33.53,32.9,31.32,28.58,27.43,2014
Ngiya,32.03,32.89,33.27,40.33,36.36,-,-,31.89,27.59,29.58,29.34,27.51,2014
Unguja,31.59,31.2,32.65,35.64,31.13,46.54,36.36,32.37,30.52,27.96,27.25,27.35,2014
Kegonga,-,-,-,-,-,-,-,31.25,31.25,-,-,-,2014
Homabay,34.79,34,38,36.45,37.6,37.44,34.37,30.25,29.35,24.7,25.14,25,2014
Oyugis,34.67,35.09,38.13,40.22,43.28,39.35,35.65,27.51,25.93,26.61,30.78,,2014
Kehacha,-,-,-,38,36,-,-,-,28,-,-,-,2014
Migori,-,-,-,-,-,-,-,24,28,28,-,-,2014
SokoMjinga,-,32.88,34.88,-,-,-,-,-,-,-,-,-,2014
Kabarnet,33.33,33.33,38.89,,43.33,-,-,-,-,-,-,-,2014
Kipkelion,-,-,-,-,-,-,40.91,-,-,-,-,-,2014
MuthurwaNarok,33.6,34,33.5,37.25,37.38,41.4,40,44,38,34,35.43,29,2014
Nakuru Town,45.71,54,55.63,50,57.27,55,59,55.71,50,46,45,42.5,2014
Kapsabet,34.78,39.13,39.13,39.13,41.3,42.93,43.48,43.48,43.48,43.48,31.52,,2014
Kitale,30,31.25,30.73,31.25,37.5,37.5,37.5,29.17,26.04,23.96,22.92,20.83,2014
Kapenguria,,32,32.88,36,39.53,40,40,40,42.67,-,-,-,2014
Eldoret,30,34,32,40.5,33.31,37.5,40,38.67,33.6,28.9,30.38,32.5,2014
Burn Forest,30,35,35,35.63,34.5,41.88,42.75,37.57,36,35,33,23,2014
Turbo,26,30,32.46,32,34.4,37,36,32,27.29,23.6,20.67,20,2014
Kipkaren,26,29,31.5,32,35.2,36,36,33.44,30.58,24,21,20,2014
Iten,35.83,38.5,39.58,40,45,50,50,45,40.63,34.31,27.5,25,2014
Kajiado,41.25,-,50,50,50,50,47,50,50,50,50,-,2014
Bungoma Town,33.33,34.66,34.44,33.72,36.36,39.23,40.49,39.13,29.51,29.03,29.17,29.59,2014
Kimilili,-,-,33.84,-,37.5,37.5,39.9,-,21.28,20.91,21.98,22.88,2014
Kapsokwony,28,,29.25,32.65,35.98,38.3,37.87,32.99,27.79,25.26,25,23.24,2014
Bumala,32.74,30.95,34.13,38.1,42.86,41.27,39.05,25,24.66,32.54,-,30.36,2014
Busia Town,32.38,32.14,34.92,38.1,40.03,41.91,35.72,23.81,24.83,26.59,-,25.04,2014
Butere,35.23,31.35,31.13,-,-,41.25,39.48,29.55,30.12,31.61,31.12,28.83,2014
Kakamega,36.45,37.06,34.61,35.61,38.64,39.27,39.49,34.46,27.3,27.5,31.07,29.31,2014
Mumias,-,31.47,31.3,-,-,42.27,38.66,31.23,29.31,31.75,31.47,28.51,2014
Mundeta,33.33,33.33,34.92,35.71,38.1,38.1,35.71,-,31.74,29.65,26.19,-,2014
Cheptula,33.68,34.13,36.51,38.1,36.9,37.5,35.71,-,33.33,28.09,29.36,-,2014
Mbale,35.71,35.71,33.33,34.92,33.33,36.08,33.81,-,27.38,28.57,24.6,-,2014
Muthurwa,50,40,45.24,48.65,50,44.44,45,47.62,45.45,45,42.86,42.86,2014
Kawangware,42.86,47.5,47.62,50,50,42.86,45.45,42.86,40.91,42.86,42.86,42.86,2014
Burma,50,45,50,45,45,40,45,45,42.86,45,45,45,2014
Gikomba,47.62,50,50,50,50.63,45,45.45,42.86,40.91,40.91,45,45,2014
Kangemi,48.89,50,48.89,43.64,43.64,44.44,42.35,44.44,45.45,42.86,42.86,42.86,2014
Korokocho,47.62,47.37,45,45,50,40.91,45.45,43.56,43.93,43.93,45,45,2014
Toi,50,50,45,45.45,50,40,40.91,42.86,45,42.86,45,42.86,2014
KIAMBU,35,35,40,40,35,35,,,,,40,40,2013
LIMURU,35,35,35,,35,35,,,40,40,40,40,2013
THIKA,39.64,37.84,36.31,36.25,38,,33.75,36.25,40,47,,,2013
GATUNDU,23.55,22.91,25.74,24.76,24.76,,19.29,17.14,19.29,17.41,,,2013
KUTUS,36.36,34.78,30.43,,,,,,,,,,2013
SAGANA,38.04,32.61,31.11,26.09,,,,,,,,,2013
KERUGOYA,34.09,39.13,27.27,,,,,,,,,,2013
MUTHITHI,42.41,54.99,23.81,24.21,27.2,28.57,,33.33,36.9,40.18,36.9,,2013
MUKUYU,43.26,33.33,30.16,26.19,28.57,28.57,,33.33,33.33,35.24,38.1,38.1,2013
KIRIAINI,34,40.28,38.1,36.19,33.67,31.54,,35.83,39.17,38,25.83,40,2013
ENGINNEER,40,40,38.75,35,35,41.5,40,40,40,40,40,,2013
NYERI,43.81,40,40,38.33,36.67,,,,,,,,2013
ENDARASHA,43.75,45,45,42.84,36.36,40.06,40.45,38.64,,,,,2013
KARATINA,42.5,40,38.13,34.58,33.33,33.33,33.33,33.33,,,,,2013
GAKINDU,45,40.52,38.13,40.06,46.22,58.65,53.11,35.71,,,,,2013
NANYUKI,40.56,39.29,40.24,38.64,37.51,30.44,38.47,38.68,40.74,,43.76,42,2013
NYAHURURU,36.59,31.96,40,38.75,31.82,36.36,36.36,36.36,,40.91,43.64,42.42,2013
KALOLENI,40,38.5,40,39,38,38,38,75.63,35,,,,2013
MALINDI,40,40,39.94,40,40.5,40,40,31.25,35,40,40,,2013
KIBAUNI KILIFI,40,40.81,40,40,40,40,40,40,37.5,,,,2013
UKUNDA,,,,40,40,,38,38,38,38,38,,2013
KWALE,,,,48.33,48.3,48.75,,,38,38.67,39,39,2013
MWEMBE TAYARI,,,,44.6,46.33,50,49.44,42.92,45,45,,,2013
MAJENGO,,,,42.75,45,43.75,43,39.5,43.25,42.4,,,2013
MACKINON,,,,50,42,60,40,40,40,40,,,2013
SEGA,44.75,42,45,50,47.22,46.9,48.73,41.91,44,42.6,,,2013
KONGOWEA,42.25,40.75,43.5,41.08,39.47,39.75,39.77,39.11,36,37,38,,2013
HOLA,40,20,35,37.5,35,,,,50,30,36.67,38.75,2013
GARSEN,50,50,47,60,60,60,45,41.67,40,30,30,,2013
BURA TANA,50,35,25,35,32.5,,,,42.5,30,35,37,2013
RUNYENJES,29.55,28.41,27.27,22.73,27.27,27.27,27.27,,31.17,35,36.36,36.36,2013
EMBU TOWN,31.82,27.27,27.27,27.27,,27.27,22.73,27.27,31.82,34.55,36.36,36.36,2013
SIAKAGO,31.82,31.82,22.73,,27.27,,,27.28,30.24,35.32,38.1,38.1,2013
MWINGI,30,30,35,31.5,31.5,,33,33,34.8,35,35,35,2013
KALUNDU,35,35,,30,30,,30,30,31.75,34.5,35,35.67,2013
MACHAKOS,35.91,35.61,40.11,38.54,34.48,,35,35,,,,35,2013
TALA,,,33,22.35,22.51,24,23.81,24,,,,29.5,2013
MAUA,38.89,33.33,33.33,22.92,25,30,30,30,30,35,,,2013
KIANJAI,35.56,26.67,27.78,27.5,27.78,27.78,25.56,25.56,33.33,37.78,,,2013
GAKOROMERE,36.94,36.44,,25.62,25,27.78,33.33,33.33,33.33,38.89,38.89,,2013
MARSABIT,,,,,37.5,50,,,,,42.5,,2013
WOTE,35.33,,,27.43,29.11,,,34.38,,,,,2013
DARAJA MBILI,36.36,,37.88,36.36,37.5,36.93,37.73,37.4,37.5,40.91,40.91,40.91,2013
KIBIRIGO,33.33,33.33,33.33,39.13,,,,31.25,35.42,37.91,37.5,,2013
NYANGUSU,,,35.23,,36.82,39.39,36.36,36.93,38.64,45.45,39.2,,2013
RIOCHANDA,31.25,29.17,33.33,35.42,,,,34.78,36.23,39.13,39.13,,2013
NYABITE,33.33,33.33,33.33,36,,,,33.33,34.99,37,39.13,,2013
MIRUKA,31.52,,31.25,,38.18,39.77,36.74,36.36,38.64,45.45,40.34,,2013
IGARE,,,35.61,,37.71,39.2,36.36,36.36,40.76,41.3,41.7,,2013
KIBUYE,35.82,35.88,38.64,39.68,35.73,34.78,33.33,32.91,34.63,34.78,,,2013
AHERO,36.36,36.36,37.5,40.91,38.18,37.5,37.27,37.5,,2.9,41.48,,2013
KIBOSWA,36.36,35.15,40.91,37.3,35.88,34.06,34.49,32.92,34.24,35.22,38.04,39.13,2013
SONDU,36.36,36.36,37.5,37.5,37.73,36.36,37.27,37.5,,2.6,42.05,40.91,2013
BONDO,35,36,36.45,,36.36,36.36,32.28,31.73,33.53,36.07,,,2013
SIAYA,31.74,33.33,36.36,36.24,35.6,35.98,29.28,33.34,34.56,45.23,,,2013
NGIYA,29.83,33.63,,36.36,36.36,36.36,29.09,32.15,32.7,37.37,,,2013
UNGUJA,31.82,31.82,36.36,36.36,37.97,40,29.73,30.68,33.33,34.94,,,2013
HOMABAY,,,,35.36,33.75,,,35.7,,37.38,,,2013
OYUGIS,31.82,35.23,36.93,42.05,41.17,,36.36,33.94,39.25,43.12,43.3,,2013
KEHACHA,31.82,,,,29,32,32,31.47,37.5,36.8,40,,2013
SOKO MJINGA,,,,,,,,,,35.06,39.53,35.65,2013
KABARNET,30.6,32.5,38.89,38.89,33.33,29,33.33,33,34.83,38.02,37.78,38.89,2013
MUTHURWA,,,,,,,,,,33.83,36.38,,2013
NAKURU,,55.56,55.56,,37.5,43.85,50.48,40,51.11,52.22,40,,2013
KAPSABET,32.61,34.78,35.87,36.96,36.96,,,,,,,,2013
KITALE,28.75,,40,40,50,,,29.17,30.21,30.73,28.75,27.08,2013
ELDORET,37.5,40,40,40,40,34.6,33.33,,30.63,30,,,2013
BURN FOREST,32,33.75,40,40,33.33,33.71,,,,,,,2013
TURBO,25,25,31.67,36,31.57,30.55,,,30,30,,,2013
KIPKAREN,,37.5,40,38,35.86,30,,,30,29,,,2013
ITEN,30.83,33.46,35,37.5,35,33.46,31.67,35,37.5,,39,35,2013
KAJIADO,50,50,50,50,50,,,40,41.11,50,50,,2013
BUNGOMA,34.78,34.78,37.5,30.61,31.25,,35.56,28.57,35,,33.33,,2013
KIMILILI,29.55,29.17,29.8,29.79,34.04,32.97,32.97,,,33.33,33.33,,2013
KAPSOKWONY,25,28.26,30.43,30.11,31.25,,35.16,34.78,35.16,38.64,36.36,,2013
BUMALA,,,38.1,,,30.16,31.71,32.74,35.63,37.5,,38.1,2013
BUSIA TOWN,,,33.33,33.33,,31.11,36.57,33.33,35,37.5,,33.33,2013
BUTERE,29.17,31.57,32.61,33.33,43.42,31.3,,,,,,,2013
KAKAMEGA,35.14,37.75,42.14,37.78,37.42,33.74,35.22,36.05,37.07,36.88,35.11,33.01,2013
MUMIAS,36.36,36.36,33.33,34.09,43.31,42.31,,,,,,,2013
MUNDETA,55.28,31.65,41.27,40.48,38.1,,,30.95,31.55,31.9,34.52,33.33,2013
CHEPTULA,29.59,34.03,40.6,40.48,38.1,,30.95,30.95,32.74,35.48,33.93,33.33,2013
MBALE,29.76,34.71,42.86,,,,,30.95,32.74,33.93,33.33,34.52,2013
HARAMBEE,,,,33.33,32.85,31.64,,,33.33,35.24,,,2013
WAKULIMA,50,50,54.05,54.05,52.63,54.05,54.05,50,50,50,50,40,2013
KAWANGWARE,48.89,50,52.38,52.38,50,52.38,52.38,54.55,54.55,50,42.86,47.5,2013
BURMA,50,50,50,50,50,50,50,50,50,50,50,45,2013
KIKOMBA,50,50,50,50,50,50,50,50,50,47.73,47.62,50,2013
KANGEMI,45.45,50,47.62,47.62,47.62,47.62,47.62,52.63,52.63,47.73,48.89,43.64,2013
KOROKOCHO,47.37,47.62,52.38,52.38,55,52.38,52.38,50,50,47.49,47.62,47.37,2013
TOI,50,51.95,55,55,50,55,55,50,42.11,43.55,50,50,2013
KIAMBU,40,40,35,.,40,40,40,40,.,.,.,.,2012
LIMURU,40,40,37.5,.,42.5,45,45,42.5,40,.,.,.,2012
THIKA,40.91,40,40,40,48.3,50,49.17,47.5,45,.,.,.,2012
GATUNDU,30,47.62,30.43,33.33,38.14,52.19,52.5,48.75,47.5,.,.,.,2012
KUTUS,39.13,34.78,26.09,.,34.78,39.22,39.13,34.78,30.43,30.43,34.78,.,2012
SAGANA,39.13,32.61,31.13,.,38.26,40.16,40.91,44.47,34.78,36.36,31.11,.,2012
KERUGOYA,43.48,39.57,43.48,.,41.17,42.33,45.45,43.48,39.13,39.13,36.36,.,2012
MUTHITHI,40.48,30.95,.,.,41.07,38.1,39.68,35.41,35.53,35,35,35,2012
MUKUYU,38.1,38.1,37.41,.,42.86,42.86,41.37,40.18,38.1,40,40,.,2012
KIRIAINI,38.1,38.1,38.1,.,38.1,41.73,43.05,42.86,42.86,40,40,.,2012
ENGINEER,38.1,37.23,46.89,.,47.62,47.62,47.62,50,.,.,40,40,2012
NYERI,39.05,38.1,38.1,40,.,.,.,.,.,.,.,.,2012
ENDARASHA,.,.,38.1,41.86,.,.,.,.,.,.,.,.,2012
KARATINA,42.86,35.71,30.95,33.33,.,.,.,.,.,.,.,.,2012
GAKINDU,42.5,40,40,40,.,.,.,.,.,.,.,.,2012
NANYUKI,32.89,38.89,38.89,38.89,44.44,43.95,42.02,40.49,38.33,40,35.43,30,2012
SIPILI,36.36,31.82,31.82,.,.,.,.,40.5,45.83,52.5,36.69,33.33,2012
MARIAKANI,40,40,.,.,.,.,.,.,.,.,.,.,2012
KALOLENI,45,45,.,.,.,.,.,.,.,.,.,.,2012
MALINDI,42,40,36.43,36.67,41,47.5,44,42.5,41.25,35,35,38.33,2012
KIBAUNI KILIFI,45,40,.,.,.,.,.,.,.,.,.,.,2012
UKUNDA,41.82,40,40,40,40.4,42,.,50,50,50,50,52.5,2012
MKUNGUNI,50,50,50,60,57.27,59.44,58.57,54.71,54.06,51.25,.,.,2012
MWEMBE TAYARI,49,45,37.92,40.5,45.07,45.75,41.8,50,52.5,55,51.25,49.5,2012
MAJENGO,45.45,38.5,40.22,37.25,34.6,33,35.4,35.5,34,36.4,36.75,38,2012
MACKINON,59,60,60,60,52,60,60,.,.,.,.,.,2012
SEGA,41.79,40,40,45,46,43.4,45,50,51.25,55,50,50,2012
KONGOWEA,40,38,37,36.5,45,44.5,39.6,39.75,38.25,40.4,42,44,2012
HOLA,.,35,40,35,.,48.75,49,50,44,42,41.36,.,2012
GARSEN,40,40,35,40,40,44,45,.,45,45,48.67,50,2012
BURA TANA,.,.,.,30,.,45.54,44,30,36.67,36,41.11,45,2012
RUNYENJES,40.91,36.36,36.36,31.82,35.45,37.06,38.64,36.98,32.61,33.33,31.82,.,2012
EMBU TOWN,36.36,36.36,29.55,.,36.93,38.08,41.89,37.01,41.21,31.82,31.82,.,2012
SIAKAGO,38.1,38.1,.,35.71,38.04,40.04,40.61,35,32.5,33.41,37.5,.,2012
MWINGI,37,33,34,34,34,37.89,40,40,35,35,40,.,2012
MIGWANI,38,38,30,.,.,36.22,40,.,.,.,.,.,2012
KALUNDU,38,30,32,.,.,40.57,38.82,37.86,36.5,35,.,.,2012
MACHAKOS TOWN,37,37,35,.,36.75,39.74,45.39,43.58,38,44.44,44.44,.,2012
TAWA,.,.,.,.,.,.,43.47,43.33,44.44,44.44,44.44,.,2012
TALA,30,37.5,.,.,33.55,33.59,42.79,44.44,39.57,41.82,.,.,2012
MAUA,50,39.58,36.88,37.5,43.75,50,50,50,.,.,.,.,2012
KIANJAI,.,33.33,30,35.56,33.33,38.89,36.67,36.67,33.33,.,.,.,2012
MWENDANTU,36.36,31.82,30,.,35.78,.,50,43.75,38.89,38.89,.,.,2012
WOTE,38,38,.,.,.,39.25,38.79,38,.,.,38,.,2012
GARISSA TOWN,.,55.56,55.56,62.5,47.22,.,.,.,.,.,.,.,2012
MANDERA TOWN,.,.,.,50,.,.,.,.,.,.,.,.,2012
DARAJA MBILI,40.91,36.36,34.09,45.45,47.73,.,.,.,38.63,39.6,36.93,37.23,2012
KIBIRIGO,36,32,34,41.67,.,.,37.5,41.67,33.33,33.33,.,.,2012
RIOSIRE,37.5,43.48,39.13,39.58,40.79,47.06,.,.,.,.,.,.,2012
RIOCHANDA,36,39.58,31.25,40.82,46.74,.,41.67,31.25,33.33,.,.,.,2012
NYABITE,40.91,36,33.33,44.9,.,.,41.67,37.5,34,35.42,.,.,2012
MOGONGA,.,43.18,38.64,45.45,47.73,45.85,.,.,35.53,37.21,37.69,.,2012
NYAMACHE,.,.,35.42,43.48,.,.,.,.,35.5,35.65,34.78,.,2012
KIBUYE,36.36,36.36,.,43.18,54.44,55,49.73,38.64,36.93,31.93,34.66,34.47,2012
AHERO,42.05,38.64,38.64,.,.,.,.,.,.,.,.,.,2012
KIBOSWA,34.09,.,.,45.45,50.69,51.67,44.09,78.3,35.8,35,34.09,35.5,2012
SONDU,38.64,38.64,38.64,38.64,.,.,.,.,.,.,.,36.36,2012
BONDO,37.5,37.5,.,42.5,49.3,50,50,37.5,.,35,.,.,2012
SIAYA,.,.,.,40.91,45.45,.,38.64,.,.,.,.,.,2012
NGIYA,.,.,31.82,.,.,.,31.82,.,.,.,.,.,2012
UGUNJA,.,.,.,36.36,45.45,.,34.09,.,.,.,.,.,2012
OYUGIS,36.36,35.71,40.48,40.91,40.48,.,45.45,38.1,31.82,36.36,.,.,2012
KABARNET,35,30,35,37.5,42.05,45,.,.,37.5,.,.,.,2012
KERICHO,.,.,.,.,.,.,52.73,54.55,34.58,35.5,.,.,2012
NAKURU TOWN,55.56,50,50,50,50,50,50,.,.,.,.,.,2012
KAPSABET,34.78,34.78,34.78,.,47.05,43.48,43.48,43.48,34.78,34.78,32.61,.,2012
KITALE,35,35,35,.,40.86,43.33,47.33,48.33,36.67,32.5,.,.,2012
ELDORET,40,40,40,40,47.19,48.75,49.93,47,42.5,39,31.67,32.5,2012
BURNT FOREST,32.5,35,35,37.5,37.43,45,45,41.43,42.5,35.28,32.86,35,2012
TURBO,.,.,.,32,31,33.5,45,43.33,37.5,34.17,31.43,31.67,2012
KIPKAREN,37.5,35,30,37.5,51.11,47.5,49.17,47.27,40,31.25,31.67,32.5,2012
ITEN,35,41.25,37.5,34.67,35,.,.,45,37.5,35.05,35,29.17,2012
BUNGOMA TOWN,35.71,36.36,38.1,41.67,46.5,.,.,.,35,31.82,30.43,.,2012
KIMILILI,31.82,33.33,31.25,33.33,50.4,.,.,.,29.55,29.55,27.08,.,2012
KAPSOKWONY,30.43,34.09,36.36,33.33,.,.,.,.,34.09,31.82,30.43,.,2012
BUTERE,37.5,33.33,31.25,35.42,41.67,.,.,29.17,27.08,.,29.17,.,2012
KAKAMEGA TOWN,36.36,40.4,37.5,.,40.91,.,39.77,38.64,38.64,36.84,35.08,.,2012
MUMIAS,40.48,.,36.36,44.62,.,.,.,36.36,.,.,31.82,.,2012
MUDETE,38.1,33.33,33.33,32.14,46.83,45,.,.,.,.,.,.,2012
CHEPTULU,38.1,35.71,33.33,42.86,47.62,43.18,.,.,.,.,.,.,2012
MBALE,35.71,35.71,33.33,35.71,45.37,.,.,.,.,.,.,.,2012
WAKULIMA,.,.,.,.,54.86,58.25,66.67,60,55.56,55.56,.,.,2012
KAWANGWARE,38.1,40.48,40,42.5,42.86,42.86,42.86,45,47.37,50.65,.,.,2012
BURMA,40,41.03,40,45,54.9,55.56,55.56,51.85,55.56,55.56,55.56,.,2012
KIKOMBA,40,40.51,37.5,40,52.03,55.06,56.79,52.78,55.56,50,50,.,2012
KANGEMI,38.64,40.48,42.5,42.5,45,45,45,45,45.45,45,50,.,2012
KOROGOCHO,38.64,40,35,40,42.5,44.94,53.09,51.19,47.62,50,50,.,2012
KIBERA(TOI),38.1,40.91,40,43.93,45,45,42.86,45,47.62,50,52.63,.,2012
NYAMAKIMA,.,.,.,.,.,.,.,.,.,34.78,.,.,2012
KIAMBU,22.5,22.5,22.5,35,45,50,55,.,.,40,45,.,2011
LIMURU,20,20,27.5,37.5,45,50,50,.,.,40,45,.,2011
THIKA,23.81,30,28.57,31.82,35,50,100,40,40,40,.,.,2011
GATUNDU,23.81,25,40,35,35,50,55,40,37.5,21.43,.,.,2011
KUTUS,22.73,25,27.27,30.95,43.48,43.48,47.83,.,.,34.78,40.91,40.91,2011
SAGANA,22.73,27.27,26.09,35,37.5,41.67,54.55,.,.,36.36,36.36,36.36,2011
KERUGOYA,22.73,25,26.09,45,43.48,47.83,47.83,.,.,39.13,43.48,40.91,2011
MUTHITHI,19.05,19.05,28.57,30.95,38.1,40.48,95.24,38.1,38.1,36.9,38.1,.,2011
MUKUYU,23.81,23.81,26.19,30.95,38.1,38.1,57.14,38.1,38.1,38.1,38.1,40.48,2011
KIRIAINI,21.43,21.43,.,35.71,38.1,47.62,52.38,47.62,42.86,40.48,40.48,40.48,2011
ENGINEER,19.05,18.18,20,33.33,35,.,50,45.45,45.45,40,36.36,.,2011
NYERI,25,30,30,42.5,42.5,50,.,.,.,.,.,.,2011
KARATINA,20,22.5,22.5,25,50,50,.,.,.,.,.,.,2011
GAKINDU,22.5,20,25,30,40,45,.,.,.,.,.,.,2011
NANYUKI,42.36,22.22,27.78,38.89,44.44,50,55.56,61.11,50,47.22,45.92,44.44,2011
SIPILI,.,.,.,29.55,35,.,50,.,38.1,22.73,36.36,36.36,2011
MARIAKANI,.,.,.,.,.,.,40,50,45,45,45,.,2011
KALOLENI,.,.,.,.,.,.,45,50,50,47.5,.,.,2011
MALINDI,20,25,25,.,.,.,.,.,50,40,42,45,2011
KIBAUNI KILIFI,.,.,.,.,.,.,45,50,50,45,45,.,2011
KWALE,30,30,30,34.5,36.8,40,41,50,61.25,68,68.75,51.75,2011
MWEMBE TAYARI,25.2,36,48.75,47.5,58,67.25,63,51.25,55,50,50,51.25,2011
MAJENGO,25,34.75,48.75,48.75,44.6,44.75,44.6,41.5,42.25,43.8,44.75,43.25,2011
MACKINON,.,.,.,.,.,.,.,.,.,50,48.75,48.75,2011
SEGA,24,26.25,35,35,33,50,45,43.75,40,.,.,.,2011
KONGOWEA,20.8,25.5,32.25,35,38.6,47.5,41.8,39.5,36.5,40,.,.,2011
GARSEN,.,.,.,.,.,.,.,.,.,.,50,.,2011
RUNYENJES,20.45,22.73,25,27.27,36.36,44.32,50,40.91,36.36,40.91,40.91,40.91,2011
EMBU TOWN,20.45,22.73,22.73,31.82,43.18,45.45,50,40.91,36.36,40.91,40.91,40.91,2011
SIAKAGO,23.81,23.81,23.81,28.57,40.3,50,52.38,47.62,42.86,40.48,42.86,.,2011
MWINGI,20,22.73,25,34,36,50,50,38,36,35,40,38,2011
MIGWANI,20,20,25,30,42,45,50,42,40,.,40,.,2011
KALUNDU,.,.,.,.,.,.,.,38,36,37,42,.,2011
MACHAKOS TOWN,20,20,25,.,42,45,49,47.37,38,40.05,38,38,2011
TALA,18,17,18,.,35,50,48,38.1,45,45,42.86,.,2011
MAUA,20,.,.,.,.,62.5,62.5,50,56.25,50,50,.,2011
KIANJAI,25.56,22.22,26.67,34.44,35.56,.,55.56,44.44,44.44,38.89,42.22,.,2011
MWENDANTU,17,.,22.73,27.27,36.36,.,45.45,40.91,40.91,36.36,36.36,.,2011
WOTE,20,20,20,35,45,45,45,40,40,45,42,42,2011
DARAJA MBILI,21.43,20.45,.,35.71,47.62,.,54.55,38.64,40.91,38.64,43.18,45.45,2011
KIBIRIGO,18.75,20.83,22,42.5,50,54.76,50,41.67,37.5,.,.,.,2011
RIOSIRE,21.05,20.45,30.95,30.95,40.48,.,45.45,38.64,45.45,40.91,47.83,39.58,2011
RIOCHANDA,17.39,20,20,35,42.86,52.38,50,39.13,36,.,40.63,.,2011
NYABITE,16.67,20,24,.,50,56,56,37.5,37.5,.,37.5,.,2011
MOGONGA,18.18,26.32,25,43.18,.,.,59.09,40.91,40,.,45.45,40.91,2011
NYAMACHE,20,24,28,40,50,.,50,34.78,45.83,45.45,41.3,.,2011
KIBUYE,20.45,25,28.03,40,.,59.09,40.91,43.18,40.91,40.91,38.64,.,2011
AHERO,22.73,27.27,29.55,38.1,45.24,50,54.55,50,34.09,40.91,.,.,2011
KIBOSWA,.,22.73,25.65,40,40,56.52,36.36,36.36,36.36,34.09,34.09,34.09,2011
SONDU,20.45,25,.,38.1,50,.,54.55,45.45,34.09,38.64,.,.,2011
BONDO,.,.,.,.,.,.,50,50,49,47.5,.,.,2011
OYUGIS,22.73,28.57,29.55,38.64,56.82,59.52,40.48,.,.,.,.,.,2011
KABARNET,.,.,.,.,.,.,45,50,40,40,.,.,2011
NAKURU TOWN,22.22,27.78,27.78,27.78,27.78,72.22,66.67,66.67,55.56,55.56,.,.,2011
KAPSABET,20.45,21.74,26.09,42.86,45.45,52.17,56.52,43.48,34.78,34.78,34.78,34.78,2011
KITALE,15,25,25,45,60,60,54.17,46.21,40,31.25,35,.,2011
ELDORET,20,25,25,40,43.75,50,.,60,.,40,40,40,2011
BURNT FOREST,17.5,20,20,40,.,.,.,50,.,45,37.5,.,2011
TURBO,15.22,16,25,30,42.86,.,.,56,32,24,24,20,2011
KIPKAREN,17.5,25,27.5,45,50,55,.,45,.,32.5,35,35,2011
ITEN,.,.,.,.,.,.,.,.,42.5,42.5,35,35,2011
BUNGOMA TOWN,18.75,18.18,29.55,.,47.73,56.82,54.17,33.33,29.17,26.04,34.78,40.48,2011
KIMILILI,19.05,18.18,27.27,.,41.82,54.76,56.52,32.61,30.43,30.43,31.25,34.09,2011
KAPSOKWONY,15.91,15.91,22.73,.,43.18,57.14,54.17,37.5,33.33,32.61,32.61,33.33,2011
BUTERE,16.52,.,.,36.36,40.91,59.09,.,31.82,29.17,30.43,33.33,33.33,2011
KAKAMEGA TOWN,15.91,25,29.55,43.18,52.27,.,56.82,.,33.33,33.33,35.71,36.36,2011
MUMIAS,.,.,.,.,.,.,.,31.82,29.17,32.61,38.1,42.86,2011
MUDETE,15.91,19.05,28.57,.,47.62,.,52.38,47.62,42.86,40.48,40.48,38.1,2011
CHEPTULU,16.67,23.81,28.57,.,47.62,.,52.38,47.62,40.91,40.91,40.48,40.48,2011
MBALE,21.43,23.81,28.57,.,47.62,.,57.14,47.62,45.24,38.1,38.1,40.48,2011
KAWANGWARE,23.81,22.73,22.73,35.71,42.86,47.62,50,50,47.62,40.91,38.64,38.1,2011
BURMA,25,25,25,38,40,50,.,50,50,45,40,40,2011
KIKOMBA,22.5,23.81,23.81,38.1,45.24,47.5,47.62,47.62,47.62,38.1,36.36,38.1,2011
KANGEMI,23.81,23.81,23.81,35.71,42.86,50,50,50,50,42.86,38.64,40.91,2011
KOROGOCHO,22.5,22.73,.,35,42.5,42.5,45.45,45.45,47.62,40.91,36.96,38.1,2011
KIBERA(TOI),25,23.81,23.81,44.74,47.5,55,52.38,52.38,47.62,40,38.1,36.36,2011
KIAMBU,17.5,17.5,16.5,17.5,17.5,.,18.25,17.5,20,17.5,20,20,2010
LIMURU,20,20,20,20,20,.,16.75,15,17.5,17.5,17.5,17.5,2010
THIKA,14.29,25,20,20,22,25,20,22.73,22.73,25,25,25,2010
GATUNDU,19,20,25,25,20,22.73,20,22.73,22.73,23.81,25,20,2010
KUTUS,.,.,.,.,13.04,14,13.04,13.04,13.64,13.64,.,.,2010
SAGANA,.,.,.,.,22.73,20.83,21.43,13.66,15.91,14.29,.,.,2010
KERUGOYA,.,.,.,.,18.18,18.18,15.91,15.91,13.64,15.22,.,.,2010
MUTHITHI,14.29,14.29,16.67,16.67,16.67,16.67,14.29,14.29,14.29,14.29,19.05,19.05,2010
MUKUYU,33.33,33.33,28.57,28.57,28.57,19.05,14.29,14.29,14.29,14.29,14.29,16.67,2010
KIRIAINI,33.33,33.33,33.33,33.33,28.57,23.81,16.67,19.05,16.67,16.67,16.67,16.67,2010
ENGINEER,.,.,30,30,27.27,22.73,25,20.45,.,20,18.18,18.18,2010
NANYUKI,38.89,33.33,33.33,27.78,22.22,22.22,22.22,22.22,22.22,22.22,22.22,22.22,2010
SIPILI,34.09,33.33,27.27,.,26.19,23.81,.,.,.,.,.,.,2010
MARIAKANI,.,.,.,.,.,.,30,30,30,.,.,.,2010
KALOLENI,.,.,.,.,.,27,27,25,25,.,.,.,2010
MALINDI,35,30,30,30,25,25,.,.,.,20,20,18.79,2010
KIBAUNI KILIFI,.,.,.,.,.,25,20,20,20,.,.,.,2010
RUNYENJES,30,25,20,17.5,13.64,13.64,13.64,13.64,13.64,13.64,15.91,18.18,2010
EMBU TOWN,31.5,27.5,20,20,13.64,15.91,13.64,13.64,13.64,13.64,18.18,18.18,2010
SIAKAGO,32.5,22.5,20,17.5,17.5,15,15,14.29,17.14,34.42,15.91,19.05,2010
MWINGI,.,.,.,.,.,19,19.09,20,20,20,18,20,2010
MIGWANI,30,25,25,15.91,15,15,14,15,14,14,14,15,2010
KALUNDU,.,.,.,.,20,20,20,18,18,18,18,.,2010
"MACHAKOS
TOWN",28.5,28,.,20,20,17,15,18,15,17,17,18,2010
TALA,.,.,.,.,10,10,10,.,.,11,.,.,2010
KIANJAI,37.22,22.22,15.56,11.11,11.11,12.22,11.11,11.11,11.11,11.11,.,.,2010
MWENDANTU,32,25,18.18,15,13.64,0,12,10.91,11.82,13,.,.,2010
WOTE,28,25,.,18,18,17,15,17,17,17,17,17,2010
DARAJA MBILI,22.73,23.64,24.09,25,22.73,18.18,22.73,15.91,18.18,19.05,22.73,22.73,2010
KIBIRIGO,.,.,.,23.08,23.08,20.83,16,16,14.95,18,18,20.45,2010
RIOSIRE,.,.,.,.,.,19,20,13.04,.,14,18,.,2010
RIOCHANDA,.,.,22.92,22.92,18.75,16,14,14,14,18,16,18,2010
NYABITE,.,.,.,20,18,18.75,16,14,15,18,16,18,2010
MOGONGA,.,.,.,.,.,16.67,19.05,14.74,12.5,14.58,15.91,.,2010
Nyamache,.,.,.,.,.,14,16,16,16,16,16,.,2010
KIBUYE,29.55,28.18,27.27,27.27,20.45,18.18,15.91,.,.,.,.,.,2010
AHERO,29.55,28.18,27.27,22.73,21.59,18.18,18.18,18.18,18.18,18.18,20.45,20.45,2010
KIBOSWA,27.27,27.27,27.27,27.27,19.13,17.39,15.22,.,.,.,.,.,2010
SONDU,29.55,29.55,25,20.45,20.45,18.18,18.18,15.91,15.91,15.91,20.45,.,2010
BONDO,.,.,.,.,.,22.5,19.5,17.5,17.5,18.18,20.45,20.45,2010
OYUGIS,25,26.73,28.57,27.27,18.18,18.18,17.39,15.91,17.86,.,.,.,2010
NAKURU TOWN,.,.,.,.,.,.,.,.,.,27.78,27.78,.,2010
KAPSABET,.,.,.,26.09,25,21.74,21.74,18.48,17.39,15.22,17.39,17.39,2010
KITALE,35,35,32.5,25,22.5,25,.,20,17.5,16.67,15,15,2010
ELDORET,28.75,28.75,28.75,27.5,25,25,22.5,22.5,20,17.5,17.5,.,2010
BURNT FOREST,.,.,.,22.73,22.73,25,23.75,15,22.5,20,.,20,2010
TURBO,22,22,22,24,20,20.8,18,18.48,18,14,11.2,10.4,2010
KIPKAREN,24,30,27.5,25,25,22.5,25,25,10.8,12,14,.,2010
"BUNGOMA
TOWN",30,.,.,22.73,20.45,18.18,18.18,18.18,18.18,14.58,18.18,.,2010
KIMILILI,30,25,25,20.83,20.83,.,18,18,16,12.5,12,.,2010
KAPSOKWONY,23.91,25.22,23.91,21.74,19.23,17.69,17.31,17.31,19.05,.,12.5,.,2010
BUMALA,23.81,23.81,28.57,.,.,.,.,.,.,16.67,.,.,2010
BUSIA TOWN,21.43,21.43,18.1,18.1,.,.,.,.,.,16.67,.,.,2010
"KAKAMEGA
TOWN",29.55,27.27,27.27,27.27,22.73,20.45,20.45,20.45,18.18,18.18,15.91,15.91,2010
MUDETE,28.57,23.81,22.38,21.43,21.43,19.05,21.43,21.43,19.05,16.67,16.67,16.67,2010
CHEPTULU,28.57,26.19,26.19,21.43,19.05,19.05,16.67,19.05,16.67,16.67,16.67,18.1,2010
MBALE,28.57,23.81,20.48,21.43,19.05,23.81,20.48,21.43,19.05,16.67,16.67,18.1,2010
KAWANGWARE,34.09,34.76,30.95,30.95,23.81,22.73,22.22,22.22,20,17.39,19.05,20,2010
BURMA,35,30,30,30,25,23,23,23,20,20,20,20,2010
GIKOMBA,35.71,32.5,32.5,30,21.43,22.5,22.73,23.81,22.22,22.73,20,19.05,2010
KANGEMI,30.95,30.95,30.95,30,22.73,21.43,22.73,22.73,22.22,17.39,20,19.05,2010
KOROGOCHO,33.33,30.95,30.95,28.57,22.73,21.74,21.43,20.45,20.45,20.45,20,20,2010
KIBERA(TOI),33.33,32.5,31.58,30.95,23.68,21.43,21.43,21.74,20,20,19.05,20,2010
KIAMBU,35,35,.,.,33.8,34.7,48.6,.,.,.,32.5,.,2009
LIMURU,30,32.5,.,.,37.5,37.5,37.5,.,.,32.5,30,.,2009
MUTHITHI,35,35,35,35,40,.,.,.,.,.,.,,2009
MUKUYU,33.3,35,26,33.3,35.7,38.1,.,.,.,33.3,33.3,31,2009
KIRIAINI,33.3,38.1,.,35.7,38.1,38.1,33.3,.,.,35.7,31,.,2009
NANYUKI,35.3,33.3,34.2,43.8,44.4,50,44.4,44.4,.,44.4,44.4,44.4,2009
SIPILI,20,20,46.6,25,.,.,.,.,.,25,.,.,2009
MARIAKANI,33.5,35,35,35,35,35,35,35,.,36,36,36,2009
KALOLENI,32,32,35,35,35,35,35,35,.,36,36,36,2009
MALINDI,30,35,35,35,40,.,.,.,.,30,35,35,2009
KIBAUNI KILIFI,35,35,35,35,35,35,35,35,.,.,36,35,2009
GARSEN,22.5,.,25,25,25,.,.,.,,.,,.,2009
RUNYENJES,35,37.5,37.5,37.5,40,35,35,.,30,30,32.5,.,2009
EMBU TOWN,37.5,37.5,37.5,51.2,42.5,40,35,.,30,35,32.5,.,2009
SIAKAGO,29.6,35.7,37.5,.,43.2,38.1,37.5,35,.,32.5,32.5,32.5,2009
MIGWANI,.,35,33,40,35,34,30,.,.,50,50,28,2009
MACHAKOS TOWN,31.6,33,32,33,38.9,32,33,.,.,.,30,.,2009
TALA,30,.,.,.,.,.,.,.,,.,.,,2009
MWENDANTU,31.8,27.3,27.3,30,32,33,35,.,.,29.1,27.3,30,2009
WOTE,30,30,30,32,.,32,32,.,.,32,28,.,2009
GARISSA TOWN,40,38.9,.,.,.,.,.,.,,.,.,,2009
DARAJA MBILI,28.6,31.8,31.8,38.6,33.3,31.8,.,.,.,31.8,29.5,29.5,2009
BONDO,30,35,.,.,.,.,.,.,.,.,.,.,2009
KABARNET,25,29,30,35,35,.,.,.,.,.,.,.,2009
KAPSABET,23.9,32.6,32.6,35.7,40.5,35.7,.,.,.,.,.,.,2009
KITALE,26.2,28.6,35,35,.,37.5,35,.,35,30,30,.,2009
ELDORET,27.3,29.5,29.8,31,33.3,40,40,40,.,30,27.5,30,2009
TURBO,26.2,28.6,.,31,31,40,40,40,.,22,20,20.8,2009
KIPKAREN,25,32.5,31.8,33.3,37.5,41,37.5,32.5,.,21.2,22,22,2009
KAIADO TOWNSHIP,.,.,.,50,.,.,.,.,.,,,,2009
BUNGOMA TOWN,27.3,.,31.8,35,40,40,37.5,37.5,30,.,30,30,2009
KIMILILI,.,.,.,.,.,37.5,40,.,.,25,27.5,30,2009
KAPSOKWONY,.,.,.,.,42.5,40,.,.,.,27.5,25,27.5,2009
MUDETE,28.6,35.7,33.3,38.1,35.7,.,.,.,.,.,.,.,2009
CHEPTULU,28.6,33.3,33.3,38.1,35.7,.,.,.,.,.,.,.,2009
MBALE,28.6,33.3,33.3,38.1,35.7,.,.,.,.,.,.,.,2009
KAWANGWARE,40,37.5,38.1,35.7,38.1,38.1,36.4,37.1,38.8,36.5,38.4,38.4,2009
BURMA,38.1,38.1,42.9,45,39.5,40.7,40,42,41,40,40,40,2009
KIKOMBA,25,75,66.7,35,43.5,40.9,39.1,35.7,35.7,37.5,37.5,37,2009
KANGEMI,37.5,37.5,55,31.8,37.5,38,37.5,38,38.8,37.5,36.1,35.7,2009
KOROGOCHO,40.9,38.1,36.4,41,40,36,.,35.7,36.9,35.7,35.7,35.7,2009
KIBERA(TOI),35,35,35.7,40,40,39.1,38.5,35.7,37.1,35,36.8,35.7,2009
KIAMBU,20,20,20,19.2,25,30,26.3,30,30,30,35,26.3,2008
LIMURU,17.5,17.5,17.5,22.5,25,26.3,.,27.5,30,30,32.5,30,2008
THIKA,19.7,21.9,16.7,19.1,18.2,.,.,28.6,35,.,.,.,2008
GATUNDU,17.9,23.8,23.8,19.1,19.1,.,.,30.4,36.4,31.8,.,.,2008
MUTHITHI,19.1,14.6,.,21.1,24.9,24,30,30,32.5,35,35,.,2008
MUKUYU,17.5,18.4,17.7,20.3,35.5,27.6,29.3,44.3,30,44.8,33.3,32.6,2008
KIRIAINI,16.7,16.7,19.1,19.1,25.4,49.3,50.5,.,.,.,33.3,33.3,2008
ENGINEER,15,.,15.9,.,.,.,.,.,.,.,.,.,2008
NANYUKI,18.2,18.5,20,22.5,24,24.4,22.5,25,25,25,35,30,2008
NYAHURURU,20,20,17.5,17.7,20,20,22.5,.,.,.,.,.,2008
MARIAKANI,20,20,20,23.5,25,25,25,30,30,30,.,.,2008
KALOLENI,20,20,20.7,24.5,25,25,25,25,30,30,.,.,2008
MALINDI,27.8,27.8,27.8,26.9,28.4,30,.,28,28,30,30,30,2008
KIBAUNI KILIFI,20,20,20.7,25,25,25,27,25,25,30,.,.,2008
UKUNDA,22.5,.,30,36,36,.,.,.,.,.,.,.,2008
MWEMBE TAYARI,25,20,.,.,.,.,.,.,.,.,.,.,2008
MACKINON,.,.,30,30,34,30,30,.,.,.,.,.,2008
SEGA,24,.,.,.,.,.,.,.,.,.,.,.,2008
KONGOWEA,25,20,.,.,.,.,.,.,.,.,.,.,2008
GARSEN,25,22.5,20,23.3,25,30,.,.,.,.,.,15,2008
RUNYENJES,15,15,25.8,20,20,10,.,.,.,.,.,32.5,2008
EMBU TOWN,17.5,18.8,15,20,20,.,.,30,35,26.3,.,.,2008
SIAKAGO,17.5,17.5,15,17.5,18.5,29.4,.,20,25.9,31.8,33.3,30.7,2008
MWINGI,16,16,16,16.5,19,.,.,.,28,.,.,.,2008
MIGGWAINI,.,.,14,14,17.8,21,.,.,28,30,.,.,2008
KALUNDU,15,16,17,.,.,.,.,.,.,.,.,.,2008
MACHAKOS TOWN,16,17,17,.,.,.,.,.,.,.,32,30,2008
TALA,16,18,17,15.7,17.1,.,.,27,28,28,25,31.9,2008
MAUA,.,.,21.3,25,31.7,.,.,37.5,37.5,30,30,30,2008
KIANJAI,.,.,16.7,19.5,20,.,.,31.1,.,35.6,35.6,29.2,2008
GAKOROMERE,13.6,16,12.7,24.3,18.3,.,18.2,.,.,27.3,31.8,.,2008
WOTE,17,17,18,18,20,22,.,.,27,27,32,32,2008
GARISA TOWN,.,.,25,.,30.3,.,.,.,.,.,.,.,2008
DARAJA MBILI,17.3,20.5,18.6,20,23,24.6,22.7,24.1,24.1,31.8,31.8,.,2008
KIBIRIGO,.,20.5,20.5,.,.,.,.,.,.,.,.,.,2008
NYANGUSU,14.3,.,16.7,.,.,31,.,25,.,.,.,.,2008
RIOCHANDA,.,16.8,21.4,.,.,.,.,.,.,.,.,.,2008
NYABITE,.,16,20.5,.,.,.,.,.,.,.,.,.,2008
MOGONGA,14.3,14.3,.,.,.,31,.,.,.,.,.,.,2008
NYAMACHE,16.7,17.1,17.5,.,.,31,.,.,.,.,.,.,2008
KIBUYE,.,17.3,18.2,21.4,29.6,.,.,.,.,27.3,22.7,.,2008
AHERO,23.8,22.7,.,.,.,.,.,.,28.5,27.3,29.6,.,2008
KIBOSWA,.,19.1,22.7,27.3,.,.,.,.,25,27.3,25,.,2008
SONDU,20.5,20.5,.,.,27.3,.,.,.,.,27.3,31.8,.,2008
BONDO,.,20,20,29,25,25.5,27.5,27,26.5,26.5,.,.,2008
SIAYA,22.7,16.4,19.6,.,.,.,.,.,.,27.3,27.3,.,2008
NGIYA,18.2,22.7,17.3,.,.,.,.,.,.,27.3,29.6,.,2008
UNGUNJA,22.7,15.2,17.3,18.2,.,.,.,.,.,27.3,29.6,.,2008
OYUGIS,.,18.6,20,.,.,.,.,.,.,.,.,.,2008
KEHACHA,.,17.5,20,21.2,24.4,25,.,.,.,.,.,.,2008
KABARNET,15,15,15,17.2,22.8,25,25,25,30,30,.,.,2008
NAKURU TWON,24.2,21.7,22.2,22.2,22.2,.,27.8,27.8,27.8,27.8,27.8,27.8,2008
KAPSABET,.,19.1,19.1,25,23.9,25.6,25.7,29.6,26.2,23.8,26.2,.,2008
KITALE,.,17.5,17.5,25,26.7,24.1,25.8,28.6,29.5,26.2,.,.,2008
ELDORET,20,15.4,15,15.5,19.4,22,22,26.5,31.8,25,20,20,2008
BURN FOREST,12.5,15,15,.,.,.,.,.,.,.,.,.,2008
TURBO,13.3,13.4,37.5,16.7,18.5,20.7,20.7,21.2,24.1,20,20,20,2008
KIPKAREN,15,16,16.1,25,27,26.3,29.4,32.5,20,20,20,22,2008
KAJIADO TOWN,25,20,.,25,35,21.7,25,.,25,40,40,40,2008
BUNGOMA TOWN,16.7,16.7,16.7,16.6,20.4,26,25.1,25,25,27.5,30,29,2008
KIMILILI,.,.,.,16.2,21.8,27.7,27.5,27,25,27.5,27.5,25,2008
KAPSOKWONY,.,16.2,17.5,.,.,.,.,.,.,.,.,.,2008
BUTERE,.,23.6,21.7,23.9,23.1,24.3,.,17.4,23.9,23.9,.,.,2008
KAKAMEGA,20.5,18.2,19.6,21.4,23.6,.,26.4,19.1,22.7,27.3,.,.,2008
MUMIAS,.,.,28.6,26.2,23.1,23.9,.,20.5,23.9,22,20,.,2008
MUNDETA,19.1,16.7,16.7,19.1,26.2,26.2,.,26.2,28.6,28.6,28.6,.,2008
CHEPTULA,23.8,16.7,16.7,21.4,26.2,26.2,26.2,26.2,28.6,30,28.6,.,2008
Mbale,23.8,16.7,.,.,26.2,26.2,.,26.2,26.2,28.6,28.6,.,2008
KAWANGWARE,21,22,25,46.5,30,29.3,29.3,30,33.3,33,33.3,33.3,2008
BURMA,25,25,25,32.5,25,25,33.3,31.3,35.5,38.9,38.9,44.4,2008
KIKOMBA,21.5,22,22,23.5,26.3,35,35,30,36.8,35,35,36.4,2008
KANGEMI,22,22.5,23,23,27.3,30,30,30,31,31,33.3,33.3,2008
KOROKOCHO,20,20,21.5,23,21.1,26.2,38.9,36.6,33.3,33.3,33.3,36.4,2008
TOI,21.4,21.4,23.8,23.8,26.2,28.6,28.6,31,31,31,33.3,33.3,2008
KIAMBU,17.39,16.67,16.67,14.29,16.67,11.9,11.9,11.9,9.52,9.52,9.52,-,2007
LIMURU,15,15,15,15,15,15,16.18,16.12,16,15,15,-,2007
THIKA,18.18,19.05,19.05,19.05,19.05,18.18,19.05,18.18,18.18,18.18,18.18,-,2007
GATUNDU,18.34,16.67,14.29,16.67,15.78,14.29,10,17.5,-,19.05,-,-,2007
MUTHITHI,11.9,11.9,10.71,9.52,10.24,10.72,13.33,-,-,-,-,-,2007
MUKUYU,17.55,15.79,15.79,15,19.05,15.79,12.5,12.5,-,-,-,14.29,2007
KIRIAINI,16.67,16.67,16.67,16.67,14.29,14.29,14.29,14.29,14.29,-,-,14.29,2007
ENGINEER,18,16.67,16.25,15,16.67,20,18.63,15,15,15,15,-,2007
NYERI,19.05,16.67,16.67,14.29,14.29,19.05,19.05,14.29,14.29,14.29,.,-,2007
ENDARASHA,16.67,17.86,19.05,20,19.05,-,-,-,-,-,-,-,2007
KARATINA,15.91,16.29,13.64,13.33,14.29,17.5,13.33,14.29,15,15,15,-,2007
GAKINDU,16.67,17.5,17.5,14.29,17.5,12.5,14.29,17.5,17.5,14.29,14.29,-,2007
NANYUKI,20,20,20,20,20,20,17,17,20,20,20,-,2007
NYAHURURU,17.5,15.95,14.59,12,12,22.5,11.9,14.29,-,-,-,-,2007
MARIAKANI,20,20,18,20,18,18,18,17,17,17,17,18,2007
KALOLENI,20,20,17,17,17,18,18,17,17,17,14,18,2007
MALINDI,20,17.21,20,-,20,20,20,20,-,-,-,-,2007
KIBAUNI KILIFI,21,20,18,18,17,16.5,17,17,17,17,.,18,2007
UKUNDA,35,35,38,35,35,30,25,25,-,-,-,-,2007
WUNDANYI,-,-,14,14,13,-,-,-,-,-,-,-,2007
MWEMBE TAYARI,20,20,23.67,30,20,20,20,18,-,-,-,-,2007
SEGA,20,20,20,22,20,-,-,-,-,-,-,-,2007
KONGOWEA,15,15,.,15,14,14.5,14,-,-,-,-,-,2007
GARSEN,-,20,25,-,-,-,20,20,25,-,-,-,2007
BURA TANA,20,20,20,40,20,-,-,-,-,-,-,-,2007
RUNYENJES,17.5,17.5,15,15,15,12.5,10,12.5,12.5,12.5,15,12.5,2007
EMBU TOWN,17.5,17.5,15,12.5,12.5,12,12.5,12.5,12.5,12.5,15,15,2007
SIAKAGO,20,17.5,12.5,12.5,12.5,-,11.75,11.5,11.5,15,15,15,2007
MWINGI,15,16,15,8,-,15,15,10,15,-,-,-,2007
MIGGWAINI,17,16,7.27,10,10,10,12,12,-,12,13,-,2007
MACHAKOS TOWN,18.18,-,12,12,5.71,10,10,12,12,13,-,-,2007
TALA,12,9.77,9.38,9.5,10,9.52,9,20,10,10,-,-,2007
MAUA,-,25,16.25,12.5,15,13.75,12.5,-,-,-,-,-,2007
KIANJAI,17.78,17.78,10,12.5,11.11,11.11,8.89,-,-,-,-,-,2007
GAKOROMERE,16,13.64,8,9.09,9.09,10.91,9.09,9.09,9.09,12,11.82,11.82,2007
WOTE,17,15,14,11,11,12,12,12,14,14,-,17,2007
GARISA TOWN,29.63,16.67,16.67,16.67,16.67,16.67,16.67,-,15,-,-,-,2007
DARAJA MBILI,13.33,14.29,13.64,14.29,14.29,13.64,12.83,11.36,13.33,14.29,9.52,17.62,2007
KIBIRIGO,16.67,-,-,-,-,16.67,11.9,-,13.33,.,.,.,2007
NYANGUSU,14.29,9.11,10.87,11.9,13.1,10.04,10.87,11.9,9.52,14.29,11.9,13.33,2007
RIOCHANDA,13.33,-,-,-,22.62,-,-,16.67,-,-,-,-,2007
NYABITE,15.48,-,-,-,14.29,-,-,14.29,-,-,-,-,2007
MOGONGA,12.38,10.87,10.43,11.9,12.38,13.33,11.74,9.52,9.52,11.9,15,14.29,2007
NYAMACHE,14.29,12.1,10,14.29,11.9,11.56,10.87,11.9,11.9,-,12.38,14.29,2007
KIBUYE,16.67,14.09,14.32,15.71,-,-,-,-,-,-,-,-,2007
AHERO,-,-,-,-,-,-,-,-,-,-,-,16.67,2007
KIBOSWA,16.19,15.71,14.09,15.24,-,-,-,-,-,-,-,-,2007
SONDU,14.55,13.64,13.64,-,-,-,-,-,-,-,16.67,16.67,2007
BONDO,15,15.4,17.5,17.5,14.07,15,15,16.5,16.5,16.5,16.5,-,2007
OYUGIS,12.38,13.33,-,-,16.19,-,15.71,-,-,-,-,-,2007
KEHACHA,15.91,13.64,-,-,-,-,-,-,-,-,-,-,2007
KABARNET,15,-,15,15,15.56,15,-,-,-,-,-,-,2007
NAKURU TWON,22.22,22.22,22.22,22.22,22.22,22.22,22.22,22.22,22.22,22.22,22.22,22.22,2007
KAPSABET,13.04,13.04,13.04,14.29,15.22,15.22,16.67,-,-,-,-,-,2007
KITALE,-,17.5,16.5,14.29,15,14.76,17.5,17.5,17.5,-,-,-,2007
ELDORET,13.33,13.18,13.64,15.24,18.5,17.5,19,17.5,14,15,14,12.5,2007
BURN FOREST,-,10.4,13.46,16.67,11,0.5,20,13.5,12.8,14,14,12,2007
TURBO,11.43,11.15,10,11.43,11.9,17.62,14,17.2,16.8,12,12,-,2007
KIPKAREN,12.86,12.03,12,15,16.5,17.5,17.5,17.5,16.5,10.4,13.95,10.8,2007
ITEN,11.9,25,26.25,11.9,-,-,-,-,20,17.5,-,-,2007
KAJIADO TOWN,20,20,-,20,20,20,20,20,25,20,25,-,2007
KAPKATENY,12.52,13.67,13.56,14.29,17.14,17.14,17.14,17.62,14.29,11.9,11.9,-,2007
BUNGOMA TOWN,14.29,13.97,13.64,15.24,13.64,-,-,-,-,14.55,13.64,14.29,2007
KIMILILI,13.33,13.67,12.85,14.29,.,15.71,16.67,15.71,16.67,11.9,13.33,14.29,2007
KAPSOKWONY,13.1,13.34,14.04,15.24,18.1,18.1,17.14,18.1,14.29,13.33,14.29,12.38,2007
BUTERE,-,-,14.7,14.55,15.91,16.52,15.71,-,-,-,-,-,2007
KAKAMEGA,13.97,13.97,13.64,15.24,15.24,16.29,15.91,13.64,13.64,12.73,13.64,13.64,2007
MUMIAS,-,-,14.69,14.65,15.71,16.67,17,-,-,-,-,-,2007
MUNDETA,14.29,14.29,14.29,14.29,15.24,15.24,15.24,14.29,14.29,-,15.24,14.29,2007
CHEPTULA,14.29,14.29,14.29,15.24,15.24,-,14.29,13.33,-,15.24,14.29,14.29,2007
Mbale,14.29,13.64,13.64,14.29,-,15.24,15.24,14.29,14.55,14.55,13.64,14.29,2007
KAWANGWARE,22,20,20,20,30,21.05,19.05,20,19.05,18.1,18.28,20,2007
BURMA,20,20,22,22,22,20,20,20,20,20,22,25,2007
KIKOMBA,19.05,19,20,19,18.18,20,18.18,20,19.05,17.14,20,20.45,2007
KANGEMI,19.49,20.5,19.05,19,20,20,20,20,18.18,19.05,20,20.45,2007
KOROKOCHO,17.95,19.5,20,19,20,18.18,18.18,19,16.36,19.5,19.05,20,2007
TOI,21,20.1,17.95,17.5,29.21,17.39,16.67,16.67,15,15.38,17.14,18.18,2007
Kiambu,15.08,19.05,20.48,19.05,21.43,21.43,19.53,19.05,15.71,15.05,16.67,16.67,2006
Limuru,18.25,19,17.5,21.5,21.25,22.5,21.43,22.5,17.5,23.53,17.5,15,2006
Thika,19.05,19.05,18.18,20,-,20,19.05,19.05,20,18.18,18.1,20,2006
Gatundu,21,19.05,23.81,19.05,-,21.43,18.18,-,-,19.05,15.22,19.05,2006
Muthithi,19.05,-,16.67,21.43,22.5,-,-,14.29,-,14.29,15.24,13.33,2006
Mukuyu,21.05,20,21.05,20,23.68,23.81,23.68,18.42,18.42,18.42,17.55,16.67,2006
Kiriaini,19.05,19.05,19.05,19.05,23.81,23.81,23.81,16.67,16.67,16.67,16.67,16.67,2006
Engineer,16.67,19.05,16.67,16.67,16.67,16.97,19.05,18.18,19.05,19.05,19.05,20,2006
Nyeri,19.05,20,19.05,20,21.43,21.43,21.43,19.05,19.05,19.05,-,-,2006
Endarasha,14.29,19.05,19.05,-,-,19.05,19.05,19.05,16.67,19.05,19.05,19.05,2006
Karatina,16.59,18.18,-,18.18,20.45,20.45,-,18.18,-,15.91,15.91,15.91,2006
Gakindu,-,-,20,19.05,17.5,20,21.43,22.5,19.05,22.5,16.67,20,2006
Nanyuki,19.05,19.05,21.05,-,-,-,-,-,20.91,18.18,20,22.22,2006
Mariakani,18,19,19,18,22,22,18,18,22,22,22,22,2006
Kaloleni,20,20,20,20,-,22,22,20,20,20,20,20,2006
Malindi,23.8,27.17,27.78,28.41,25,31.58,25,25,25.77,20,20,25,2006
Kibauni Kilifi,20,19,19,20,22,22,20,19,19,22,20,21,2006
Ukunda,30,30,30,31.33,35,32,32,32,32,38,35,35,2006
Mwembe Tayari,18,25,-,20,-,18,20,20,18,18,20,20,2006
Majengo,-,-,-,-,-,-,-,-,-,-,-,-,2006
Sega,19.5,22,24,24,20,22,20,21,20,18,22,20,2006
Voi,-,-,-,-,-,-,-,-,-,-,-,-,2006
Mackinon,-,-,-,-,-,-,20,-,-,-,-,-,2006
Kongowea,18,17.5,20,20,22,24,20,21,15,22,22,20,2006
Hola,20,20,20,20,-,-,-,16,20,16,15,-,2006
Garsen,-,20,20,20,20,20,-,-,20,17.5,-,-,2006
Runyenjes,17.5,20,20,20,20,20,19.05,20,20,20,20,17.5,2006
Embu Town,17.5,15,17.5,20,20,20,20,20,17.5,18.75,17.5,17.5,2006
Siakago,-,20,17.5,20,20,19.53,17.5,13.5,15,-,20,17.5,2006
Mwingi,17,17,20,20,22,22,21,18,16,-,17,16,2006
Migwani,18,18,20,18,20,20,20,20,17.17,18,18,-,2006
Kalundu,17,20,17,20.41,20,22,20,17,17,17,-,-,2006
Machakos Town,20,20,18,20.11,20,18,18,15,15,18,21.05,-,2006
Tala,17.57,18,-,19.05,20,17,16.67,17,12,11.9,22,12,2006
Maua,21.11,21.11,22.22,22.22,-,20,20,15,-,22.22,20,20,2006
Kianjai,18.89,17.78,16.67,18.34,18,21.11,21.11,18.89,-,18.89,18.89,18.89,2006
Mwendantu,14.1,15.45,13.64,13.64,16,15.45,18.18,18.18,16.36,16.36,16.36,15.45,2006
Wote,17,20,18,20,21,20,17,17,17,16,16,-,2006
Garissa Town,-,-,-,-,-,-,-,-,20,29.41,-,22.22,2006
Daraja Mbili,13.74,15.91,18.18,18.18,21.82,21.74,22.86,12.73,12.73,13.64,16.67,15.91,2006
Kibirigo,15.24,17.39,18.75,19.79,23.48,25,17.82,15.91,14.58,17.62,16.67,15.91,2006
Riochanda,12.51,16.67,15.83,19.59,24.17,25,12.5,11.9,-,14.29,14.29,16.67,2006
Nyabite,13.61,18.75,17.5,-,20.83,21.57,15,15.71,-,15.71,15.71,15.71,2006
Kibuye,16.82,18.18,-,20.45,,20.45,17.27,,15.91,,,14.55,2006
Mogonga,-,-,-,-,-,-,-,-,-,12.27,15.24,15.24,2006
Nyamache,-,-,-,-,-,-,-,14.29,-,11.9,15.24,16.67,2006
Ahero,15.76,18.18,-,20.45,20.45,20.45,,14.55,14.55,,-,16.67,2006
Homa Bay,-,-,-,-,-,-,-,-,-,-,-,-,2006
Oyugis,14.55,15.22,19.09,20.66,20.45,23.91,-,-,-,-,-,-,2006
Kehancha,-,-,-,-,-,-,-,16.67,19.05,19.05,19.05,21.43,2006
Kiboswa,15.45,17.27,-,19.55,,20.45,16.36,13.18,13.33,15.71,16.67,16.67,2006
Sondu,15.91,18.18,-,-,21.82,20.91,-,13.64,14.55,14.29,15.71,15.24,2006
Bondo,16.5,17.5,17.5,21,20,17.5,15,14,15,15,15,15,2006
Akala,-,-,18.18,-,,,,,,,-,-,2006
Siaya,14.55,14.09,-,-,-,-,-,-,-,-,-,-,2006
Ugunja,14.29,14.55,-,17.27,18.18,,16.36,,,,-,-,2006
Oyugis,14.55,-,-,20.66,20.45,23.91,,,,,-,-,2006
Kabarnet,13,15,15,16,18,19,19,18,,17,17,-,2006
Litein,16.67,19.05,-,-,,,,,,16.67,16.67,-,2006
Nakuru Town,22.22,20,20,20,20,22.22,22.22,22.22,22.22,22.22,22.22,22.22,2006
Kapsabet,13.04,17.39,17.39,17.39,18.7,-,19.05,15.32,11.36,10.87,13.33,-,2006
Kilgoris,-,-,17.62,20.45,22.61,23.64,21.43,-,-,14.29,-,-,2006
Eldoret,-,16,-,15.24,16.67,,22.5,15,,11.9,-,-,2006
Burnt Forest,-,15,15.22,19,19,,,17.5,17.5,16.67,16.67,10,2006
Turbo,10.42,12.5,15.22,17.5,14.58,19.95,20.23,19,13.64,14.29,-,11.9,2006
Kipkaren,15,15.45,13.04,15.91,16,16.8,16.6,12.73,13.03,13.33,-,-,2006
Iten,12.57,12.5,14.29,14.29,16.67,19.05,19.05,,,14.29,14.29,-,2006
Flax,14.29,14,-,-,-,-,-,-,-,-,-,-,2006
Kajiado Township,20,22,20,20,-,20,20,20,25,25,25,20,2006
Kapkateny,10.15,15.65,15.22,15.22,19.57,19.57,19.13,14.13,11.36,10.95,11.9,13.33,2006
Kapsokwony,10.76,15.22,15.22,15.65,19.57,19.57,18.05,13.04,13.04,11.43,-,-,2006
Bumala,14.29,16.67,16.19,-,,,,,11.9,,-,-,2006
Busia Town,13.33,15.71,-,20,,,,9.52,,,-,-,2006
Butere,15.61,15.91,15.91,20,20,19.13,22.86,,,13.64,-,-,2006
Kakamega Town,12.73,-,-,18.18,-,21.36,22.86,-,-,13.18,12.73,13.64,2006
Mumias,15.24,17.5,15.91,18.14,19.09,20.45,21.9,,,15,-,-,2006
Mudete,15,16.67,18.1,18.1,20,22.86,20.48,20.21,14.29,13.33,14.29,14.29,2006
Cheptulu,14.17,16,18.5,18.34,20,22.5,14.29,16.67,26.41,14.29,14.29,14.29,2006
Mbale,15.46,16.67,15.91,15.91,18.18,20.45,19.05,13.64,28.23,14.29,14.29,14.29,2006
Kawangware,21.43,22,21.43,21.4,21.43,23.81,21.43,21.43,19,18.18,20,23.53,2006
Burma,22.5,25,25,25,25,25,25,25,25,25,25,25,2006
Gikomba,20,20,21.05,20,25.51,25.51,22.22,22.22,21.51,20.41,20.5,22.22,2006
Kangemi,21.05,21.43,21.43,20.45,21.43,22.86,23.81,23.81,20,18.1,20,21.62,2006
Korogocho,21.28,20,22.22,20,25,25,21.05,21.05,21.86,21.86,21.86,23.53,2006
Kibera(Toi),19.05,20.48,20.48,21.43,21.43,21.43,23.86,23.86,16.67,16.19,19.05,21.16,2006
