"","MARKETS","Jan","Feb","March","April","May","JUNE","JULY","August","Sep","Oct","Nov","Dec","year"
"1","Kiambu",40,50,NA,NA,NA,NA,NA,NA,NA,NA,NA,NA,"2017"
"2","Limuru",40,50,NA,NA,NA,NA,NA,NA,NA,NA,NA,NA,"2017"
"3","Thika",45,55,NA,NA,NA,NA,NA,47.5,40,NA,NA,NA,"2017"
"4","Kutus",40.3,50.8,51.1,NA,NA,NA,NA,NA,NA,NA,NA,NA,"2017"
"5","Sagana",45.5,NA,NA,NA,NA,NA,NA,NA,NA,NA,NA,NA,"2017"
"6","Kerugoya",43.2,50.5,53.4,NA,NA,NA,NA,NA,NA,NA,NA,NA,"2017"
"7","Githumu",44.1,47.6,50,57.1,61,61.9,60.3,NA,NA,NA,NA,NA,"2017"
"8","Muthithi",NA,NA,45.2,NA,NA,NA,NA,NA,NA,NA,NA,NA,"2017"
"9","Makuyu",44.8,47.6,50.8,NA,NA,NA,NA,45,40,NA,NA,NA,"2017"
"10","Kiriaini",NA,NA,55,60,NA,NA,NA,NA,NA,NA,NA,NA,"2017"
"11","Ol Kalou",45,50,50,48.8,50,64,65,NA,NA,NA,NA,NA,"2017"
"12","Ndaragwa",NA,48.8,40.9,45.2,45.2,NA,62.3,NA,NA,NA,NA,NA,"2017"
"13","Nyeri",22.4,25,23.8,27.8,32.5,35,NA,NA,NA,NA,NA,NA,"2017"
"14","Endarasha",22.7,23.7,30.8,28,30.4,31,NA,55.6,63,68.6,55.6,NA,"2017"
"15","Karatina",22,21.4,20.2,22.6,28.8,NA,NA,44.4,51.3,62.2,44.4,NA,"2017"
"16","Gakindu",23.4,24.2,26.5,28.8,30,30,NA,50,50,50,NA,NA,"2017"
"17","Nanyuki",44.1,54.3,53.2,61.6,67.5,66.7,65.7,60,52.5,50,NA,NA,"2017"
"18","Nyahururu",35.7,44.9,46.2,53.8,60.3,76.4,72.4,NA,NA,NA,NA,NA,"2017"
"19","Ukunda",42.8,43,43,46.3,57.5,55,52,NA,NA,NA,NA,NA,"2017"
"20","Kwale",44.2,42.5,42.5,46.8,62,56.7,58.7,NA,NA,NA,NA,NA,"2017"
"21","Wundanyi",40,45,45,NA,NA,NA,NA,NA,NA,NA,NA,NA,"2017"
"22","Voi",41.3,42.5,45,NA,NA,NA,50,90,58.3,NA,NA,NA,"2017"
"23","Mwatate",40.7,44,46,NA,NA,NA,NA,NA,NA,NA,NA,NA,"2017"
"24","Mwembe Tayari",46,43.8,50,62.5,82,82.5,66.3,67.5,NA,NA,NA,NA,"2017"
"25","Majengo",50,46.3,50,62.5,90,82.5,62.5,NA,NA,NA,NA,NA,"2017"
"26","Sega",48,47.5,51.3,63.8,96.7,75,60,50,45,45,NA,NA,"2017"
"27","Kongowea",46,48.8,53.8,56.3,58,60,56.3,50,53.1,50.3,NA,NA,"2017"
"28","Hola",48,37.5,48.3,67.5,47.5,58,50,43.2,36.4,36.4,NA,NA,"2017"
"29","Bura Tana",42,35,50,50,50,50,50,45.5,43.6,40.9,NA,NA,"2017"
"30","Runyenjes",44.3,45.5,45.5,45.5,45.5,52.5,45.5,54.6,46.6,36.4,NA,NA,"2017"
"31","Embu Town",43.2,45.5,45.5,48.5,54.6,54.6,47.7,NA,NA,NA,NA,NA,"2017"
"32","Siakago",40.9,NA,45.5,NA,NA,NA,NA,NA,NA,NA,NA,NA,"2017"
"33","Tharaka",40.9,43.2,45.5,45.5,45.5,50,45.5,NA,NA,40,NA,NA,"2017"
"34","Mwingi",NA,45,NA,NA,NA,NA,NA,NA,NA,NA,NA,NA,"2017"
"35","Migwaini",NA,NA,NA,NA,NA,NA,50,50,46.7,40,NA,NA,"2017"
"36","Kalundu",43,43.7,50,50,NA,NA,50,NA,NA,NA,NA,NA,"2017"
"37","Machakos Town",44,48.3,NA,52.5,NA,63.1,60,50,50,NA,NA,NA,"2017"
"38","Tawa",41.7,45,45,47.6,50.5,53.4,51,NA,38.9,38.9,NA,NA,"2017"
"39","Tala",40,43,NA,42,NA,NA,NA,51.9,41.7,44.4,44.4,NA,"2017"
"40","Maua",53,66.7,66.7,NA,NA,NA,NA,56.1,NA,NA,NA,NA,"2017"
"41","Kianjai",NA,NA,NA,NA,NA,NA,47.8,NA,NA,NA,NA,NA,"2017"
"42","Gakoromere",48.3,55.6,47.9,50,51.1,54.5,53.7,50,40,NA,NA,NA,"2017"
"43","Chuka Town",49.4,51.4,NA,NA,NA,NA,NA,NA,NA,60,NA,NA,"2017"
"44","Kathwana",41.7,25.3,55.6,53.7,NA,NA,NA,46.3,57.5,70,NA,NA,"2017"
"45","Wote",41.7,44.8,45,46.4,52.4,59,54,NA,NA,NA,37.5,NA,"2017"
"46","Kibirigo",NA,NA,NA,NA,NA,NA,40.3,NA,NA,NA,NA,NA,"2017"
"47","Riochanda",NA,NA,NA,NA,NA,NA,43.1,NA,NA,NA,NA,NA,"2017"
"48","Nyabite",NA,NA,NA,NA,NA,NA,45.8,NA,NA,NA,NA,NA,"2017"
"49","Bondo",41.9,44.7,50.1,50.1,NA,NA,NA,NA,NA,NA,NA,NA,"2017"
"50","Siaya",NA,NA,51.5,53.7,NA,NA,NA,NA,NA,NA,NA,NA,"2017"
"51","Ngiya",37.2,41.4,52.7,NA,NA,NA,NA,NA,NA,NA,NA,NA,"2017"
"52","Unguja",41.9,42.8,51.7,50.1,NA,NA,NA,NA,NA,NA,NA,NA,"2017"
"53","Turkana",54.6,58,51.1,NA,NA,NA,NA,NA,38.5,58.6,58.3,NA,"2017"
"54","Kabarnet",40.3,41.3,43.3,NA,NA,66.7,66.7,NA,NA,NA,NA,NA,"2017"
"55","Kimulot",39.1,44,56,52,57,60,52,NA,NA,44,NA,NA,"2017"
"56","Muthurwa Narok",38,47,54,56,56,53.9,55.7,62.5,60,NA,NA,NA,"2017"
"57","Nakuru Town",37.2,55.3,60,61.5,63.3,66,66.7,NA,50,39.9,27.6,NA,"2017"
"58","Kitale",33.3,33.3,38.9,49,54.2,57.3,48,NA,NA,39.6,29.1,NA,"2017"
"59","Eldoret",32,32,38,40,48,53,50,NA,40.1,32.4,29.2,NA,"2017"
"60","Burn Forest",35,35,41.3,50,60.6,58.6,52.2,45,45,37.2,NA,NA,"2017"
"61","Turbo",28,31.5,32,37,49,52,48,34.8,31.8,30.9,NA,NA,"2017"
"62","Kipkaren",30.8,32.7,32,39,50,54,45.5,32.6,32.9,29.8,NA,NA,"2017"
"63","Iten",33.4,40.3,41.4,65.3,51.3,57.2,50,32.6,35.3,30.9,NA,NA,"2017"
"64","Kajiado",47.5,50,NA,50,61.7,60,NA,41.4,38.9,32.5,NA,NA,"2017"
"65","Kapkateny",NA,NA,NA,NA,NA,66.7,NA,NA,50,48.4,42,NA,"2017"
"66","Bungoma Town",35.5,NA,NA,NA,NA,NA,NA,NA,NA,NA,NA,NA,"2017"
"67","Kimilili",33,NA,NA,NA,NA,NA,NA,NA,NA,NA,NA,NA,"2017"
"68","Kapsokwony",34.2,NA,NA,NA,NA,NA,NA,NA,NA,NA,NA,NA,"2017"
"69","Butere",34.7,38,40,NA,NA,NA,NA,NA,NA,NA,NA,NA,"2017"
"70","Kakamega",41.9,50,50,NA,NA,NA,NA,29,29.6,31.3,NA,NA,"2017"
"71","Mumias",34.8,37,40,NA,NA,NA,NA,35,33.8,37.5,NA,NA,"2017"
"72","Mundeta",NA,NA,NA,57.1,57.1,58.3,NA,28,27.8,30.2,NA,NA,"2017"
"73","Cheptula",37.6,42.3,46.9,57.1,57.1,55.6,57.1,44.5,42.9,33.3,NA,NA,"2017"
"74","Mbale",40,47.5,50,52.5,56.6,59.5,57.1,41.3,33.3,33.3,NA,NA,"2017"
"75","Muthurwa",50,54.6,55,52.4,50,52.4,65,47.6,42.9,38.1,NA,NA,"2017"
"76","Kawangware",47.6,47.6,47.6,47.6,47.6,47.6,68.2,64.3,59.8,59.9,52.3,NA,"2017"
"77","Burma",50,50,60,65,65,60,70,65,62.7,60.3,52.5,NA,"2017"
"78","Gikomba",47.6,54.6,52.4,52.4,65,50,65,65,60,60,50,NA,"2017"
"79","Kangemi",50,47.5,50,47.5,54.6,59.3,55,62.5,60,58.7,50,NA,"2017"
"80","Korokocho",45,47.6,47.6,50,50,55,65,56.1,55,53.8,50,NA,"2017"
"81","Toi",47.6,50,57.1,63.6,61.9,68.2,71.4,62.5,61.1,53.5,NA,NA,"2017"
"82","Kiambu",NA,NA,35,35,35,35,NA,NA,40,40,40,40,"2016"
"83","Limuru",NA,NA,35,35,35,35,NA,NA,40,38.75,40,40,"2016"
"84","Thika",NA,45,45,NA,NA,40,40,40,40,40,40,NA,"2016"
"85","Gatundu",NA,NA,44.17,45,45,45,30,36.25,35,35,NA,NA,"2016"
"86","Kutus",32.41,24,23.71,25.36,25,29.17,33.33,32.03,32,36.04,35.71,37.5,"2016"
"87","Sagana",29.03,26.39,42.28,51.19,22.78,31.82,39.05,33.34,29.05,33.37,38.14,41.25,"2016"
"88","Kerugoya",34.61,33.33,28.17,27.7,22.48,33.41,38.1,51.13,30.43,35.57,38.24,40.91,"2016"
"89","Muthithi",22.73,22.73,22.73,23.87,24.09,25,26.14,31.82,32.39,34.09,34.09,35,"2016"
"90","Makuyu",28.57,28.57,27.98,23.81,26.19,NA,NA,NA,NA,NA,37.3,38.1,"2016"
"91","Kiriaini",32.5,35,34.38,35,NA,NA,NA,NA,NA,37.5,37,37.92,"2016"
"92","Ol  Kalou",NA,NA,NA,NA,NA,NA,NA,47.62,50,50,45,45,"2016"
"93","Ndaragwa",NA,NA,NA,NA,NA,NA,NA,NA,33.33,40,40.5,NA,"2016"
"94","Nyeri",31.82,33.79,37.96,35.8,31.47,32.19,39.47,40,40,36.32,40,40,"2016"
"95","Endarasha",38.1,35.71,NA,NA,NA,30,30.1,35,35,35,35,35,"2016"
"96","Karatina",34.17,35,33.75,32.5,30.08,24.41,31.27,34.17,33.36,31.86,30,30,"2016"
"97","Gakindu",33.36,34.58,36.95,35.97,30,46.67,38.26,38.49,35,38.75,40,40,"2016"
"98","Nanyuki",40.37,38.8,38.47,38.47,37.95,38.26,30.71,33.36,38.63,44.44,44.69,48.2,"2016"
"99","Nyahururu",22.73,24.24,25,27.27,28.64,28.64,28.03,32.2,31.82,34.85,31.82,31.82,"2016"
"100","Ukunda",40,40,40,40,39.89,40.86,40.89,41.45,41,41,40,40,"2016"
"101","Kwale",39,39.33,38,38.57,38.42,38.5,42,42,42,41.4,41.78,40,"2016"
"102","Wundanyi",NA,NA,NA,NA,NA,NA,NA,35.43,35.7,36,37,NA,"2016"
"103","Voi",NA,NA,NA,NA,NA,NA,NA,33.71,37.5,37,38,38,"2016"
"104","Mwatate",NA,NA,NA,NA,NA,NA,NA,34.2,34.5,35.33,35,NA,"2016"
"105","Mpeketoni",32.5,30,NA,NA,NA,30,30,30,31.25,33.33,33.75,40,"2016"
"106","Mkunguni",50,NA,NA,NA,NA,50,50,50,50,50,50,50,"2016"
"107","Mokowe",NA,NA,NA,NA,NA,NA,NA,NA,NA,50,50,50,"2016"
"108","Mwembe  Tayari",43,40,40,40,40,40,40,40,41.67,40,40,40,"2016"
"109","Majengo",40,40,40,40,39.2,40,40,40,40,40,40,40,"2016"
"110","Sega",41,40,40,40,40.8,40,40,40,40,40,40,40,"2016"
"111","Kongowea",34.8,35,35.5,37,39.2,40,40,39.25,38.5,39,40,40,"2016"
"112","Hola",37.5,38.33,40,NA,NA,NA,50,35,35,40,38.75,40,"2016"
"113","Garsen",NA,NA,NA,NA,NA,NA,NA,NA,NA,40,NA,NA,"2016"
"114","Bura  Tana",45,40,42.5,NA,NA,NA,45,40.71,33.33,40,45,45,"2016"
"115","Runyenjes",27.27,32.05,24.24,36.36,48,24.24,22.73,24.24,27.5,29.74,33.12,36.36,"2016"
"116","Embu  Town",27.27,27.27,22.73,22.73,NA,26.14,28.79,31.82,29.09,31.82,32.96,36.36,"2016"
"117","Siakago",29.87,27.78,22.25,27.27,NA,27.27,26.14,28.41,24.09,31.82,33.33,32.96,"2016"
"118","Mwingi",30,30,29,30,NA,NA,NA,NA,30,33.25,35,35,"2016"
"119","Kalundu",30,NA,NA,NA,NA,30,30,35,32.75,NA,35,35,"2016"
"120","Machakos  Town",35,35,35,30,34.58,30,30,31.25,35,42,35,35,"2016"
"121","Tawa",30.22,29.5,29,25,27.75,30,27.67,29.5,30,29.75,32.5,35,"2016"
"122","Tala",32,32,32,25,26.25,27,26,30.5,30,31,35,NA,"2016"
"123","Maua",NA,NA,NA,NA,NA,NA,NA,NA,NA,44.44,45.23,NA,"2016"
"124","Kianjai",NA,21.11,20.56,22.22,NA,27.78,27.78,27.78,27.78,34.57,38.89,NA,"2016"
"125","Gakoromere",33.33,33.33,24.44,22.22,24.07,27.78,33.33,33.33,33.33,35.32,38.89,38.89,"2016"
"126","Chuka  Town",47.04,36.13,31.25,34.94,30,34.03,34.9,31.74,30.99,35.44,34.86,NA,"2016"
"127","Kathwana",NA,NA,33.33,30.55,NA,NA,32.75,34.79,29.57,33.11,35.28,38.97,"2016"
"128","Wote",30,30,29.33,25,27.75,28,28.17,28.63,NA,30.8,33,NA,"2016"
"129","Marsabit",39.25,38,34.75,35.5,40,37.71,37.2,37,36,39.33,40,38,"2016"
"130","Kibuye",30.46,32.61,30.43,31.87,33.34,35.18,35.1,29.95,34.06,33.96,34.58,37.09,"2016"
"131","Ahero",31.35,31.13,29.8,29.64,29.94,32.27,35.15,33.51,34.64,36.33,37.17,39.33,"2016"
"132","Kiboswa",31.49,32.98,32.98,30.78,31.95,33.55,33.56,33.17,38.69,45.06,35.57,36.81,"2016"
"133","Sondu",30.72,30.8,30.01,30.13,NA,34.59,33.67,34.78,34.42,37.39,38.59,38.14,"2016"
"134","Bondo",27.43,28.41,30.12,31.82,31.82,32.87,37.46,NA,NA,NA,NA,NA,"2016"
"135","Akala",NA,NA,NA,NA,NA,NA,NA,34.66,36.36,38.32,37.08,NA,"2016"
"136","Siaya",27.12,27.27,30.34,31.55,31.78,32.02,34.17,33.15,39.66,39.86,37.64,NA,"2016"
"137","Ngiya",31.47,27.27,31.92,31.64,30.69,32.74,33.69,31.78,34.72,36.77,35.05,33.53,"2016"
"138","Unguja",30.52,30.52,31.17,NA,NA,33.39,35.32,35.41,33.16,36.65,35.58,NA,"2016"
"139","Kegonga",35.87,31.25,30.44,36.96,34.78,36.96,36.96,30.43,31.52,43.48,43.48,47.83,"2016"
"140","Homabay",27.77,26.85,27.5,27.87,28.13,32,NA,NA,32,34.12,36.12,36.18,"2016"
"141","Oyugis",24.27,24.09,24.64,27.67,NA,32,NA,NA,26.38,32.35,36.67,37.5,"2016"
"142","Kehacha",34.78,30.43,28.26,NA,28.26,26.09,25,26.09,34.78,NA,39.13,43.48,"2016"
"143","Migori",34.78,NA,28.26,30.43,33.7,34.78,26.09,23.08,26.09,34.78,39.13,43.48,"2016"
"144","Turkana",NA,NA,NA,NA,NA,NA,NA,37.39,53.53,43.18,45.45,NA,"2016"
"145","Kabarnet",NA,NA,NA,NA,NA,34.05,NA,42.83,NA,NA,NA,NA,"2016"
"146","Kimulot",NA,NA,26,NA,NA,32,32.5,36,32,32,NA,NA,"2016"
"147","Sotik",NA,NA,NA,NA,NA,32,32.4,32.8,33,36,NA,NA,"2016"
"148","Fort  Ternan",NA,NA,NA,NA,NA,NA,NA,NA,30,30,NA,NA,"2016"
"149","Bomet",NA,NA,NA,NA,36,36,36,36,36,34.67,NA,NA,"2016"
"150","Muthurwa  Narok",36,36,38,35,32,36,33.78,33,32,34,32,NA,"2016"
"151","Nakuru  Town",60,62.5,62.5,50,50.91,57.5,60,60,48.89,47.5,44.29,34.29,"2016"
"152","Mulot",29.5,NA,NA,NA,33.91,35.08,33.6,33.14,NA,NA,NA,NA,"2016"
"153","Kitale",NA,NA,NA,NA,NA,NA,35.61,36.11,35.42,32.08,31.25,30.21,"2016"
"154","Kapenguria",NA,NA,28,28,28,32,NA,NA,NA,NA,NA,NA,"2016"
"155","Eldoret",24,27,27.5,28,32,32,32,32,32,32,32,32,"2016"
"156","Burn  Forest",31,31.25,35,35,35,35,35,35.71,40,46.25,33.75,35,"2016"
"157","Turbo",25,26.88,30,32.5,35,35,35,37.14,37.5,34,28.75,29.38,"2016"
"158","Kipkaren",25,26.88,30,32.5,35,35,35,37.86,40,34,30.54,29.38,"2016"
"159","Iten",23.96,24.79,28.86,26.14,29.4,34.12,34.85,34.48,32.67,34.12,NA,27.23,"2016"
"160","Kajiado",50,40,50,50,47.33,46.67,44,42.5,50,45,50,NA,"2016"
"161","Bungoma  Town",26.97,24,26.99,27.55,29.17,35.61,36.42,30.27,30.11,28.87,32.43,34.41,"2016"
"162","Kimilili",NA,NA,NA,NA,NA,NA,35.05,30.27,NA,21.81,26.54,NA,"2016"
"163","Kapsokwony",NA,NA,NA,NA,NA,NA,NA,NA,35.16,25.67,26.8,28.28,"2016"
"164","Bumala",35.71,35.71,35.71,35.71,35.71,33.33,41.43,45.24,40.48,40.48,40.48,40.48,"2016"
"165","Busia  Town",35.71,38.1,38.1,38.1,38.1,42.86,41.67,39.29,36.91,40.48,40.48,40.48,"2016"
"166","Butere",27.73,30.68,31.82,43.22,35,40.57,33.85,21.29,23.1,28.25,31.82,38.64,"2016"
"167","Kakamega",33.22,40,40,37.5,38.75,40,40.63,38.33,32.5,34.38,35,40.83,"2016"
"168","Mumias",28.25,31.82,30.69,30.69,37.5,40,39.07,31,24,26,29.5,32,"2016"
"169","Mundeta",26.19,26.19,27.38,27.78,30.95,35.71,34.28,32.14,30.95,34.85,32.74,33.33,"2016"
"170","Cheptula",28.57,26.19,NA,30.95,33.33,35.71,37.01,35.71,34.52,32.14,34.92,35.71,"2016"
"171","Mbale",25.4,30.16,27.74,30,33.89,NA,NA,35,35,32.5,NA,NA,"2016"
"172","Muthurwa",40.91,42.86,42.5,40.91,42.86,45,42.86,42.86,45.45,42.86,45.45,47.62,"2016"
"173","Kawangware",45.45,42.86,42.86,42.86,45.24,47.5,45.24,43.18,45.24,45.34,NA,47.62,"2016"
"174","Burma",45,45,41.67,41.67,41.67,50,45,45,45,50,50,50,"2016"
"175","Gikomba",36.36,45.24,42.86,42.86,42.86,42.86,40.91,40,42.86,43.18,45.24,45.45,"2016"
"176","Kangemi",42.86,45,45.45,45,42.86,45,42.86,42.86,47.62,45,45.24,45.24,"2016"
"177","Korokocho",37.5,42.86,40.91,42.86,40.91,42.5,42.86,40.91,42.86,45,42.86,42.86,"2016"
"178","Toi",45,42.86,42.86,42.5,40.91,42.86,42.86,42.5,42.86,45,42.86,45,"2016"
"179","Kiambu
",40,40,40,40,40,40,40,NA,NA,NA,NA,NA,"2015"
"180","Limuru",40,40,40,40,40,40,40,NA,NA,NA,NA,NA,"2015"
"181","Thika",50,49.38,42.5,50,50,NA,50,NA,44.29,NA,NA,NA,"2015"
"182","Gatundu",43.83,43.8,NA,NA,NA,NA,NA,NA,40,NA,NA,NA,"2015"
"183","Kutus",32.99,28.58,NA,29.72,32,34.24,30.11,30.67,24.33,28.58,28.58,29.17,"2015"
"184","Sagana",32.02,31.1,NA,32.02,36.36,37.99,30.61,24.06,31.82,28.38,33.16,36.36,"2015"
"185","Kerugoya",32.45,31.52,NA,34.78,34.78,36.23,32.61,37.12,29.91,29.8,29.22,31.46,"2015"
"186","Muthithi",30.52,NA,31.82,32.39,36.36,31.82,32.73,NA,25.57,25,NA,NA,"2015"
"187","Makuyu",33.33,33.33,33.33,34.52,NA,34.76,33.33,35.24,33.33,39.37,29.36,28.57,"2015"
"188","Kiriaini",NA,35,35,37.08,40,40,37.5,36.25,35.63,32.56,32.5,NA,"2015"
"189","Engineer",40,40,34,38,40,NA,NA,NA,NA,NA,NA,NA,"2015"
"190"," Nyeri",39.62,38.89,42.73,41.39,49.34,48.81,43.93,52.54,47.62,NA,NA,NA,"2015"
"191","Endarasha",40.95,42.86,37.37,41.61,43.81,NA,36.67,38.88,35.83,NA,NA,NA,"2015"
"192","Karatina",34.17,35.52,37.64,43.72,40.26,39.05,38.5,39.29,43.02,45,NA,NA,"2015"
"193","Gakindu",NA,35.59,33.33,33.03,38.59,37.8,NA,37.22,33.13,34.25,35,NA,"2015"
"194","Nanyuki",44.57,36.19,37.49,47.23,48.89,43.02,45.83,46.11,43.07,44.42,44.29,33.46,"2015"
"195","Nyahururu",32.56,29.55,27.27,36.36,34.85,31.82,31.82,31.82,30.52,30,25,27.27,"2015"
"196","Kaloleni",35,NA,NA,NA,NA,NA,NA,NA,NA,NA,NA,NA,"2015"
"197","Malindi",31.5,30,34,37,NA,NA,NA,NA,NA,NA,NA,NA,"2015"
"198","Kibauni Kilifi",40,45,45,43.75,45,NA,NA,NA,NA,NA,NA,NA,"2015"
"199","Ukunda",30,30,32,43.33,45,42.5,38,45,40,40.67,40.25,39.43,"2015"
"200","Kwale",40,38.89,38.75,40,31.11,30,30,32.5,NA,38.89,36.25,38.5,"2015"
"201","Mpeketoni",NA,NA,NA,NA,NA,NA,NA,NA,NA,40,NA,NA,"2015"
"202","Mkunguni",NA,60,55,50,56.25,NA,NA,50,50,50,50,NA,"2015"
"203","Mwembe Tayari",45,41.75,43.25,41.75,42.5,50,45,47.5,46.25,56,61.67,NA,"2015"
"204","Majengo",38,41.25,45,40,42.43,45,42.8,41,45,42.83,40,NA,"2015"
"205","Sega",38.25,35,37.5,43.75,40,NA,40.17,45,45,45,45,NA,"2015"
"206","Kongowea",34.4,30,30,54.33,38,NA,40,39.67,40,38,37,NA,"2015"
"207","Hola",NA,NA,NA,NA,NA,50,37.5,35,NA,50,NA,35,"2015"
"208","Garsen",NA,NA,NA,NA,NA,40,40,NA,40,NA,NA,NA,"2015"
"209","Bura Tana",NA,NA,NA,NA,NA,40,35,NA,35,35,NA,30,"2015"
"210","Runyenjes",32.95,31.82,27.84,27.78,32.73,32.83,31.82,30.91,25,23.86,27.27,27.27,"2015"
"211","Embu Town",32.73,30.3,28.98,31.25,36.36,34.09,32.95,30,27.27,27.27,22.73,22.73,"2015"
"212","Siakago",33.33,33.33,31.82,31.82,36.36,35.06,33.12,28.98,24.68,27.27,27.27,29.55,"2015"
"213","Mwingi",27.4,27.25,27,30.25,34.2,34.6,35.89,31.67,30,30,NA,30,"2015"
"214","Kalundu",28,27,27,33,34.75,33,36.29,35,30,30,30,30,"2015"
"215","Machakos Town",32.5,30,30.75,40.83,35,36.25,40,36.5,35,35,35,40,"2015"
"216","Tawa",28.67,30,26,30.67,33.11,30,30,NA,33.13,32.38,32.5,33,"2015"
"217","Tala",28,26.86,26.5,26.38,33,32.22,34.25,35,35,35,35,34,"2015"
"218","Maua",30,30,30.56,36.25,36,35,35,35,35,35,35,NA,"2015"
"219","Kianjai",33.33,29.26,29.51,33.33,33.33,34.17,33.33,33.33,33.33,33.33,33.33,NA,"2015"
"220","Gakoromere",33.33,31.25,27.78,28.47,33.33,33.33,34.3,37.5,37.04,33.33,33.33,NA,"2015"
"221","Chuka Town",39.1,41.97,37.84,34.81,37.9,45.53,41.41,NA,NA,NA,NA,NA,"2015"
"222","Kaanwa",30.51,NA,NA,NA,NA,NA,NA,NA,NA,NA,NA,NA,"2015"
"223","Wote
Wajir Town",28.13,27.75,28.5,34,34.25,34.75,NA,NA,34.5,32.75,32.5,32.5,"2015"
"224","Marsabit",41.8,41.75,38,38.5,40.2,43,36.4,38.5,38.5,40,35.5,37.33,"2015"
"225","Daraja Mbili",31.25,28.41,27.44,32.58,36.36,36.36,NA,34.09,31.82,34.09,NA,NA,"2015"
"226","Kibirigo",27.17,27.08,32.29,37.5,NA,NA,NA,NA,NA,NA,NA,NA,"2015"
"227","Nyangusu",27.27,27.27,27.27,34.09,35.97,38.04,39.13,39.13,30.43,21.74,NA,NA,"2015"
"228","Riochanda",22.83,27.17,29.35,NA,NA,NA,NA,NA,NA,NA,NA,NA,"2015"
"229","Nyabite",31.94,26,32,35.42,NA,NA,NA,NA,NA,NA,NA,NA,"2015"
"230","Mogonga",36.36,27.27,27.27,34.09,38.18,NA,NA,NA,NA,NA,NA,NA,"2015"
"231","Igare",35.57,28.09,35.63,36.86,37.5,38.64,43.48,43.48,28.26,26.09,NA,NA,"2015"
"232","Kibuye",30.22,27.17,28.92,31.06,35.22,35.42,35.1,30.46,30.12,30.78,NA,NA,"2015"
"233","Ahero",NA,25.28,29.5,32.93,34.24,34.06,33.35,30.92,39.48,39.34,NA,NA,"2015"
"234","Kiboswa",32.18,28.94,29.57,30.87,33.77,NA,37.51,30.76,30.81,30.34,NA,NA,"2015"
"235","Sondu",NA,25.68,30.14,33.53,33.53,35.42,34.49,29.34,29.18,28.89,NA,NA,"2015"
"236","Bondo",27.67,22.92,30.18,31.46,36.58,34.71,34.03,29.26,27.43,NA,NA,NA,"2015"
"237","Siaya",27.23,NA,NA,NA,NA,NA,33.24,29.81,NA,NA,NA,NA,"2015"
"238","Ngiya",NA,23.89,NA,NA,NA,NA,34.66,27.51,NA,NA,NA,NA,"2015"
"239","Unguja",26.43,NA,NA,NA,NA,NA,35.43,27.59,NA,NA,NA,NA,"2015"
"240","Kegonga",25.35,20.83,24.15,31.25,31.67,34.78,36.96,32.5,36.96,NA,NA,NA,"2015"
"241","Homabay",28.04,31.04,31.26,36.57,NA,32.42,35.29,NA,NA,NA,NA,NA,"2015"
"242","Oyugis",27.21,28.47,30.67,33.33,34.78,33.15,35.42,NA,NA,NA,NA,NA,"2015"
"243","Kehacha",24,24,24,32,32,NA,32,32,NA,32,NA,NA,"2015"
"244","Migori",24,28,32,32,32,NA,28.26,30.43,30.43,NA,NA,NA,"2015"
"245","Kabarnet",27.78,27.78,33.33,38.89,38.89,38.89,38.89,NA,NA,NA,NA,NA,"2015"
"246","Kimulot",NA,27.46,31.27,36,34,NA,38.4,37.5,NA,NA,NA,NA,"2015"
"247","Sotik",NA,29.11,31.51,36,36,NA,42.67,36,32,NA,NA,NA,"2015"
"248","Bomet",NA,30.8,31,NA,36.42,NA,36,36,NA,NA,NA,NA,"2015"
"249","Muthurwa Narok",29,32.5,36.5,40,36.5,39,3.01,38,33.75,32.5,NA,NA,"2015"
"250","Nakuru Town",40,47.5,47.22,48.75,51.43,50,49.09,46.43,47.5,52.5,NA,NA,"2015"
"251","Kapsabet",30.43,29.35,30.43,30.43,36.96,39.13,39.13,43.48,43.48,NA,NA,NA,"2015"
"252","Mulot",NA,NA,NA,NA,NA,NA,NA,35.04,NA,NA,NA,NA,"2015"
"253","Kitale",22.92,22.92,22.92,29.17,NA,NA,NA,NA,NA,NA,NA,NA,"2015"
"254","Eldoret",30,27,27.5,30,31.78,36.6,32,32,32,32,24.5,24,"2015"
"255","Burn Forest",31,30.63,35,35.63,35,35,34.57,35,35,34.69,30,30,"2015"
"256","Turbo",20,22,24,31.63,35,35,35,36.67,30,28.33,28.13,25,"2015"
"257","Kipkaren",20,21.5,24,32.13,35,35,35,37.5,30,30,26.25,25,"2015"
"258","Iten",30.94,30,30,33.75,35.71,35,31.04,33.4,33.76,29.62,26.68,23.96,"2015"
"259","Kajiado",40,40,40,40,40,40,43,NA,46.25,45,45,50,"2015"
"260","Bungoma Town",28.57,27.14,28.95,34.32,34.29,33.33,36.96,32.45,25.09,24.63,24.31,25.42,"2015"
"261","Kimilili",NA,23.91,26.22,NA,NA,NA,NA,24,22.8,NA,20.23,NA,"2015"
"262","Kapsokwony",21.98,21.98,24.36,20.41,NA,NA,NA,26.53,25.33,NA,21.05,20.62,"2015"
"263","Bumala",26.67,27.38,30.16,30.95,33.93,36.11,36.51,25.51,23.81,25.6,28.57,32.74,"2015"
"264","Busia Town",31.43,23.81,26.19,31.55,35.12,36.51,36.11,25.51,25,26.19,27.38,35.71,"2015"
"265","Butere",27.27,26.63,27.87,29.55,36.08,38.47,39.2,34.09,28.41,28.64,30.68,27.2,"2015"
"266","Kakamega",28.2,27.27,30.39,33.18,34.91,39.05,38.79,37.14,30.83,24.4,29,31.5,"2015"
"267","Mumias",27.21,26.52,28.33,31.82,34.43,38.64,38.46,32.95,28.41,28.18,30.68,27.84,"2015"
"268","Mundeta",25,24.76,25.4,31.63,33.33,33.33,NA,32.65,33.33,33.33,NA,NA,"2015"
"269","Cheptula",25,23.81,28.57,31.97,35.71,33.93,34.13,NA,33.33,30.95,30.36,28.57,"2015"
"270","Mbale",23.81,23.81,26.19,30.16,33.33,33.33,29.76,30.95,30.01,28.57,28.57,NA,"2015"
"271","Muthurwa",45,43.48,45.45,47.62,50,45.45,47.62,45.45,45.45,47.62,47.62,45,"2015"
"272","Kawangware",42.86,42.86,45,45.45,50,47.62,42.86,47.62,47.62,50,50,47.62,"2015"
"273","Burma",45,45,50,45.45,50,45,45,45.45,45.45,50,50,50,"2015"
"274","Gikomba",45.57,NA,NA,NA,NA,40,47.62,47.62,47.62,45.45,50,47.62,"2015"
"275","Kangemi",42.86,42.86,45.45,45.45,45.45,45.24,47.62,45.45,45.45,50,49.32,47.62,"2015"
"276","Korokocho",44.72,43.27,44.72,46.54,46.54,NA,NA,NA,45,45,47.5,43.93,"2015"
"277","Toi",45,45.45,50,47.62,50,40,47.5,45.24,45.24,42.86,45,90,"2015"
"278","Kiambu",49.38,45,45,45,40,45,43.75,40,40,40,40,NA,"2014"
"279","Limuru",40,40,40,40,43.33,45,40,40,40,40,40,NA,"2014"
"280","Thika",46.25,47.5,47.14,47.78,48,45,45,45,42.5,50,50,NA,"2014"
"281","Gatundu",29.69,19.86,22.04,25.71,29.29,40,NA,40.27,43.38,43.5,41.89,NA,"2014"
"282","Kutus",36.19,40.91,37.47,33.85,35,34.37,35.51,27.79,26,27.78,28,NA,"2014"
"283","Sagana",38.41,38.68,42.15,39.58,41.3,41.56,37.76,32.47,30.78,35.87,37.9,NA,"2014"
"284","Kerugoya",37.35,36.36,37.25,37.5,39.57,40.02,38.28,34.78,33.7,34.46,33.7,NA,"2014"
"285","Muthithi",38.1,38.1,35.71,33.33,35.76,36.36,34.54,31.82,31.82,31.82,NA,NA,"2014"
"286","Makuyu",38.1,38.1,38.1,39.29,38.57,40.48,38.1,36.31,29.17,NA,NA,NA,"2014"
"287","Kiriaini",40.83,NA,NA,38.58,38.58,38.1,38.1,29.9,NA,NA,NA,NA,"2014"
"288","Engineer",NA,45,45,40,40,40,40,42.5,40,40,NA,NA,"2014"
"289","Nyeri",NA,NA,NA,NA,44.73,38.71,42.5,40,45,44,37.65,40,"2014"
"290","Endarasha",42.95,45.15,48.81,NA,48.02,48.22,47.22,46.03,41.27,42.07,32.39,38.1,"2014"
"291","Karatina",38.56,42.71,48.81,NA,44.17,44.38,41.55,41.67,36.51,35.32,34.19,38.75,"2014"
"292","Gakindu",38.1,38.1,38.1,NA,45,42.5,44.14,42.86,39.69,35.4,38.33,34.44,"2014"
"293","Nanyuki",43.21,44.57,41.09,45.9,45.53,47.06,46.29,45.2,46.11,45.27,44.69,36.7,"2014"
"294","Nyahururu",31.82,31.82,35.23,36.36,36.36,37.88,40.91,36.36,40.91,34.09,28.18,38.64,"2014"
"295","Kaloleni",39.41,40,40,40,40,40,40,39.5,38,36.2,35,NA,"2014"
"296","KibauniKilifi",43.75,45,45,45,45,42.5,40,40,40,43,45,NA,"2014"
"297","Ukunda",39,40,40,40,40,45,45,42,42.5,32.5,35,30,"2014"
"298","Kwale",40.52,44.1,43.33,42,39.2,38.8,45,44,42.5,42,38.25,38.75,"2014"
"299","MwembeTayari",57.67,57.5,45.75,47.5,48.4,50,51,51.25,48.75,47,41.67,42,"2014"
"300","Majengo",41.2,43.75,42.5,44.5,43.6,45,44,45,45,45,45,45,"2014"
"301","Mackinon",50,50,60,60,60,56.25,NA,NA,NA,NA,NA,NA,"2014"
"302","Sega",45,42.5,45,44,45,NA,46.25,45,45,45,45,45,"2014"
"303","Kongowea",37.6,35.75,38,39.5,38.8,40.5,44,46.5,43.25,36.4,40,39.86,"2014"
"304","Hola",40,40,35,32,25,42.5,36.25,30,30,31.25,35,NA,"2014"
"305","Garsen",NA,NA,NA,40,NA,37.5,44,40,40,40,NA,NA,"2014"
"306","BuraTana",NA,35,40,27.5,39.17,45,35,27.5,30,22.5,30,NA,"2014"
"307","Runyenjes",34.55,37.66,35.96,34.32,36.36,38.64,37.5,30.68,27.1,30.17,32.02,31.93,"2014"
"308","Embu Town",34.09,36.36,32.95,35.23,36.36,40.91,39.39,31.82,31.82,30.91,31.82,32.2,"2014"
"309","Siakago",38.1,38.1,38.1,36.36,36.36,40.91,40.91,34.09,31.82,31.82,31.82,32.32,"2014"
"310","Mwingi",35,35,35,35,39.42,35.75,35,31.15,28.32,26.01,26.73,26.69,"2014"
"311","Kalundu",35.67,35,35,35,35,37,35,35,31,30,28,NA,"2014"
"312","Machakos Town",44.44,40,42.29,40,36,40,39,42.83,35,35.75,36.67,40,"2014"
"313","Tawa",NA,NA,37,36.5,36.13,35.33,36.13,35.33,NA,37.5,31.75,NA,"2014"
"314","Tala",36.67,37.67,32.5,NA,NA,35,35,37.5,38,35.6,35,NA,"2014"
"315","Maua",NA,NA,NA,NA,NA,NA,40,40,40,NA,NA,30,"2014"
"316","Kianjai",NA,NA,NA,NA,NA,NA,NA,NA,33.33,33.33,35.56,33.33,"2014"
"317","Gakoromere",NA,NA,NA,NA,NA,NA,NA,NA,37.04,34.21,33.33,34.81,"2014"
"318","Chuka Town",NA,NA,42.93,41.86,48,46.48,62.11,46.4,38.49,41.2,37.63,NA,"2014"
"319","Kaanwa",NA,NA,35,45.03,39.05,NA,NA,32.77,37.4,32.53,30.61,NA,"2014"
"320","Wote",35,35.38,35.25,35.3,35.38,37.67,36.6,35.33,33.33,36.5,32.17,30,"2014"
"321","Wajir Town",NA,NA,NA,NA,50,60,50,50,50,49.23,NA,NA,"2014"
"322","Marsabit",40,40,NA,NA,NA,46.67,50,51.25,NA,45,NA,NA,"2014"
"323","DarajaMbili",38.89,38.18,40.1,38.39,38.64,40.34,38.41,34.85,31.06,31.25,34.66,NA,"2014"
"324","Kibirigo",37.5,35.42,35.42,36.96,NA,41.3,NA,NA,NA,NA,NA,NA,"2014"
"325","Nyangusu",36.36,36.36,38.05,35.71,34.66,39.13,39.13,36.96,31.88,30.43,28.26,NA,"2014"
"326","Riochanda",NA,34.78,36.96,36.96,41.3,37.23,NA,NA,NA,NA,NA,NA,"2014"
"327","Nyabite",NA,35,39.13,34.78,41.3,38.54,39.13,NA,NA,NA,NA,NA,"2014"
"328","Mogonga",39.09,NA,37.5,35.8,39.01,45.45,45.45,40.91,34.66,31.82,31.25,NA,"2014"
"329","Igare",36.82,33.7,36.52,35.81,39.73,39.77,38.87,34.09,32.96,32.84,31.54,NA,"2014"
"330","Kibuye",38.7,38.32,36.53,36.96,37.78,38.7,39.58,35.89,30.38,30.43,31.62,30.89,"2014"
"331","Ahero",40.91,40.91,40.91,NA,40.91,43.94,NA,NA,30.43,29.87,NA,NA,"2014"
"332","Kiboswa",37.73,37.9,36.03,36.26,36.48,38.59,41.06,32.94,30.27,NA,30.78,NA,"2014"
"333","Sondu",40.91,40.91,40.91,NA,40.91,42.42,NA,NA,29.07,31.72,NA,NA,"2014"
"334","Bondo",34.33,33.46,46.5,36.08,38.64,39.7,40.91,32.58,32.19,31.58,30.14,27.23,"2014"
"335","Siaya",31.32,30.61,35.51,36.36,36.36,37.22,NA,33.53,32.9,31.32,28.58,27.43,"2014"
"336","Ngiya",32.03,32.89,33.27,40.33,36.36,NA,NA,31.89,27.59,29.58,29.34,27.51,"2014"
"337","Unguja",31.59,31.2,32.65,35.64,31.13,46.54,36.36,32.37,30.52,27.96,27.25,27.35,"2014"
"338","Kegonga",NA,NA,NA,NA,NA,NA,NA,31.25,31.25,NA,NA,NA,"2014"
"339","Homabay",34.79,34,38,36.45,37.6,37.44,34.37,30.25,29.35,24.7,25.14,25,"2014"
"340","Oyugis",34.67,35.09,38.13,40.22,43.28,39.35,35.65,27.51,25.93,26.61,30.78,NA,"2014"
"341","Kehacha",NA,NA,NA,38,36,NA,NA,NA,28,NA,NA,NA,"2014"
"342","Migori",NA,NA,NA,NA,NA,NA,NA,24,28,28,NA,NA,"2014"
"343","SokoMjinga",NA,32.88,34.88,NA,NA,NA,NA,NA,NA,NA,NA,NA,"2014"
"344","Kabarnet",33.33,33.33,38.89,NA,43.33,NA,NA,NA,NA,NA,NA,NA,"2014"
"345","Kipkelion",NA,NA,NA,NA,NA,NA,40.91,NA,NA,NA,NA,NA,"2014"
"346","MuthurwaNarok",33.6,34,33.5,37.25,37.38,41.4,40,44,38,34,35.43,29,"2014"
"347","Nakuru Town",45.71,54,55.63,50,57.27,55,59,55.71,50,46,45,42.5,"2014"
"348","Kapsabet",34.78,39.13,39.13,39.13,41.3,42.93,43.48,43.48,43.48,43.48,31.52,NA,"2014"
"349","Kitale",30,31.25,30.73,31.25,37.5,37.5,37.5,29.17,26.04,23.96,22.92,20.83,"2014"
"350","Kapenguria",NA,32,32.88,36,39.53,40,40,40,42.67,NA,NA,NA,"2014"
"351","Eldoret",30,34,32,40.5,33.31,37.5,40,38.67,33.6,28.9,30.38,32.5,"2014"
"352","Burn Forest",30,35,35,35.63,34.5,41.88,42.75,37.57,36,35,33,23,"2014"
"353","Turbo",26,30,32.46,32,34.4,37,36,32,27.29,23.6,20.67,20,"2014"
"354","Kipkaren",26,29,31.5,32,35.2,36,36,33.44,30.58,24,21,20,"2014"
"355","Iten",35.83,38.5,39.58,40,45,50,50,45,40.63,34.31,27.5,25,"2014"
"356","Kajiado",41.25,NA,50,50,50,50,47,50,50,50,50,NA,"2014"
"357","Bungoma Town",33.33,34.66,34.44,33.72,36.36,39.23,40.49,39.13,29.51,29.03,29.17,29.59,"2014"
"358","Kimilili",NA,NA,33.84,NA,37.5,37.5,39.9,NA,21.28,20.91,21.98,22.88,"2014"
"359","Kapsokwony",28,NA,29.25,32.65,35.98,38.3,37.87,32.99,27.79,25.26,25,23.24,"2014"
"360","Bumala",32.74,30.95,34.13,38.1,42.86,41.27,39.05,25,24.66,32.54,NA,30.36,"2014"
"361","Busia Town",32.38,32.14,34.92,38.1,40.03,41.91,35.72,23.81,24.83,26.59,NA,25.04,"2014"
"362","Butere",35.23,31.35,31.13,NA,NA,41.25,39.48,29.55,30.12,31.61,31.12,28.83,"2014"
"363","Kakamega",36.45,37.06,34.61,35.61,38.64,39.27,39.49,34.46,27.3,27.5,31.07,29.31,"2014"
"364","Mumias",NA,31.47,31.3,NA,NA,42.27,38.66,31.23,29.31,31.75,31.47,28.51,"2014"
"365","Mundeta",33.33,33.33,34.92,35.71,38.1,38.1,35.71,NA,31.74,29.65,26.19,NA,"2014"
"366","Cheptula",33.68,34.13,36.51,38.1,36.9,37.5,35.71,NA,33.33,28.09,29.36,NA,"2014"
"367","Mbale",35.71,35.71,33.33,34.92,33.33,36.08,33.81,NA,27.38,28.57,24.6,NA,"2014"
"368","Muthurwa",50,40,45.24,48.65,50,44.44,45,47.62,45.45,45,42.86,42.86,"2014"
"369","Kawangware",42.86,47.5,47.62,50,50,42.86,45.45,42.86,40.91,42.86,42.86,42.86,"2014"
"370","Burma",50,45,50,45,45,40,45,45,42.86,45,45,45,"2014"
"371","Gikomba",47.62,50,50,50,50.63,45,45.45,42.86,40.91,40.91,45,45,"2014"
"372","Kangemi",48.89,50,48.89,43.64,43.64,44.44,42.35,44.44,45.45,42.86,42.86,42.86,"2014"
"373","Korokocho",47.62,47.37,45,45,50,40.91,45.45,43.56,43.93,43.93,45,45,"2014"
"374","Toi",50,50,45,45.45,50,40,40.91,42.86,45,42.86,45,42.86,"2014"
"375","KIAMBU",35,35,40,40,35,35,NA,NA,NA,NA,40,40,"2013"
"376","LIMURU",35,35,35,NA,35,35,NA,NA,40,40,40,40,"2013"
"377","THIKA",39.64,37.84,36.31,36.25,38,NA,33.75,36.25,40,47,NA,NA,"2013"
"378","GATUNDU",23.55,22.91,25.74,24.76,24.76,NA,19.29,17.14,19.29,17.41,NA,NA,"2013"
"379","KUTUS",36.36,34.78,30.43,NA,NA,NA,NA,NA,NA,NA,NA,NA,"2013"
"380","SAGANA",38.04,32.61,31.11,26.09,NA,NA,NA,NA,NA,NA,NA,NA,"2013"
"381","KERUGOYA",34.09,39.13,27.27,NA,NA,NA,NA,NA,NA,NA,NA,NA,"2013"
"382","MUTHITHI",42.41,54.99,23.81,24.21,27.2,28.57,NA,33.33,36.9,40.18,36.9,NA,"2013"
"383","MUKUYU",43.26,33.33,30.16,26.19,28.57,28.57,NA,33.33,33.33,35.24,38.1,38.1,"2013"
"384","KIRIAINI",34,40.28,38.1,36.19,33.67,31.54,NA,35.83,39.17,38,25.83,40,"2013"
"385","ENGINNEER",40,40,38.75,35,35,41.5,40,40,40,40,40,NA,"2013"
"386","NYERI",43.81,40,40,38.33,36.67,NA,NA,NA,NA,NA,NA,NA,"2013"
"387","ENDARASHA",43.75,45,45,42.84,36.36,40.06,40.45,38.64,NA,NA,NA,NA,"2013"
"388","KARATINA",42.5,40,38.13,34.58,33.33,33.33,33.33,33.33,NA,NA,NA,NA,"2013"
"389","GAKINDU",45,40.52,38.13,40.06,46.22,58.65,53.11,35.71,NA,NA,NA,NA,"2013"
"390","NANYUKI",40.56,39.29,40.24,38.64,37.51,30.44,38.47,38.68,40.74,NA,43.76,42,"2013"
"391","NYAHURURU",36.59,31.96,40,38.75,31.82,36.36,36.36,36.36,NA,40.91,43.64,42.42,"2013"
"392","KALOLENI",40,38.5,40,39,38,38,38,75.63,35,NA,NA,NA,"2013"
"393","MALINDI",40,40,39.94,40,40.5,40,40,31.25,35,40,40,NA,"2013"
"394","KIBAUNI KILIFI",40,40.81,40,40,40,40,40,40,37.5,NA,NA,NA,"2013"
"395","UKUNDA",NA,NA,NA,40,40,NA,38,38,38,38,38,NA,"2013"
"396","KWALE",NA,NA,NA,48.33,48.3,48.75,NA,NA,38,38.67,39,39,"2013"
"397","MWEMBE TAYARI",NA,NA,NA,44.6,46.33,50,49.44,42.92,45,45,NA,NA,"2013"
"398","MAJENGO",NA,NA,NA,42.75,45,43.75,43,39.5,43.25,42.4,NA,NA,"2013"
"399","MACKINON",NA,NA,NA,50,42,60,40,40,40,40,NA,NA,"2013"
"400","SEGA",44.75,42,45,50,47.22,46.9,48.73,41.91,44,42.6,NA,NA,"2013"
"401","KONGOWEA",42.25,40.75,43.5,41.08,39.47,39.75,39.77,39.11,36,37,38,NA,"2013"
"402","HOLA",40,20,35,37.5,35,NA,NA,NA,50,30,36.67,38.75,"2013"
"403","GARSEN",50,50,47,60,60,60,45,41.67,40,30,30,NA,"2013"
"404","BURA TANA",50,35,25,35,32.5,NA,NA,NA,42.5,30,35,37,"2013"
"405","RUNYENJES",29.55,28.41,27.27,22.73,27.27,27.27,27.27,NA,31.17,35,36.36,36.36,"2013"
"406","EMBU TOWN",31.82,27.27,27.27,27.27,NA,27.27,22.73,27.27,31.82,34.55,36.36,36.36,"2013"
"407","SIAKAGO",31.82,31.82,22.73,NA,27.27,NA,NA,27.28,30.24,35.32,38.1,38.1,"2013"
"408","MWINGI",30,30,35,31.5,31.5,NA,33,33,34.8,35,35,35,"2013"
"409","KALUNDU",35,35,NA,30,30,NA,30,30,31.75,34.5,35,35.67,"2013"
"410","MACHAKOS",35.91,35.61,40.11,38.54,34.48,NA,35,35,NA,NA,NA,35,"2013"
"411","TALA",NA,NA,33,22.35,22.51,24,23.81,24,NA,NA,NA,29.5,"2013"
"412","MAUA",38.89,33.33,33.33,22.92,25,30,30,30,30,35,NA,NA,"2013"
"413","KIANJAI",35.56,26.67,27.78,27.5,27.78,27.78,25.56,25.56,33.33,37.78,NA,NA,"2013"
"414","GAKOROMERE",36.94,36.44,NA,25.62,25,27.78,33.33,33.33,33.33,38.89,38.89,NA,"2013"
"415","MARSABIT",NA,NA,NA,NA,37.5,50,NA,NA,NA,NA,42.5,NA,"2013"
"416","WOTE",35.33,NA,NA,27.43,29.11,NA,NA,34.38,NA,NA,NA,NA,"2013"
"417","DARAJA MBILI",36.36,NA,37.88,36.36,37.5,36.93,37.73,37.4,37.5,40.91,40.91,40.91,"2013"
"418","KIBIRIGO",33.33,33.33,33.33,39.13,NA,NA,NA,31.25,35.42,37.91,37.5,NA,"2013"
"419","NYANGUSU",NA,NA,35.23,NA,36.82,39.39,36.36,36.93,38.64,45.45,39.2,NA,"2013"
"420","RIOCHANDA",31.25,29.17,33.33,35.42,NA,NA,NA,34.78,36.23,39.13,39.13,NA,"2013"
"421","NYABITE",33.33,33.33,33.33,36,NA,NA,NA,33.33,34.99,37,39.13,NA,"2013"
"422","MIRUKA",31.52,NA,31.25,NA,38.18,39.77,36.74,36.36,38.64,45.45,40.34,NA,"2013"
"423","IGARE",NA,NA,35.61,NA,37.71,39.2,36.36,36.36,40.76,41.3,41.7,NA,"2013"
"424","KIBUYE",35.82,35.88,38.64,39.68,35.73,34.78,33.33,32.91,34.63,34.78,NA,NA,"2013"
"425","AHERO",36.36,36.36,37.5,40.91,38.18,37.5,37.27,37.5,NA,2.9,41.48,NA,"2013"
"426","KIBOSWA",36.36,35.15,40.91,37.3,35.88,34.06,34.49,32.92,34.24,35.22,38.04,39.13,"2013"
"427","SONDU",36.36,36.36,37.5,37.5,37.73,36.36,37.27,37.5,NA,2.6,42.05,40.91,"2013"
"428","BONDO",35,36,36.45,NA,36.36,36.36,32.28,31.73,33.53,36.07,NA,NA,"2013"
"429","SIAYA",31.74,33.33,36.36,36.24,35.6,35.98,29.28,33.34,34.56,45.23,NA,NA,"2013"
"430","NGIYA",29.83,33.63,NA,36.36,36.36,36.36,29.09,32.15,32.7,37.37,NA,NA,"2013"
"431","UNGUJA",31.82,31.82,36.36,36.36,37.97,40,29.73,30.68,33.33,34.94,NA,NA,"2013"
"432","HOMABAY",NA,NA,NA,35.36,33.75,NA,NA,35.7,NA,37.38,NA,NA,"2013"
"433","OYUGIS",31.82,35.23,36.93,42.05,41.17,NA,36.36,33.94,39.25,43.12,43.3,NA,"2013"
"434","KEHACHA",31.82,NA,NA,NA,29,32,32,31.47,37.5,36.8,40,NA,"2013"
"435","SOKO MJINGA",NA,NA,NA,NA,NA,NA,NA,NA,NA,35.06,39.53,35.65,"2013"
"436","KABARNET",30.6,32.5,38.89,38.89,33.33,29,33.33,33,34.83,38.02,37.78,38.89,"2013"
"437","MUTHURWA",NA,NA,NA,NA,NA,NA,NA,NA,NA,33.83,36.38,NA,"2013"
"438","NAKURU",NA,55.56,55.56,NA,37.5,43.85,50.48,40,51.11,52.22,40,NA,"2013"
"439","KAPSABET",32.61,34.78,35.87,36.96,36.96,NA,NA,NA,NA,NA,NA,NA,"2013"
"440","KITALE",28.75,NA,40,40,50,NA,NA,29.17,30.21,30.73,28.75,27.08,"2013"
"441","ELDORET",37.5,40,40,40,40,34.6,33.33,NA,30.63,30,NA,NA,"2013"
"442","BURN FOREST",32,33.75,40,40,33.33,33.71,NA,NA,NA,NA,NA,NA,"2013"
"443","TURBO",25,25,31.67,36,31.57,30.55,NA,NA,30,30,NA,NA,"2013"
"444","KIPKAREN",NA,37.5,40,38,35.86,30,NA,NA,30,29,NA,NA,"2013"
"445","ITEN",30.83,33.46,35,37.5,35,33.46,31.67,35,37.5,NA,39,35,"2013"
"446","KAJIADO",50,50,50,50,50,NA,NA,40,41.11,50,50,NA,"2013"
"447","BUNGOMA",34.78,34.78,37.5,30.61,31.25,NA,35.56,28.57,35,NA,33.33,NA,"2013"
"448","KIMILILI",29.55,29.17,29.8,29.79,34.04,32.97,32.97,NA,NA,33.33,33.33,NA,"2013"
"449","KAPSOKWONY",25,28.26,30.43,30.11,31.25,NA,35.16,34.78,35.16,38.64,36.36,NA,"2013"
"450","BUMALA",NA,NA,38.1,NA,NA,30.16,31.71,32.74,35.63,37.5,NA,38.1,"2013"
"451","BUSIA TOWN",NA,NA,33.33,33.33,NA,31.11,36.57,33.33,35,37.5,NA,33.33,"2013"
"452","BUTERE",29.17,31.57,32.61,33.33,43.42,31.3,NA,NA,NA,NA,NA,NA,"2013"
"453","KAKAMEGA",35.14,37.75,42.14,37.78,37.42,33.74,35.22,36.05,37.07,36.88,35.11,33.01,"2013"
"454","MUMIAS",36.36,36.36,33.33,34.09,43.31,42.31,NA,NA,NA,NA,NA,NA,"2013"
"455","MUNDETA",55.28,31.65,41.27,40.48,38.1,NA,NA,30.95,31.55,31.9,34.52,33.33,"2013"
"456","CHEPTULA",29.59,34.03,40.6,40.48,38.1,NA,30.95,30.95,32.74,35.48,33.93,33.33,"2013"
"457","MBALE",29.76,34.71,42.86,NA,NA,NA,NA,30.95,32.74,33.93,33.33,34.52,"2013"
"458","HARAMBEE",NA,NA,NA,33.33,32.85,31.64,NA,NA,33.33,35.24,NA,NA,"2013"
"459","WAKULIMA",50,50,54.05,54.05,52.63,54.05,54.05,50,50,50,50,40,"2013"
"460","KAWANGWARE",48.89,50,52.38,52.38,50,52.38,52.38,54.55,54.55,50,42.86,47.5,"2013"
"461","BURMA",50,50,50,50,50,50,50,50,50,50,50,45,"2013"
"462","KIKOMBA",50,50,50,50,50,50,50,50,50,47.73,47.62,50,"2013"
"463","KANGEMI",45.45,50,47.62,47.62,47.62,47.62,47.62,52.63,52.63,47.73,48.89,43.64,"2013"
"464","KOROKOCHO",47.37,47.62,52.38,52.38,55,52.38,52.38,50,50,47.49,47.62,47.37,"2013"
"465","TOI",50,51.95,55,55,50,55,55,50,42.11,43.55,50,50,"2013"
"466","KIAMBU",40,40,35,NA,40,40,40,40,NA,NA,NA,NA,"2012"
"467","LIMURU",40,40,37.5,NA,42.5,45,45,42.5,40,NA,NA,NA,"2012"
"468","THIKA",40.91,40,40,40,48.3,50,49.17,47.5,45,NA,NA,NA,"2012"
"469","GATUNDU",30,47.62,30.43,33.33,38.14,52.19,52.5,48.75,47.5,NA,NA,NA,"2012"
"470","KUTUS",39.13,34.78,26.09,NA,34.78,39.22,39.13,34.78,30.43,30.43,34.78,NA,"2012"
"471","SAGANA",39.13,32.61,31.13,NA,38.26,40.16,40.91,44.47,34.78,36.36,31.11,NA,"2012"
"472","KERUGOYA",43.48,39.57,43.48,NA,41.17,42.33,45.45,43.48,39.13,39.13,36.36,NA,"2012"
"473","MUTHITHI",40.48,30.95,NA,NA,41.07,38.1,39.68,35.41,35.53,35,35,35,"2012"
"474","MUKUYU",38.1,38.1,37.41,NA,42.86,42.86,41.37,40.18,38.1,40,40,NA,"2012"
"475","KIRIAINI",38.1,38.1,38.1,NA,38.1,41.73,43.05,42.86,42.86,40,40,NA,"2012"
"476","ENGINEER",38.1,37.23,46.89,NA,47.62,47.62,47.62,50,NA,NA,40,40,"2012"
"477","NYERI",39.05,38.1,38.1,40,NA,NA,NA,NA,NA,NA,NA,NA,"2012"
"478","ENDARASHA",NA,NA,38.1,41.86,NA,NA,NA,NA,NA,NA,NA,NA,"2012"
"479","KARATINA",42.86,35.71,30.95,33.33,NA,NA,NA,NA,NA,NA,NA,NA,"2012"
"480","GAKINDU",42.5,40,40,40,NA,NA,NA,NA,NA,NA,NA,NA,"2012"
"481","NANYUKI",32.89,38.89,38.89,38.89,44.44,43.95,42.02,40.49,38.33,40,35.43,30,"2012"
"482","SIPILI",36.36,31.82,31.82,NA,NA,NA,NA,40.5,45.83,52.5,36.69,33.33,"2012"
"483","MARIAKANI",40,40,NA,NA,NA,NA,NA,NA,NA,NA,NA,NA,"2012"
"484","KALOLENI",45,45,NA,NA,NA,NA,NA,NA,NA,NA,NA,NA,"2012"
"485","MALINDI",42,40,36.43,36.67,41,47.5,44,42.5,41.25,35,35,38.33,"2012"
"486","KIBAUNI KILIFI",45,40,NA,NA,NA,NA,NA,NA,NA,NA,NA,NA,"2012"
"487","UKUNDA",41.82,40,40,40,40.4,42,NA,50,50,50,50,52.5,"2012"
"488","MKUNGUNI",50,50,50,60,57.27,59.44,58.57,54.71,54.06,51.25,NA,NA,"2012"
"489","MWEMBE TAYARI",49,45,37.92,40.5,45.07,45.75,41.8,50,52.5,55,51.25,49.5,"2012"
"490","MAJENGO",45.45,38.5,40.22,37.25,34.6,33,35.4,35.5,34,36.4,36.75,38,"2012"
"491","MACKINON",59,60,60,60,52,60,60,NA,NA,NA,NA,NA,"2012"
"492","SEGA",41.79,40,40,45,46,43.4,45,50,51.25,55,50,50,"2012"
"493","KONGOWEA",40,38,37,36.5,45,44.5,39.6,39.75,38.25,40.4,42,44,"2012"
"494","HOLA",NA,35,40,35,NA,48.75,49,50,44,42,41.36,NA,"2012"
"495","GARSEN",40,40,35,40,40,44,45,NA,45,45,48.67,50,"2012"
"496","BURA TANA",NA,NA,NA,30,NA,45.54,44,30,36.67,36,41.11,45,"2012"
"497","RUNYENJES",40.91,36.36,36.36,31.82,35.45,37.06,38.64,36.98,32.61,33.33,31.82,NA,"2012"
"498","EMBU TOWN",36.36,36.36,29.55,NA,36.93,38.08,41.89,37.01,41.21,31.82,31.82,NA,"2012"
"499","SIAKAGO",38.1,38.1,NA,35.71,38.04,40.04,40.61,35,32.5,33.41,37.5,NA,"2012"
"500","MWINGI",37,33,34,34,34,37.89,40,40,35,35,40,NA,"2012"
"501","MIGWANI",38,38,30,NA,NA,36.22,40,NA,NA,NA,NA,NA,"2012"
"502","KALUNDU",38,30,32,NA,NA,40.57,38.82,37.86,36.5,35,NA,NA,"2012"
"503","MACHAKOS TOWN",37,37,35,NA,36.75,39.74,45.39,43.58,38,44.44,44.44,NA,"2012"
"504","TAWA",NA,NA,NA,NA,NA,NA,43.47,43.33,44.44,44.44,44.44,NA,"2012"
"505","TALA",30,37.5,NA,NA,33.55,33.59,42.79,44.44,39.57,41.82,NA,NA,"2012"
"506","MAUA",50,39.58,36.88,37.5,43.75,50,50,50,NA,NA,NA,NA,"2012"
"507","KIANJAI",NA,33.33,30,35.56,33.33,38.89,36.67,36.67,33.33,NA,NA,NA,"2012"
"508","MWENDANTU",36.36,31.82,30,NA,35.78,NA,50,43.75,38.89,38.89,NA,NA,"2012"
"509","WOTE",38,38,NA,NA,NA,39.25,38.79,38,NA,NA,38,NA,"2012"
"510","GARISSA TOWN",NA,55.56,55.56,62.5,47.22,NA,NA,NA,NA,NA,NA,NA,"2012"
"511","MANDERA TOWN",NA,NA,NA,50,NA,NA,NA,NA,NA,NA,NA,NA,"2012"
"512","DARAJA MBILI",40.91,36.36,34.09,45.45,47.73,NA,NA,NA,38.63,39.6,36.93,37.23,"2012"
"513","KIBIRIGO",36,32,34,41.67,NA,NA,37.5,41.67,33.33,33.33,NA,NA,"2012"
"514","RIOSIRE",37.5,43.48,39.13,39.58,40.79,47.06,NA,NA,NA,NA,NA,NA,"2012"
"515","RIOCHANDA",36,39.58,31.25,40.82,46.74,NA,41.67,31.25,33.33,NA,NA,NA,"2012"
"516","NYABITE",40.91,36,33.33,44.9,NA,NA,41.67,37.5,34,35.42,NA,NA,"2012"
"517","MOGONGA",NA,43.18,38.64,45.45,47.73,45.85,NA,NA,35.53,37.21,37.69,NA,"2012"
"518","NYAMACHE",NA,NA,35.42,43.48,NA,NA,NA,NA,35.5,35.65,34.78,NA,"2012"
"519","KIBUYE",36.36,36.36,NA,43.18,54.44,55,49.73,38.64,36.93,31.93,34.66,34.47,"2012"
"520","AHERO",42.05,38.64,38.64,NA,NA,NA,NA,NA,NA,NA,NA,NA,"2012"
"521","KIBOSWA",34.09,NA,NA,45.45,50.69,51.67,44.09,78.3,35.8,35,34.09,35.5,"2012"
"522","SONDU",38.64,38.64,38.64,38.64,NA,NA,NA,NA,NA,NA,NA,36.36,"2012"
"523","BONDO",37.5,37.5,NA,42.5,49.3,50,50,37.5,NA,35,NA,NA,"2012"
"524","SIAYA",NA,NA,NA,40.91,45.45,NA,38.64,NA,NA,NA,NA,NA,"2012"
"525","NGIYA",NA,NA,31.82,NA,NA,NA,31.82,NA,NA,NA,NA,NA,"2012"
"526","UGUNJA",NA,NA,NA,36.36,45.45,NA,34.09,NA,NA,NA,NA,NA,"2012"
"527","OYUGIS",36.36,35.71,40.48,40.91,40.48,NA,45.45,38.1,31.82,36.36,NA,NA,"2012"
"528","KABARNET",35,30,35,37.5,42.05,45,NA,NA,37.5,NA,NA,NA,"2012"
"529","KERICHO",NA,NA,NA,NA,NA,NA,52.73,54.55,34.58,35.5,NA,NA,"2012"
"530","NAKURU TOWN",55.56,50,50,50,50,50,50,NA,NA,NA,NA,NA,"2012"
"531","KAPSABET",34.78,34.78,34.78,NA,47.05,43.48,43.48,43.48,34.78,34.78,32.61,NA,"2012"
"532","KITALE",35,35,35,NA,40.86,43.33,47.33,48.33,36.67,32.5,NA,NA,"2012"
"533","ELDORET",40,40,40,40,47.19,48.75,49.93,47,42.5,39,31.67,32.5,"2012"
"534","BURNT FOREST",32.5,35,35,37.5,37.43,45,45,41.43,42.5,35.28,32.86,35,"2012"
"535","TURBO",NA,NA,NA,32,31,33.5,45,43.33,37.5,34.17,31.43,31.67,"2012"
"536","KIPKAREN",37.5,35,30,37.5,51.11,47.5,49.17,47.27,40,31.25,31.67,32.5,"2012"
"537","ITEN",35,41.25,37.5,34.67,35,NA,NA,45,37.5,35.05,35,29.17,"2012"
"538","BUNGOMA TOWN",35.71,36.36,38.1,41.67,46.5,NA,NA,NA,35,31.82,30.43,NA,"2012"
"539","KIMILILI",31.82,33.33,31.25,33.33,50.4,NA,NA,NA,29.55,29.55,27.08,NA,"2012"
"540","KAPSOKWONY",30.43,34.09,36.36,33.33,NA,NA,NA,NA,34.09,31.82,30.43,NA,"2012"
"541","BUTERE",37.5,33.33,31.25,35.42,41.67,NA,NA,29.17,27.08,NA,29.17,NA,"2012"
"542","KAKAMEGA TOWN",36.36,40.4,37.5,NA,40.91,NA,39.77,38.64,38.64,36.84,35.08,NA,"2012"
"543","MUMIAS",40.48,NA,36.36,44.62,NA,NA,NA,36.36,NA,NA,31.82,NA,"2012"
"544","MUDETE",38.1,33.33,33.33,32.14,46.83,45,NA,NA,NA,NA,NA,NA,"2012"
"545","CHEPTULU",38.1,35.71,33.33,42.86,47.62,43.18,NA,NA,NA,NA,NA,NA,"2012"
"546","MBALE",35.71,35.71,33.33,35.71,45.37,NA,NA,NA,NA,NA,NA,NA,"2012"
"547","WAKULIMA",NA,NA,NA,NA,54.86,58.25,66.67,60,55.56,55.56,NA,NA,"2012"
"548","KAWANGWARE",38.1,40.48,40,42.5,42.86,42.86,42.86,45,47.37,50.65,NA,NA,"2012"
"549","BURMA",40,41.03,40,45,54.9,55.56,55.56,51.85,55.56,55.56,55.56,NA,"2012"
"550","KIKOMBA",40,40.51,37.5,40,52.03,55.06,56.79,52.78,55.56,50,50,NA,"2012"
"551","KANGEMI",38.64,40.48,42.5,42.5,45,45,45,45,45.45,45,50,NA,"2012"
"552","KOROGOCHO",38.64,40,35,40,42.5,44.94,53.09,51.19,47.62,50,50,NA,"2012"
"553","KIBERA(TOI)",38.1,40.91,40,43.93,45,45,42.86,45,47.62,50,52.63,NA,"2012"
"554","NYAMAKIMA",NA,NA,NA,NA,NA,NA,NA,NA,NA,34.78,NA,NA,"2012"
"555","KIAMBU",22.5,22.5,22.5,35,45,50,55,NA,NA,40,45,NA,"2011"
"556","LIMURU",20,20,27.5,37.5,45,50,50,NA,NA,40,45,NA,"2011"
"557","THIKA",23.81,30,28.57,31.82,35,50,100,40,40,40,NA,NA,"2011"
"558","GATUNDU",23.81,25,40,35,35,50,55,40,37.5,21.43,NA,NA,"2011"
"559","KUTUS",22.73,25,27.27,30.95,43.48,43.48,47.83,NA,NA,34.78,40.91,40.91,"2011"
"560","SAGANA",22.73,27.27,26.09,35,37.5,41.67,54.55,NA,NA,36.36,36.36,36.36,"2011"
"561","KERUGOYA",22.73,25,26.09,45,43.48,47.83,47.83,NA,NA,39.13,43.48,40.91,"2011"
"562","MUTHITHI",19.05,19.05,28.57,30.95,38.1,40.48,95.24,38.1,38.1,36.9,38.1,NA,"2011"
"563","MUKUYU",23.81,23.81,26.19,30.95,38.1,38.1,57.14,38.1,38.1,38.1,38.1,40.48,"2011"
"564","KIRIAINI",21.43,21.43,NA,35.71,38.1,47.62,52.38,47.62,42.86,40.48,40.48,40.48,"2011"
"565","ENGINEER",19.05,18.18,20,33.33,35,NA,50,45.45,45.45,40,36.36,NA,"2011"
"566","NYERI",25,30,30,42.5,42.5,50,NA,NA,NA,NA,NA,NA,"2011"
"567","KARATINA",20,22.5,22.5,25,50,50,NA,NA,NA,NA,NA,NA,"2011"
"568","GAKINDU",22.5,20,25,30,40,45,NA,NA,NA,NA,NA,NA,"2011"
"569","NANYUKI",42.36,22.22,27.78,38.89,44.44,50,55.56,61.11,50,47.22,45.92,44.44,"2011"
"570","SIPILI",NA,NA,NA,29.55,35,NA,50,NA,38.1,22.73,36.36,36.36,"2011"
"571","MARIAKANI",NA,NA,NA,NA,NA,NA,40,50,45,45,45,NA,"2011"
"572","KALOLENI",NA,NA,NA,NA,NA,NA,45,50,50,47.5,NA,NA,"2011"
"573","MALINDI",20,25,25,NA,NA,NA,NA,NA,50,40,42,45,"2011"
"574","KIBAUNI KILIFI",NA,NA,NA,NA,NA,NA,45,50,50,45,45,NA,"2011"
"575","KWALE",30,30,30,34.5,36.8,40,41,50,61.25,68,68.75,51.75,"2011"
"576","MWEMBE TAYARI",25.2,36,48.75,47.5,58,67.25,63,51.25,55,50,50,51.25,"2011"
"577","MAJENGO",25,34.75,48.75,48.75,44.6,44.75,44.6,41.5,42.25,43.8,44.75,43.25,"2011"
"578","MACKINON",NA,NA,NA,NA,NA,NA,NA,NA,NA,50,48.75,48.75,"2011"
"579","SEGA",24,26.25,35,35,33,50,45,43.75,40,NA,NA,NA,"2011"
"580","KONGOWEA",20.8,25.5,32.25,35,38.6,47.5,41.8,39.5,36.5,40,NA,NA,"2011"
"581","GARSEN",NA,NA,NA,NA,NA,NA,NA,NA,NA,NA,50,NA,"2011"
"582","RUNYENJES",20.45,22.73,25,27.27,36.36,44.32,50,40.91,36.36,40.91,40.91,40.91,"2011"
"583","EMBU TOWN",20.45,22.73,22.73,31.82,43.18,45.45,50,40.91,36.36,40.91,40.91,40.91,"2011"
"584","SIAKAGO",23.81,23.81,23.81,28.57,40.3,50,52.38,47.62,42.86,40.48,42.86,NA,"2011"
"585","MWINGI",20,22.73,25,34,36,50,50,38,36,35,40,38,"2011"
"586","MIGWANI",20,20,25,30,42,45,50,42,40,NA,40,NA,"2011"
"587","KALUNDU",NA,NA,NA,NA,NA,NA,NA,38,36,37,42,NA,"2011"
"588","MACHAKOS TOWN",20,20,25,NA,42,45,49,47.37,38,40.05,38,38,"2011"
"589","TALA",18,17,18,NA,35,50,48,38.1,45,45,42.86,NA,"2011"
"590","MAUA",20,NA,NA,NA,NA,62.5,62.5,50,56.25,50,50,NA,"2011"
"591","KIANJAI",25.56,22.22,26.67,34.44,35.56,NA,55.56,44.44,44.44,38.89,42.22,NA,"2011"
"592","MWENDANTU",17,NA,22.73,27.27,36.36,NA,45.45,40.91,40.91,36.36,36.36,NA,"2011"
"593","WOTE",20,20,20,35,45,45,45,40,40,45,42,42,"2011"
"594","DARAJA MBILI",21.43,20.45,NA,35.71,47.62,NA,54.55,38.64,40.91,38.64,43.18,45.45,"2011"
"595","KIBIRIGO",18.75,20.83,22,42.5,50,54.76,50,41.67,37.5,NA,NA,NA,"2011"
"596","RIOSIRE",21.05,20.45,30.95,30.95,40.48,NA,45.45,38.64,45.45,40.91,47.83,39.58,"2011"
"597","RIOCHANDA",17.39,20,20,35,42.86,52.38,50,39.13,36,NA,40.63,NA,"2011"
"598","NYABITE",16.67,20,24,NA,50,56,56,37.5,37.5,NA,37.5,NA,"2011"
"599","MOGONGA",18.18,26.32,25,43.18,NA,NA,59.09,40.91,40,NA,45.45,40.91,"2011"
"600","NYAMACHE",20,24,28,40,50,NA,50,34.78,45.83,45.45,41.3,NA,"2011"
"601","KIBUYE",20.45,25,28.03,40,NA,59.09,40.91,43.18,40.91,40.91,38.64,NA,"2011"
"602","AHERO",22.73,27.27,29.55,38.1,45.24,50,54.55,50,34.09,40.91,NA,NA,"2011"
"603","KIBOSWA",NA,22.73,25.65,40,40,56.52,36.36,36.36,36.36,34.09,34.09,34.09,"2011"
"604","SONDU",20.45,25,NA,38.1,50,NA,54.55,45.45,34.09,38.64,NA,NA,"2011"
"605","BONDO",NA,NA,NA,NA,NA,NA,50,50,49,47.5,NA,NA,"2011"
"606","OYUGIS",22.73,28.57,29.55,38.64,56.82,59.52,40.48,NA,NA,NA,NA,NA,"2011"
"607","KABARNET",NA,NA,NA,NA,NA,NA,45,50,40,40,NA,NA,"2011"
"608","NAKURU TOWN",22.22,27.78,27.78,27.78,27.78,72.22,66.67,66.67,55.56,55.56,NA,NA,"2011"
"609","KAPSABET",20.45,21.74,26.09,42.86,45.45,52.17,56.52,43.48,34.78,34.78,34.78,34.78,"2011"
"610","KITALE",15,25,25,45,60,60,54.17,46.21,40,31.25,35,NA,"2011"
"611","ELDORET",20,25,25,40,43.75,50,NA,60,NA,40,40,40,"2011"
"612","BURNT FOREST",17.5,20,20,40,NA,NA,NA,50,NA,45,37.5,NA,"2011"
"613","TURBO",15.22,16,25,30,42.86,NA,NA,56,32,24,24,20,"2011"
"614","KIPKAREN",17.5,25,27.5,45,50,55,NA,45,NA,32.5,35,35,"2011"
"615","ITEN",NA,NA,NA,NA,NA,NA,NA,NA,42.5,42.5,35,35,"2011"
"616","BUNGOMA TOWN",18.75,18.18,29.55,NA,47.73,56.82,54.17,33.33,29.17,26.04,34.78,40.48,"2011"
"617","KIMILILI",19.05,18.18,27.27,NA,41.82,54.76,56.52,32.61,30.43,30.43,31.25,34.09,"2011"
"618","KAPSOKWONY",15.91,15.91,22.73,NA,43.18,57.14,54.17,37.5,33.33,32.61,32.61,33.33,"2011"
"619","BUTERE",16.52,NA,NA,36.36,40.91,59.09,NA,31.82,29.17,30.43,33.33,33.33,"2011"
"620","KAKAMEGA TOWN",15.91,25,29.55,43.18,52.27,NA,56.82,NA,33.33,33.33,35.71,36.36,"2011"
"621","MUMIAS",NA,NA,NA,NA,NA,NA,NA,31.82,29.17,32.61,38.1,42.86,"2011"
"622","MUDETE",15.91,19.05,28.57,NA,47.62,NA,52.38,47.62,42.86,40.48,40.48,38.1,"2011"
"623","CHEPTULU",16.67,23.81,28.57,NA,47.62,NA,52.38,47.62,40.91,40.91,40.48,40.48,"2011"
"624","MBALE",21.43,23.81,28.57,NA,47.62,NA,57.14,47.62,45.24,38.1,38.1,40.48,"2011"
"625","KAWANGWARE",23.81,22.73,22.73,35.71,42.86,47.62,50,50,47.62,40.91,38.64,38.1,"2011"
"626","BURMA",25,25,25,38,40,50,NA,50,50,45,40,40,"2011"
"627","KIKOMBA",22.5,23.81,23.81,38.1,45.24,47.5,47.62,47.62,47.62,38.1,36.36,38.1,"2011"
"628","KANGEMI",23.81,23.81,23.81,35.71,42.86,50,50,50,50,42.86,38.64,40.91,"2011"
"629","KOROGOCHO",22.5,22.73,NA,35,42.5,42.5,45.45,45.45,47.62,40.91,36.96,38.1,"2011"
"630","KIBERA(TOI)",25,23.81,23.81,44.74,47.5,55,52.38,52.38,47.62,40,38.1,36.36,"2011"
"631","KIAMBU",17.5,17.5,16.5,17.5,17.5,NA,18.25,17.5,20,17.5,20,20,"2010"
"632","LIMURU",20,20,20,20,20,NA,16.75,15,17.5,17.5,17.5,17.5,"2010"
"633","THIKA",14.29,25,20,20,22,25,20,22.73,22.73,25,25,25,"2010"
"634","GATUNDU",19,20,25,25,20,22.73,20,22.73,22.73,23.81,25,20,"2010"
"635","KUTUS",NA,NA,NA,NA,13.04,14,13.04,13.04,13.64,13.64,NA,NA,"2010"
"636","SAGANA",NA,NA,NA,NA,22.73,20.83,21.43,13.66,15.91,14.29,NA,NA,"2010"
"637","KERUGOYA",NA,NA,NA,NA,18.18,18.18,15.91,15.91,13.64,15.22,NA,NA,"2010"
"638","MUTHITHI",14.29,14.29,16.67,16.67,16.67,16.67,14.29,14.29,14.29,14.29,19.05,19.05,"2010"
"639","MUKUYU",33.33,33.33,28.57,28.57,28.57,19.05,14.29,14.29,14.29,14.29,14.29,16.67,"2010"
"640","KIRIAINI",33.33,33.33,33.33,33.33,28.57,23.81,16.67,19.05,16.67,16.67,16.67,16.67,"2010"
"641","ENGINEER",NA,NA,30,30,27.27,22.73,25,20.45,NA,20,18.18,18.18,"2010"
"642","NANYUKI",38.89,33.33,33.33,27.78,22.22,22.22,22.22,22.22,22.22,22.22,22.22,22.22,"2010"
"643","SIPILI",34.09,33.33,27.27,NA,26.19,23.81,NA,NA,NA,NA,NA,NA,"2010"
"644","MARIAKANI",NA,NA,NA,NA,NA,NA,30,30,30,NA,NA,NA,"2010"
"645","KALOLENI",NA,NA,NA,NA,NA,27,27,25,25,NA,NA,NA,"2010"
"646","MALINDI",35,30,30,30,25,25,NA,NA,NA,20,20,18.79,"2010"
"647","KIBAUNI KILIFI",NA,NA,NA,NA,NA,25,20,20,20,NA,NA,NA,"2010"
"648","RUNYENJES",30,25,20,17.5,13.64,13.64,13.64,13.64,13.64,13.64,15.91,18.18,"2010"
"649","EMBU TOWN",31.5,27.5,20,20,13.64,15.91,13.64,13.64,13.64,13.64,18.18,18.18,"2010"
"650","SIAKAGO",32.5,22.5,20,17.5,17.5,15,15,14.29,17.14,34.42,15.91,19.05,"2010"
"651","MWINGI",NA,NA,NA,NA,NA,19,19.09,20,20,20,18,20,"2010"
"652","MIGWANI",30,25,25,15.91,15,15,14,15,14,14,14,15,"2010"
"653","KALUNDU",NA,NA,NA,NA,20,20,20,18,18,18,18,NA,"2010"
"654","MACHAKOS
TOWN",28.5,28,NA,20,20,17,15,18,15,17,17,18,"2010"
"655","TALA",NA,NA,NA,NA,10,10,10,NA,NA,11,NA,NA,"2010"
"656","KIANJAI",37.22,22.22,15.56,11.11,11.11,12.22,11.11,11.11,11.11,11.11,NA,NA,"2010"
"657","MWENDANTU",32,25,18.18,15,13.64,0,12,10.91,11.82,13,NA,NA,"2010"
"658","WOTE",28,25,NA,18,18,17,15,17,17,17,17,17,"2010"
"659","DARAJA MBILI",22.73,23.64,24.09,25,22.73,18.18,22.73,15.91,18.18,19.05,22.73,22.73,"2010"
"660","KIBIRIGO",NA,NA,NA,23.08,23.08,20.83,16,16,14.95,18,18,20.45,"2010"
"661","RIOSIRE",NA,NA,NA,NA,NA,19,20,13.04,NA,14,18,NA,"2010"
"662","RIOCHANDA",NA,NA,22.92,22.92,18.75,16,14,14,14,18,16,18,"2010"
"663","NYABITE",NA,NA,NA,20,18,18.75,16,14,15,18,16,18,"2010"
"664","MOGONGA",NA,NA,NA,NA,NA,16.67,19.05,14.74,12.5,14.58,15.91,NA,"2010"
"665","Nyamache",NA,NA,NA,NA,NA,14,16,16,16,16,16,NA,"2010"
"666","KIBUYE",29.55,28.18,27.27,27.27,20.45,18.18,15.91,NA,NA,NA,NA,NA,"2010"
"667","AHERO",29.55,28.18,27.27,22.73,21.59,18.18,18.18,18.18,18.18,18.18,20.45,20.45,"2010"
"668","KIBOSWA",27.27,27.27,27.27,27.27,19.13,17.39,15.22,NA,NA,NA,NA,NA,"2010"
"669","SONDU",29.55,29.55,25,20.45,20.45,18.18,18.18,15.91,15.91,15.91,20.45,NA,"2010"
"670","BONDO",NA,NA,NA,NA,NA,22.5,19.5,17.5,17.5,18.18,20.45,20.45,"2010"
"671","OYUGIS",25,26.73,28.57,27.27,18.18,18.18,17.39,15.91,17.86,NA,NA,NA,"2010"
"672","NAKURU TOWN",NA,NA,NA,NA,NA,NA,NA,NA,NA,27.78,27.78,NA,"2010"
"673","KAPSABET",NA,NA,NA,26.09,25,21.74,21.74,18.48,17.39,15.22,17.39,17.39,"2010"
"674","KITALE",35,35,32.5,25,22.5,25,NA,20,17.5,16.67,15,15,"2010"
"675","ELDORET",28.75,28.75,28.75,27.5,25,25,22.5,22.5,20,17.5,17.5,NA,"2010"
"676","BURNT FOREST",NA,NA,NA,22.73,22.73,25,23.75,15,22.5,20,NA,20,"2010"
"677","TURBO",22,22,22,24,20,20.8,18,18.48,18,14,11.2,10.4,"2010"
"678","KIPKAREN",24,30,27.5,25,25,22.5,25,25,10.8,12,14,NA,"2010"
"679","BUNGOMA
TOWN",30,NA,NA,22.73,20.45,18.18,18.18,18.18,18.18,14.58,18.18,NA,"2010"
"680","KIMILILI",30,25,25,20.83,20.83,NA,18,18,16,12.5,12,NA,"2010"
"681","KAPSOKWONY",23.91,25.22,23.91,21.74,19.23,17.69,17.31,17.31,19.05,NA,12.5,NA,"2010"
"682","BUMALA",23.81,23.81,28.57,NA,NA,NA,NA,NA,NA,16.67,NA,NA,"2010"
"683","BUSIA TOWN",21.43,21.43,18.1,18.1,NA,NA,NA,NA,NA,16.67,NA,NA,"2010"
"684","KAKAMEGA
TOWN",29.55,27.27,27.27,27.27,22.73,20.45,20.45,20.45,18.18,18.18,15.91,15.91,"2010"
"685","MUDETE",28.57,23.81,22.38,21.43,21.43,19.05,21.43,21.43,19.05,16.67,16.67,16.67,"2010"
"686","CHEPTULU",28.57,26.19,26.19,21.43,19.05,19.05,16.67,19.05,16.67,16.67,16.67,18.1,"2010"
"687","MBALE",28.57,23.81,20.48,21.43,19.05,23.81,20.48,21.43,19.05,16.67,16.67,18.1,"2010"
"688","KAWANGWARE",34.09,34.76,30.95,30.95,23.81,22.73,22.22,22.22,20,17.39,19.05,20,"2010"
"689","BURMA",35,30,30,30,25,23,23,23,20,20,20,20,"2010"
"690","GIKOMBA",35.71,32.5,32.5,30,21.43,22.5,22.73,23.81,22.22,22.73,20,19.05,"2010"
"691","KANGEMI",30.95,30.95,30.95,30,22.73,21.43,22.73,22.73,22.22,17.39,20,19.05,"2010"
"692","KOROGOCHO",33.33,30.95,30.95,28.57,22.73,21.74,21.43,20.45,20.45,20.45,20,20,"2010"
"693","KIBERA(TOI)",33.33,32.5,31.58,30.95,23.68,21.43,21.43,21.74,20,20,19.05,20,"2010"
"694","KIAMBU",35,35,NA,NA,33.8,34.7,48.6,NA,NA,NA,32.5,NA,"2009"
"695","LIMURU",30,32.5,NA,NA,37.5,37.5,37.5,NA,NA,32.5,30,NA,"2009"
"696","MUTHITHI",35,35,35,35,40,NA,NA,NA,NA,NA,NA,NA,"2009"
"697","MUKUYU",33.3,35,26,33.3,35.7,38.1,NA,NA,NA,33.3,33.3,31,"2009"
"698","KIRIAINI",33.3,38.1,NA,35.7,38.1,38.1,33.3,NA,NA,35.7,31,NA,"2009"
"699","NANYUKI",35.3,33.3,34.2,43.8,44.4,50,44.4,44.4,NA,44.4,44.4,44.4,"2009"
"700","SIPILI",20,20,46.6,25,NA,NA,NA,NA,NA,25,NA,NA,"2009"
"701","MARIAKANI",33.5,35,35,35,35,35,35,35,NA,36,36,36,"2009"
"702","KALOLENI",32,32,35,35,35,35,35,35,NA,36,36,36,"2009"
"703","MALINDI",30,35,35,35,40,NA,NA,NA,NA,30,35,35,"2009"
"704","KIBAUNI KILIFI",35,35,35,35,35,35,35,35,NA,NA,36,35,"2009"
"705","GARSEN",22.5,NA,25,25,25,NA,NA,NA,NA,NA,NA,NA,"2009"
"706","RUNYENJES",35,37.5,37.5,37.5,40,35,35,NA,30,30,32.5,NA,"2009"
"707","EMBU TOWN",37.5,37.5,37.5,51.2,42.5,40,35,NA,30,35,32.5,NA,"2009"
"708","SIAKAGO",29.6,35.7,37.5,NA,43.2,38.1,37.5,35,NA,32.5,32.5,32.5,"2009"
"709","MIGWANI",NA,35,33,40,35,34,30,NA,NA,50,50,28,"2009"
"710","MACHAKOS TOWN",31.6,33,32,33,38.9,32,33,NA,NA,NA,30,NA,"2009"
"711","TALA",30,NA,NA,NA,NA,NA,NA,NA,NA,NA,NA,NA,"2009"
"712","MWENDANTU",31.8,27.3,27.3,30,32,33,35,NA,NA,29.1,27.3,30,"2009"
"713","WOTE",30,30,30,32,NA,32,32,NA,NA,32,28,NA,"2009"
"714","GARISSA TOWN",40,38.9,NA,NA,NA,NA,NA,NA,NA,NA,NA,NA,"2009"
"715","DARAJA MBILI",28.6,31.8,31.8,38.6,33.3,31.8,NA,NA,NA,31.8,29.5,29.5,"2009"
"716","BONDO",30,35,NA,NA,NA,NA,NA,NA,NA,NA,NA,NA,"2009"
"717","KABARNET",25,29,30,35,35,NA,NA,NA,NA,NA,NA,NA,"2009"
"718","KAPSABET",23.9,32.6,32.6,35.7,40.5,35.7,NA,NA,NA,NA,NA,NA,"2009"
"719","KITALE",26.2,28.6,35,35,NA,37.5,35,NA,35,30,30,NA,"2009"
"720","ELDORET",27.3,29.5,29.8,31,33.3,40,40,40,NA,30,27.5,30,"2009"
"721","TURBO",26.2,28.6,NA,31,31,40,40,40,NA,22,20,20.8,"2009"
"722","KIPKAREN",25,32.5,31.8,33.3,37.5,41,37.5,32.5,NA,21.2,22,22,"2009"
"723","KAIADO TOWNSHIP",NA,NA,NA,50,NA,NA,NA,NA,NA,NA,NA,NA,"2009"
"724","BUNGOMA TOWN",27.3,NA,31.8,35,40,40,37.5,37.5,30,NA,30,30,"2009"
"725","KIMILILI",NA,NA,NA,NA,NA,37.5,40,NA,NA,25,27.5,30,"2009"
"726","KAPSOKWONY",NA,NA,NA,NA,42.5,40,NA,NA,NA,27.5,25,27.5,"2009"
"727","MUDETE",28.6,35.7,33.3,38.1,35.7,NA,NA,NA,NA,NA,NA,NA,"2009"
"728","CHEPTULU",28.6,33.3,33.3,38.1,35.7,NA,NA,NA,NA,NA,NA,NA,"2009"
"729","MBALE",28.6,33.3,33.3,38.1,35.7,NA,NA,NA,NA,NA,NA,NA,"2009"
"730","KAWANGWARE",40,37.5,38.1,35.7,38.1,38.1,36.4,37.1,38.8,36.5,38.4,38.4,"2009"
"731","BURMA",38.1,38.1,42.9,45,39.5,40.7,40,42,41,40,40,40,"2009"
"732","KIKOMBA",25,75,66.7,35,43.5,40.9,39.1,35.7,35.7,37.5,37.5,37,"2009"
"733","KANGEMI",37.5,37.5,55,31.8,37.5,38,37.5,38,38.8,37.5,36.1,35.7,"2009"
"734","KOROGOCHO",40.9,38.1,36.4,41,40,36,NA,35.7,36.9,35.7,35.7,35.7,"2009"
"735","KIBERA(TOI)",35,35,35.7,40,40,39.1,38.5,35.7,37.1,35,36.8,35.7,"2009"
"736","KIAMBU",20,20,20,19.2,25,30,26.3,30,30,30,35,26.3,"2008"
"737","LIMURU",17.5,17.5,17.5,22.5,25,26.3,NA,27.5,30,30,32.5,30,"2008"
"738","THIKA",19.7,21.9,16.7,19.1,18.2,NA,NA,28.6,35,NA,NA,NA,"2008"
"739","GATUNDU",17.9,23.8,23.8,19.1,19.1,NA,NA,30.4,36.4,31.8,NA,NA,"2008"
"740","MUTHITHI",19.1,14.6,NA,21.1,24.9,24,30,30,32.5,35,35,NA,"2008"
"741","MUKUYU",17.5,18.4,17.7,20.3,35.5,27.6,29.3,44.3,30,44.8,33.3,32.6,"2008"
"742","KIRIAINI",16.7,16.7,19.1,19.1,25.4,49.3,50.5,NA,NA,NA,33.3,33.3,"2008"
"743","ENGINEER",15,NA,15.9,NA,NA,NA,NA,NA,NA,NA,NA,NA,"2008"
"744","NANYUKI",18.2,18.5,20,22.5,24,24.4,22.5,25,25,25,35,30,"2008"
"745","NYAHURURU",20,20,17.5,17.7,20,20,22.5,NA,NA,NA,NA,NA,"2008"
"746","MARIAKANI",20,20,20,23.5,25,25,25,30,30,30,NA,NA,"2008"
"747","KALOLENI",20,20,20.7,24.5,25,25,25,25,30,30,NA,NA,"2008"
"748","MALINDI",27.8,27.8,27.8,26.9,28.4,30,NA,28,28,30,30,30,"2008"
"749","KIBAUNI KILIFI",20,20,20.7,25,25,25,27,25,25,30,NA,NA,"2008"
"750","UKUNDA",22.5,NA,30,36,36,NA,NA,NA,NA,NA,NA,NA,"2008"
"751","MWEMBE TAYARI",25,20,NA,NA,NA,NA,NA,NA,NA,NA,NA,NA,"2008"
"752","MACKINON",NA,NA,30,30,34,30,30,NA,NA,NA,NA,NA,"2008"
"753","SEGA",24,NA,NA,NA,NA,NA,NA,NA,NA,NA,NA,NA,"2008"
"754","KONGOWEA",25,20,NA,NA,NA,NA,NA,NA,NA,NA,NA,NA,"2008"
"755","GARSEN",25,22.5,20,23.3,25,30,NA,NA,NA,NA,NA,15,"2008"
"756","RUNYENJES",15,15,25.8,20,20,10,NA,NA,NA,NA,NA,32.5,"2008"
"757","EMBU TOWN",17.5,18.8,15,20,20,NA,NA,30,35,26.3,NA,NA,"2008"
"758","SIAKAGO",17.5,17.5,15,17.5,18.5,29.4,NA,20,25.9,31.8,33.3,30.7,"2008"
"759","MWINGI",16,16,16,16.5,19,NA,NA,NA,28,NA,NA,NA,"2008"
"760","MIGGWAINI",NA,NA,14,14,17.8,21,NA,NA,28,30,NA,NA,"2008"
"761","KALUNDU",15,16,17,NA,NA,NA,NA,NA,NA,NA,NA,NA,"2008"
"762","MACHAKOS TOWN",16,17,17,NA,NA,NA,NA,NA,NA,NA,32,30,"2008"
"763","TALA",16,18,17,15.7,17.1,NA,NA,27,28,28,25,31.9,"2008"
"764","MAUA",NA,NA,21.3,25,31.7,NA,NA,37.5,37.5,30,30,30,"2008"
"765","KIANJAI",NA,NA,16.7,19.5,20,NA,NA,31.1,NA,35.6,35.6,29.2,"2008"
"766","GAKOROMERE",13.6,16,12.7,24.3,18.3,NA,18.2,NA,NA,27.3,31.8,NA,"2008"
"767","WOTE",17,17,18,18,20,22,NA,NA,27,27,32,32,"2008"
"768","GARISA TOWN",NA,NA,25,NA,30.3,NA,NA,NA,NA,NA,NA,NA,"2008"
"769","DARAJA MBILI",17.3,20.5,18.6,20,23,24.6,22.7,24.1,24.1,31.8,31.8,NA,"2008"
"770","KIBIRIGO",NA,20.5,20.5,NA,NA,NA,NA,NA,NA,NA,NA,NA,"2008"
"771","NYANGUSU",14.3,NA,16.7,NA,NA,31,NA,25,NA,NA,NA,NA,"2008"
"772","RIOCHANDA",NA,16.8,21.4,NA,NA,NA,NA,NA,NA,NA,NA,NA,"2008"
"773","NYABITE",NA,16,20.5,NA,NA,NA,NA,NA,NA,NA,NA,NA,"2008"
"774","MOGONGA",14.3,14.3,NA,NA,NA,31,NA,NA,NA,NA,NA,NA,"2008"
"775","NYAMACHE",16.7,17.1,17.5,NA,NA,31,NA,NA,NA,NA,NA,NA,"2008"
"776","KIBUYE",NA,17.3,18.2,21.4,29.6,NA,NA,NA,NA,27.3,22.7,NA,"2008"
"777","AHERO",23.8,22.7,NA,NA,NA,NA,NA,NA,28.5,27.3,29.6,NA,"2008"
"778","KIBOSWA",NA,19.1,22.7,27.3,NA,NA,NA,NA,25,27.3,25,NA,"2008"
"779","SONDU",20.5,20.5,NA,NA,27.3,NA,NA,NA,NA,27.3,31.8,NA,"2008"
"780","BONDO",NA,20,20,29,25,25.5,27.5,27,26.5,26.5,NA,NA,"2008"
"781","SIAYA",22.7,16.4,19.6,NA,NA,NA,NA,NA,NA,27.3,27.3,NA,"2008"
"782","NGIYA",18.2,22.7,17.3,NA,NA,NA,NA,NA,NA,27.3,29.6,NA,"2008"
"783","UNGUNJA",22.7,15.2,17.3,18.2,NA,NA,NA,NA,NA,27.3,29.6,NA,"2008"
"784","OYUGIS",NA,18.6,20,NA,NA,NA,NA,NA,NA,NA,NA,NA,"2008"
"785","KEHACHA",NA,17.5,20,21.2,24.4,25,NA,NA,NA,NA,NA,NA,"2008"
"786","KABARNET",15,15,15,17.2,22.8,25,25,25,30,30,NA,NA,"2008"
"787","NAKURU TWON",24.2,21.7,22.2,22.2,22.2,NA,27.8,27.8,27.8,27.8,27.8,27.8,"2008"
"788","KAPSABET",NA,19.1,19.1,25,23.9,25.6,25.7,29.6,26.2,23.8,26.2,NA,"2008"
"789","KITALE",NA,17.5,17.5,25,26.7,24.1,25.8,28.6,29.5,26.2,NA,NA,"2008"
"790","ELDORET",20,15.4,15,15.5,19.4,22,22,26.5,31.8,25,20,20,"2008"
"791","BURN FOREST",12.5,15,15,NA,NA,NA,NA,NA,NA,NA,NA,NA,"2008"
"792","TURBO",13.3,13.4,37.5,16.7,18.5,20.7,20.7,21.2,24.1,20,20,20,"2008"
"793","KIPKAREN",15,16,16.1,25,27,26.3,29.4,32.5,20,20,20,22,"2008"
"794","KAJIADO TOWN",25,20,NA,25,35,21.7,25,NA,25,40,40,40,"2008"
"795","BUNGOMA TOWN",16.7,16.7,16.7,16.6,20.4,26,25.1,25,25,27.5,30,29,"2008"
"796","KIMILILI",NA,NA,NA,16.2,21.8,27.7,27.5,27,25,27.5,27.5,25,"2008"
"797","KAPSOKWONY",NA,16.2,17.5,NA,NA,NA,NA,NA,NA,NA,NA,NA,"2008"
"798","BUTERE",NA,23.6,21.7,23.9,23.1,24.3,NA,17.4,23.9,23.9,NA,NA,"2008"
"799","KAKAMEGA",20.5,18.2,19.6,21.4,23.6,NA,26.4,19.1,22.7,27.3,NA,NA,"2008"
"800","MUMIAS",NA,NA,28.6,26.2,23.1,23.9,NA,20.5,23.9,22,20,NA,"2008"
"801","MUNDETA",19.1,16.7,16.7,19.1,26.2,26.2,NA,26.2,28.6,28.6,28.6,NA,"2008"
"802","CHEPTULA",23.8,16.7,16.7,21.4,26.2,26.2,26.2,26.2,28.6,30,28.6,NA,"2008"
"803","Mbale",23.8,16.7,NA,NA,26.2,26.2,NA,26.2,26.2,28.6,28.6,NA,"2008"
"804","KAWANGWARE",21,22,25,46.5,30,29.3,29.3,30,33.3,33,33.3,33.3,"2008"
"805","BURMA",25,25,25,32.5,25,25,33.3,31.3,35.5,38.9,38.9,44.4,"2008"
"806","KIKOMBA",21.5,22,22,23.5,26.3,35,35,30,36.8,35,35,36.4,"2008"
"807","KANGEMI",22,22.5,23,23,27.3,30,30,30,31,31,33.3,33.3,"2008"
"808","KOROKOCHO",20,20,21.5,23,21.1,26.2,38.9,36.6,33.3,33.3,33.3,36.4,"2008"
"809","TOI",21.4,21.4,23.8,23.8,26.2,28.6,28.6,31,31,31,33.3,33.3,"2008"
"810","KIAMBU",17.39,16.67,16.67,14.29,16.67,11.9,11.9,11.9,9.52,9.52,9.52,NA,"2007"
"811","LIMURU",15,15,15,15,15,15,16.18,16.12,16,15,15,NA,"2007"
"812","THIKA",18.18,19.05,19.05,19.05,19.05,18.18,19.05,18.18,18.18,18.18,18.18,NA,"2007"
"813","GATUNDU",18.34,16.67,14.29,16.67,15.78,14.29,10,17.5,NA,19.05,NA,NA,"2007"
"814","MUTHITHI",11.9,11.9,10.71,9.52,10.24,10.72,13.33,NA,NA,NA,NA,NA,"2007"
"815","MUKUYU",17.55,15.79,15.79,15,19.05,15.79,12.5,12.5,NA,NA,NA,14.29,"2007"
"816","KIRIAINI",16.67,16.67,16.67,16.67,14.29,14.29,14.29,14.29,14.29,NA,NA,14.29,"2007"
"817","ENGINEER",18,16.67,16.25,15,16.67,20,18.63,15,15,15,15,NA,"2007"
"818","NYERI",19.05,16.67,16.67,14.29,14.29,19.05,19.05,14.29,14.29,14.29,NA,NA,"2007"
"819","ENDARASHA",16.67,17.86,19.05,20,19.05,NA,NA,NA,NA,NA,NA,NA,"2007"
"820","KARATINA",15.91,16.29,13.64,13.33,14.29,17.5,13.33,14.29,15,15,15,NA,"2007"
"821","GAKINDU",16.67,17.5,17.5,14.29,17.5,12.5,14.29,17.5,17.5,14.29,14.29,NA,"2007"
"822","NANYUKI",20,20,20,20,20,20,17,17,20,20,20,NA,"2007"
"823","NYAHURURU",17.5,15.95,14.59,12,12,22.5,11.9,14.29,NA,NA,NA,NA,"2007"
"824","MARIAKANI",20,20,18,20,18,18,18,17,17,17,17,18,"2007"
"825","KALOLENI",20,20,17,17,17,18,18,17,17,17,14,18,"2007"
"826","MALINDI",20,17.21,20,NA,20,20,20,20,NA,NA,NA,NA,"2007"
"827","KIBAUNI KILIFI",21,20,18,18,17,16.5,17,17,17,17,NA,18,"2007"
"828","UKUNDA",35,35,38,35,35,30,25,25,NA,NA,NA,NA,"2007"
"829","WUNDANYI",NA,NA,14,14,13,NA,NA,NA,NA,NA,NA,NA,"2007"
"830","MWEMBE TAYARI",20,20,23.67,30,20,20,20,18,NA,NA,NA,NA,"2007"
"831","SEGA",20,20,20,22,20,NA,NA,NA,NA,NA,NA,NA,"2007"
"832","KONGOWEA",15,15,NA,15,14,14.5,14,NA,NA,NA,NA,NA,"2007"
"833","GARSEN",NA,20,25,NA,NA,NA,20,20,25,NA,NA,NA,"2007"
"834","BURA TANA",20,20,20,40,20,NA,NA,NA,NA,NA,NA,NA,"2007"
"835","RUNYENJES",17.5,17.5,15,15,15,12.5,10,12.5,12.5,12.5,15,12.5,"2007"
"836","EMBU TOWN",17.5,17.5,15,12.5,12.5,12,12.5,12.5,12.5,12.5,15,15,"2007"
"837","SIAKAGO",20,17.5,12.5,12.5,12.5,NA,11.75,11.5,11.5,15,15,15,"2007"
"838","MWINGI",15,16,15,8,NA,15,15,10,15,NA,NA,NA,"2007"
"839","MIGGWAINI",17,16,7.27,10,10,10,12,12,NA,12,13,NA,"2007"
"840","MACHAKOS TOWN",18.18,NA,12,12,5.71,10,10,12,12,13,NA,NA,"2007"
"841","TALA",12,9.77,9.38,9.5,10,9.52,9,20,10,10,NA,NA,"2007"
"842","MAUA",NA,25,16.25,12.5,15,13.75,12.5,NA,NA,NA,NA,NA,"2007"
"843","KIANJAI",17.78,17.78,10,12.5,11.11,11.11,8.89,NA,NA,NA,NA,NA,"2007"
"844","GAKOROMERE",16,13.64,8,9.09,9.09,10.91,9.09,9.09,9.09,12,11.82,11.82,"2007"
"845","WOTE",17,15,14,11,11,12,12,12,14,14,NA,17,"2007"
"846","GARISA TOWN",29.63,16.67,16.67,16.67,16.67,16.67,16.67,NA,15,NA,NA,NA,"2007"
"847","DARAJA MBILI",13.33,14.29,13.64,14.29,14.29,13.64,12.83,11.36,13.33,14.29,9.52,17.62,"2007"
"848","KIBIRIGO",16.67,NA,NA,NA,NA,16.67,11.9,NA,13.33,NA,NA,NA,"2007"
"849","NYANGUSU",14.29,9.11,10.87,11.9,13.1,10.04,10.87,11.9,9.52,14.29,11.9,13.33,"2007"
"850","RIOCHANDA",13.33,NA,NA,NA,22.62,NA,NA,16.67,NA,NA,NA,NA,"2007"
"851","NYABITE",15.48,NA,NA,NA,14.29,NA,NA,14.29,NA,NA,NA,NA,"2007"
"852","MOGONGA",12.38,10.87,10.43,11.9,12.38,13.33,11.74,9.52,9.52,11.9,15,14.29,"2007"
"853","NYAMACHE",14.29,12.1,10,14.29,11.9,11.56,10.87,11.9,11.9,NA,12.38,14.29,"2007"
"854","KIBUYE",16.67,14.09,14.32,15.71,NA,NA,NA,NA,NA,NA,NA,NA,"2007"
"855","AHERO",NA,NA,NA,NA,NA,NA,NA,NA,NA,NA,NA,16.67,"2007"
"856","KIBOSWA",16.19,15.71,14.09,15.24,NA,NA,NA,NA,NA,NA,NA,NA,"2007"
"857","SONDU",14.55,13.64,13.64,NA,NA,NA,NA,NA,NA,NA,16.67,16.67,"2007"
"858","BONDO",15,15.4,17.5,17.5,14.07,15,15,16.5,16.5,16.5,16.5,NA,"2007"
"859","OYUGIS",12.38,13.33,NA,NA,16.19,NA,15.71,NA,NA,NA,NA,NA,"2007"
"860","KEHACHA",15.91,13.64,NA,NA,NA,NA,NA,NA,NA,NA,NA,NA,"2007"
"861","KABARNET",15,NA,15,15,15.56,15,NA,NA,NA,NA,NA,NA,"2007"
"862","NAKURU TWON",22.22,22.22,22.22,22.22,22.22,22.22,22.22,22.22,22.22,22.22,22.22,22.22,"2007"
"863","KAPSABET",13.04,13.04,13.04,14.29,15.22,15.22,16.67,NA,NA,NA,NA,NA,"2007"
"864","KITALE",NA,17.5,16.5,14.29,15,14.76,17.5,17.5,17.5,NA,NA,NA,"2007"
"865","ELDORET",13.33,13.18,13.64,15.24,18.5,17.5,19,17.5,14,15,14,12.5,"2007"
"866","BURN FOREST",NA,10.4,13.46,16.67,11,0.5,20,13.5,12.8,14,14,12,"2007"
"867","TURBO",11.43,11.15,10,11.43,11.9,17.62,14,17.2,16.8,12,12,NA,"2007"
"868","KIPKAREN",12.86,12.03,12,15,16.5,17.5,17.5,17.5,16.5,10.4,13.95,10.8,"2007"
"869","ITEN",11.9,25,26.25,11.9,NA,NA,NA,NA,20,17.5,NA,NA,"2007"
"870","KAJIADO TOWN",20,20,NA,20,20,20,20,20,25,20,25,NA,"2007"
"871","KAPKATENY",12.52,13.67,13.56,14.29,17.14,17.14,17.14,17.62,14.29,11.9,11.9,NA,"2007"
"872","BUNGOMA TOWN",14.29,13.97,13.64,15.24,13.64,NA,NA,NA,NA,14.55,13.64,14.29,"2007"
"873","KIMILILI",13.33,13.67,12.85,14.29,NA,15.71,16.67,15.71,16.67,11.9,13.33,14.29,"2007"
"874","KAPSOKWONY",13.1,13.34,14.04,15.24,18.1,18.1,17.14,18.1,14.29,13.33,14.29,12.38,"2007"
"875","BUTERE",NA,NA,14.7,14.55,15.91,16.52,15.71,NA,NA,NA,NA,NA,"2007"
"876","KAKAMEGA",13.97,13.97,13.64,15.24,15.24,16.29,15.91,13.64,13.64,12.73,13.64,13.64,"2007"
"877","MUMIAS",NA,NA,14.69,14.65,15.71,16.67,17,NA,NA,NA,NA,NA,"2007"
"878","MUNDETA",14.29,14.29,14.29,14.29,15.24,15.24,15.24,14.29,14.29,NA,15.24,14.29,"2007"
"879","CHEPTULA",14.29,14.29,14.29,15.24,15.24,NA,14.29,13.33,NA,15.24,14.29,14.29,"2007"
"880","Mbale",14.29,13.64,13.64,14.29,NA,15.24,15.24,14.29,14.55,14.55,13.64,14.29,"2007"
"881","KAWANGWARE",22,20,20,20,30,21.05,19.05,20,19.05,18.1,18.28,20,"2007"
"882","BURMA",20,20,22,22,22,20,20,20,20,20,22,25,"2007"
"883","KIKOMBA",19.05,19,20,19,18.18,20,18.18,20,19.05,17.14,20,20.45,"2007"
"884","KANGEMI",19.49,20.5,19.05,19,20,20,20,20,18.18,19.05,20,20.45,"2007"
"885","KOROKOCHO",17.95,19.5,20,19,20,18.18,18.18,19,16.36,19.5,19.05,20,"2007"
"886","TOI",21,20.1,17.95,17.5,29.21,17.39,16.67,16.67,15,15.38,17.14,18.18,"2007"
"887","Kiambu",15.08,19.05,20.48,19.05,21.43,21.43,19.53,19.05,15.71,15.05,16.67,16.67,"2006"
"888","Limuru",18.25,19,17.5,21.5,21.25,22.5,21.43,22.5,17.5,23.53,17.5,15,"2006"
"889","Thika",19.05,19.05,18.18,20,NA,20,19.05,19.05,20,18.18,18.1,20,"2006"
"890","Gatundu",21,19.05,23.81,19.05,NA,21.43,18.18,NA,NA,19.05,15.22,19.05,"2006"
"891","Muthithi",19.05,NA,16.67,21.43,22.5,NA,NA,14.29,NA,14.29,15.24,13.33,"2006"
"892","Mukuyu",21.05,20,21.05,20,23.68,23.81,23.68,18.42,18.42,18.42,17.55,16.67,"2006"
"893","Kiriaini",19.05,19.05,19.05,19.05,23.81,23.81,23.81,16.67,16.67,16.67,16.67,16.67,"2006"
"894","Engineer",16.67,19.05,16.67,16.67,16.67,16.97,19.05,18.18,19.05,19.05,19.05,20,"2006"
"895","Nyeri",19.05,20,19.05,20,21.43,21.43,21.43,19.05,19.05,19.05,NA,NA,"2006"
"896","Endarasha",14.29,19.05,19.05,NA,NA,19.05,19.05,19.05,16.67,19.05,19.05,19.05,"2006"
"897","Karatina",16.59,18.18,NA,18.18,20.45,20.45,NA,18.18,NA,15.91,15.91,15.91,"2006"
"898","Gakindu",NA,NA,20,19.05,17.5,20,21.43,22.5,19.05,22.5,16.67,20,"2006"
"899","Nanyuki",19.05,19.05,21.05,NA,NA,NA,NA,NA,20.91,18.18,20,22.22,"2006"
"900","Mariakani",18,19,19,18,22,22,18,18,22,22,22,22,"2006"
"901","Kaloleni",20,20,20,20,NA,22,22,20,20,20,20,20,"2006"
"902","Malindi",23.8,27.17,27.78,28.41,25,31.58,25,25,25.77,20,20,25,"2006"
"903","Kibauni Kilifi",20,19,19,20,22,22,20,19,19,22,20,21,"2006"
"904","Ukunda",30,30,30,31.33,35,32,32,32,32,38,35,35,"2006"
"905","Mwembe Tayari",18,25,NA,20,NA,18,20,20,18,18,20,20,"2006"
"906","Majengo",NA,NA,NA,NA,NA,NA,NA,NA,NA,NA,NA,NA,"2006"
"907","Sega",19.5,22,24,24,20,22,20,21,20,18,22,20,"2006"
"908","Voi",NA,NA,NA,NA,NA,NA,NA,NA,NA,NA,NA,NA,"2006"
"909","Mackinon",NA,NA,NA,NA,NA,NA,20,NA,NA,NA,NA,NA,"2006"
"910","Kongowea",18,17.5,20,20,22,24,20,21,15,22,22,20,"2006"
"911","Hola",20,20,20,20,NA,NA,NA,16,20,16,15,NA,"2006"
"912","Garsen",NA,20,20,20,20,20,NA,NA,20,17.5,NA,NA,"2006"
"913","Runyenjes",17.5,20,20,20,20,20,19.05,20,20,20,20,17.5,"2006"
"914","Embu Town",17.5,15,17.5,20,20,20,20,20,17.5,18.75,17.5,17.5,"2006"
"915","Siakago",NA,20,17.5,20,20,19.53,17.5,13.5,15,NA,20,17.5,"2006"
"916","Mwingi",17,17,20,20,22,22,21,18,16,NA,17,16,"2006"
"917","Migwani",18,18,20,18,20,20,20,20,17.17,18,18,NA,"2006"
"918","Kalundu",17,20,17,20.41,20,22,20,17,17,17,NA,NA,"2006"
"919","Machakos Town",20,20,18,20.11,20,18,18,15,15,18,21.05,NA,"2006"
"920","Tala",17.57,18,NA,19.05,20,17,16.67,17,12,11.9,22,12,"2006"
"921","Maua",21.11,21.11,22.22,22.22,NA,20,20,15,NA,22.22,20,20,"2006"
"922","Kianjai",18.89,17.78,16.67,18.34,18,21.11,21.11,18.89,NA,18.89,18.89,18.89,"2006"
"923","Mwendantu",14.1,15.45,13.64,13.64,16,15.45,18.18,18.18,16.36,16.36,16.36,15.45,"2006"
"924","Wote",17,20,18,20,21,20,17,17,17,16,16,NA,"2006"
"925","Garissa Town",NA,NA,NA,NA,NA,NA,NA,NA,20,29.41,NA,22.22,"2006"
"926","Daraja Mbili",13.74,15.91,18.18,18.18,21.82,21.74,22.86,12.73,12.73,13.64,16.67,15.91,"2006"
"927","Kibirigo",15.24,17.39,18.75,19.79,23.48,25,17.82,15.91,14.58,17.62,16.67,15.91,"2006"
"928","Riochanda",12.51,16.67,15.83,19.59,24.17,25,12.5,11.9,NA,14.29,14.29,16.67,"2006"
"929","Nyabite",13.61,18.75,17.5,NA,20.83,21.57,15,15.71,NA,15.71,15.71,15.71,"2006"
"930","Kibuye",16.82,18.18,NA,20.45,NA,20.45,17.27,NA,15.91,NA,NA,14.55,"2006"
"931","Mogonga",NA,NA,NA,NA,NA,NA,NA,NA,NA,12.27,15.24,15.24,"2006"
"932","Nyamache",NA,NA,NA,NA,NA,NA,NA,14.29,NA,11.9,15.24,16.67,"2006"
"933","Ahero",15.76,18.18,NA,20.45,20.45,20.45,NA,14.55,14.55,NA,NA,16.67,"2006"
"934","Homa Bay",NA,NA,NA,NA,NA,NA,NA,NA,NA,NA,NA,NA,"2006"
"935","Oyugis",14.55,15.22,19.09,20.66,20.45,23.91,NA,NA,NA,NA,NA,NA,"2006"
"936","Kehancha",NA,NA,NA,NA,NA,NA,NA,16.67,19.05,19.05,19.05,21.43,"2006"
"937","Kiboswa",15.45,17.27,NA,19.55,NA,20.45,16.36,13.18,13.33,15.71,16.67,16.67,"2006"
"938","Sondu",15.91,18.18,NA,NA,21.82,20.91,NA,13.64,14.55,14.29,15.71,15.24,"2006"
"939","Bondo",16.5,17.5,17.5,21,20,17.5,15,14,15,15,15,15,"2006"
"940","Akala",NA,NA,18.18,NA,NA,NA,NA,NA,NA,NA,NA,NA,"2006"
"941","Siaya",14.55,14.09,NA,NA,NA,NA,NA,NA,NA,NA,NA,NA,"2006"
"942","Ugunja",14.29,14.55,NA,17.27,18.18,NA,16.36,NA,NA,NA,NA,NA,"2006"
"943","Oyugis",14.55,NA,NA,20.66,20.45,23.91,NA,NA,NA,NA,NA,NA,"2006"
"944","Kabarnet",13,15,15,16,18,19,19,18,NA,17,17,NA,"2006"
"945","Litein",16.67,19.05,NA,NA,NA,NA,NA,NA,NA,16.67,16.67,NA,"2006"
"946","Nakuru Town",22.22,20,20,20,20,22.22,22.22,22.22,22.22,22.22,22.22,22.22,"2006"
"947","Kapsabet",13.04,17.39,17.39,17.39,18.7,NA,19.05,15.32,11.36,10.87,13.33,NA,"2006"
"948","Kilgoris",NA,NA,17.62,20.45,22.61,23.64,21.43,NA,NA,14.29,NA,NA,"2006"
"949","Eldoret",NA,16,NA,15.24,16.67,NA,22.5,15,NA,11.9,NA,NA,"2006"
"950","Burnt Forest",NA,15,15.22,19,19,NA,NA,17.5,17.5,16.67,16.67,10,"2006"
"951","Turbo",10.42,12.5,15.22,17.5,14.58,19.95,20.23,19,13.64,14.29,NA,11.9,"2006"
"952","Kipkaren",15,15.45,13.04,15.91,16,16.8,16.6,12.73,13.03,13.33,NA,NA,"2006"
"953","Iten",12.57,12.5,14.29,14.29,16.67,19.05,19.05,NA,NA,14.29,14.29,NA,"2006"
"954","Flax",14.29,14,NA,NA,NA,NA,NA,NA,NA,NA,NA,NA,"2006"
"955","Kajiado Township",20,22,20,20,NA,20,20,20,25,25,25,20,"2006"
"956","Kapkateny",10.15,15.65,15.22,15.22,19.57,19.57,19.13,14.13,11.36,10.95,11.9,13.33,"2006"
"957","Kapsokwony",10.76,15.22,15.22,15.65,19.57,19.57,18.05,13.04,13.04,11.43,NA,NA,"2006"
"958","Bumala",14.29,16.67,16.19,NA,NA,NA,NA,NA,11.9,NA,NA,NA,"2006"
"959","Busia Town",13.33,15.71,NA,20,NA,NA,NA,9.52,NA,NA,NA,NA,"2006"
"960","Butere",15.61,15.91,15.91,20,20,19.13,22.86,NA,NA,13.64,NA,NA,"2006"
"961","Kakamega Town",12.73,NA,NA,18.18,NA,21.36,22.86,NA,NA,13.18,12.73,13.64,"2006"
"962","Mumias",15.24,17.5,15.91,18.14,19.09,20.45,21.9,NA,NA,15,NA,NA,"2006"
"963","Mudete",15,16.67,18.1,18.1,20,22.86,20.48,20.21,14.29,13.33,14.29,14.29,"2006"
"964","Cheptulu",14.17,16,18.5,18.34,20,22.5,14.29,16.67,26.41,14.29,14.29,14.29,"2006"
"965","Mbale",15.46,16.67,15.91,15.91,18.18,20.45,19.05,13.64,28.23,14.29,14.29,14.29,"2006"
"966","Kawangware",21.43,22,21.43,21.4,21.43,23.81,21.43,21.43,19,18.18,20,23.53,"2006"
"967","Burma",22.5,25,25,25,25,25,25,25,25,25,25,25,"2006"
"968","Gikomba",20,20,21.05,20,25.51,25.51,22.22,22.22,21.51,20.41,20.5,22.22,"2006"
"969","Kangemi",21.05,21.43,21.43,20.45,21.43,22.86,23.81,23.81,20,18.1,20,21.62,"2006"
"970","Korogocho",21.28,20,22.22,20,25,25,21.05,21.05,21.86,21.86,21.86,23.53,"2006"
"971","Kibera(Toi)",19.05,20.48,20.48,21.43,21.43,21.43,23.86,23.86,16.67,16.19,19.05,21.16,"2006"
