year,code,name,ASAL,DrySpell4_MAM,DrySpell4_MAMJJA,DrySpell4_OND
1981,51338,-999,1,1.2,6.4,4.4
1982,51338,-999,1,6.1,15.1,6.6
1983,51338,-999,1,5.5,11.5,5.1
1984,51338,-999,1,6.1,12.1,4.9
1985,51338,-999,1,3.6,12.2,7.2
1986,51338,-999,1,4.9,10.5,5.8
1987,51338,-999,1,5.4,10.9,8.9
1988,51338,-999,1,4.1,11,4.7
1989,51338,-999,1,6.1,11.8,4.1
1990,51338,-999,1,4.4,11.7,5.6
1991,51338,-999,1,5.3,10.9,6
1992,51338,-999,1,4.9,13.5,5.3
1993,51338,-999,1,6.1,12.5,6.2
1994,51338,-999,1,4.4,11.1,6.5
1995,51338,-999,1,6.2,12.2,4.1
1996,51338,-999,1,3.6,8.7,6.1
1997,51338,-999,1,3.6,9.2,6.4
1998,51338,-999,1,6.4,13.6,7.4
1999,51338,-999,1,5.8,13.9,6.1
2000,51338,-999,1,7.1,14.4,6.7
2001,51338,-999,1,4.2,11.5,4.3
2002,51338,-999,1,6.2,13.6,4.4
2003,51338,-999,1,4.5,11.6,4.3
2004,51338,-999,1,5.4,13.5,5.8
2005,51338,-999,1,6.1,15.1,6.3
2006,51338,-999,1,6.7,14.7,4
2007,51338,-999,1,6.6,10.8,4.4
2008,51338,-999,1,5,12.6,5.6
2009,51338,-999,1,5.9,15.2,5.8
2010,51338,-999,1,5.3,11.7,6.8
2011,51338,-999,1,5.8,11.8,4.4
2012,51338,-999,1,3.9,10.4,7.1
2013,51338,-999,1,5.3,12.4,7.2
2014,51338,-999,1,5.6,14.8,7.1
2015,51338,-999,1,6.4,14.1,6.1
2016,51338,-999,1,3.8,8.1,5.8
2017,51338,-999,1,4.4,11.7,6.6
1981,51340,-999,1,4.3,10.7,6.8
1982,51340,-999,1,5.8,12.4,6.2
1983,51340,-999,1,6.5,14.8,6.4
1984,51340,-999,1,5.5,12.8,7
1985,51340,-999,1,5.8,12.6,5.9
1986,51340,-999,1,6.7,15,6.6
1987,51340,-999,1,6.1,12.3,7.3
1988,51340,-999,1,6.4,13.8,6.5
1989,51340,-999,1,6.8,17,5.4
1990,51340,-999,1,4,12.1,5
1991,51340,-999,1,6.4,11.8,7.3
1992,51340,-999,1,7.9,13.9,7.4
1993,51340,-999,1,6.1,14.4,7.8
1994,51340,-999,1,7.3,15.5,7.1
1995,51340,-999,1,5.9,14.9,6.6
1996,51340,-999,1,6,14.1,5.3
1997,51340,-999,1,4.4,12,6.4
1998,51340,-999,1,6.3,13.5,6.3
1999,51340,-999,1,5.4,11.9,7.2
2000,51340,-999,1,5.9,13.6,7.2
2001,51340,-999,1,6.6,14.1,6.4
2002,51340,-999,1,7.4,15.9,5.8
2003,51340,-999,1,5.2,12.6,4.9
2004,51340,-999,1,5.7,13.4,6.7
2005,51340,-999,1,6.5,14.1,7.4
2006,51340,-999,1,6.3,13.2,6.6
2007,51340,-999,1,5.6,13.1,6.5
2008,51340,-999,1,5.3,12.9,6.2
2009,51340,-999,1,6.2,14.3,6.8
2010,51340,-999,1,5.2,12.4,5.6
2011,51340,-999,1,5.2,12.8,8.1
2012,51340,-999,1,5.9,13.2,6.9
2013,51340,-999,1,7.2,15.1,6.3
2014,51340,-999,1,7.6,16.9,7.5
2015,51340,-999,1,4.8,13.6,6.9
2016,51340,-999,1,3.4,7.5,7.4
2017,51340,-999,1,8,13.3,5.9
1981,51341,-999,1,4.4,10.1,7
1982,51341,-999,1,5.6,11.7,5.9
1983,51341,-999,1,6.3,13.9,6.1
1984,51341,-999,1,4.9,12.2,6.5
1985,51341,-999,1,5.4,13.2,5.4
1986,51341,-999,1,6.4,14,7
1987,51341,-999,1,6.8,13.5,7.3
1988,51341,-999,1,6.7,14.4,7.4
1989,51341,-999,1,6.2,15.6,4.5
1990,51341,-999,1,4.2,12.3,7.5
1991,51341,-999,1,6.9,13.7,7.8
1992,51341,-999,1,7.1,13.2,7.6
1993,51341,-999,1,7,15.9,8.3
1994,51341,-999,1,6.3,14.2,6.6
1995,51341,-999,1,5.7,14.7,7.1
1996,51341,-999,1,5.8,14.2,5
1997,51341,-999,1,4.8,12.3,6
1998,51341,-999,1,6.4,13.8,7.2
1999,51341,-999,1,6.2,14.1,6.3
2000,51341,-999,1,5.7,13.5,6.1
2001,51341,-999,1,6.5,14,6.7
2002,51341,-999,1,6.9,14.4,5.5
2003,51341,-999,1,4,11.6,7.3
2004,51341,-999,1,6.4,14.8,6.2
2005,51341,-999,1,6.2,15,7.5
2006,51341,-999,1,7.3,14.9,6.6
2007,51341,-999,1,6,14.3,6.8
2008,51341,-999,1,5.4,13,7.1
2009,51341,-999,1,6.5,15.4,5.5
2010,51341,-999,1,4.7,11.7,6.5
2011,51341,-999,1,5.6,11.6,7.8
2012,51341,-999,1,6.6,13.6,6.8
2013,51341,-999,1,6.9,15.9,6.4
2014,51341,-999,1,6,14.7,7.2
2015,51341,-999,1,5.2,13.5,6.3
2016,51341,-999,1,3.4,7.6,6.7
2017,51341,-999,1,6.7,13.3,5.6
1981,51342,-999,1,4.2,9.6,7.3
1982,51342,-999,1,4.6,10.5,5.9
1983,51342,-999,1,6.2,12.8,7.2
1984,51342,-999,1,4.7,11.2,6.3
1985,51342,-999,1,5.2,10.9,6.6
1986,51342,-999,1,5.8,14.3,5.5
1987,51342,-999,1,7.5,11.7,6.7
1988,51342,-999,1,4.1,10,5.7
1989,51342,-999,1,6.1,13.6,5.3
1990,51342,-999,1,4.7,11.6,5.7
1991,51342,-999,1,6.3,12.3,5.8
1992,51342,-999,1,7.5,14.3,5.4
1993,51342,-999,1,7.1,16.1,7.2
1994,51342,-999,1,6.1,13.6,6.5
1995,51342,-999,1,6.1,13.6,6.7
1996,51342,-999,1,5.4,12.1,5.9
1997,51342,-999,1,4.1,10.4,4.8
1998,51342,-999,1,4.9,12.9,7.4
1999,51342,-999,1,6.3,13.1,5.4
2000,51342,-999,1,5.1,11.4,6.2
2001,51342,-999,1,5.1,11.9,7.4
2002,51342,-999,1,4.6,11.3,7.7
2003,51342,-999,1,5,12.6,4.1
2004,51342,-999,1,5.1,13.9,5.4
2005,51342,-999,1,6.6,13.2,7
2006,51342,-999,1,5.9,13.7,6.4
2007,51342,-999,1,4.7,12.1,5.4
2008,51342,-999,1,5.1,12.3,4.5
2009,51342,-999,1,5.9,11.8,5.1
2010,51342,-999,1,7,14,6
2011,51342,-999,1,5.7,13,6.7
2012,51342,-999,1,6.1,13.7,6.3
2013,51342,-999,1,7.1,15.5,5.3
2014,51342,-999,1,8.4,17.5,6.6
2015,51342,-999,1,4.5,12.7,6.2
2016,51342,-999,1,2.9,6.4,5.6
2017,51342,-999,1,6.3,10,4.9
1981,51344,-999,1,4.4,9.7,7.2
1982,51344,-999,1,3,10,6.5
1983,51344,-999,1,6.3,14.3,6.1
1984,51344,-999,1,3.5,11.4,7.4
1985,51344,-999,1,5.9,12.3,5.3
1986,51344,-999,1,6.3,13.6,8.5
1987,51344,-999,1,7.2,12.5,6.4
1988,51344,-999,1,6.2,13.6,6.4
1989,51344,-999,1,6.8,16.9,5.4
1990,51344,-999,1,5.6,14.1,7.6
1991,51344,-999,1,6.1,10.9,8.1
1992,51344,-999,1,7.3,12.9,7.2
1993,51344,-999,1,6.9,15.2,7
1994,51344,-999,1,6.1,12.3,6.5
1995,51344,-999,1,5.5,13,6.6
1996,51344,-999,1,7.4,16.7,6
1997,51344,-999,1,5.8,12.2,6.5
1998,51344,-999,1,6.3,11.6,7.7
1999,51344,-999,1,6.5,13.3,6.8
2000,51344,-999,1,7.5,13,6.8
2001,51344,-999,1,7.2,12.7,5.6
2002,51344,-999,1,7.3,17.4,5.2
2003,51344,-999,1,5.2,11.3,7.8
2004,51344,-999,1,6.8,14.2,5.4
2005,51344,-999,1,5.7,12.2,7.1
2006,51344,-999,1,8.4,14.2,7.3
2007,51344,-999,1,6.3,12.6,6.4
2008,51344,-999,1,4.6,10.7,6.4
2009,51344,-999,1,6.4,14.9,6.8
2010,51344,-999,1,5.9,12.2,6.6
2011,51344,-999,1,6.9,14.7,8.1
2012,51344,-999,1,6.6,14.5,5.6
2013,51344,-999,1,7.9,15.1,7.5
2014,51344,-999,1,5.9,14.3,8.3
2015,51344,-999,1,4.8,11.1,6.9
2016,51344,-999,1,3.5,8.7,7.7
2017,51344,-999,1,7.9,14.8,6.1
1981,51345,-999,1,4.4,10.7,6.3
1982,51345,-999,1,7,12.5,5.9
1983,51345,-999,1,8.5,15.5,6.9
1984,51345,-999,1,4.9,11.1,7.2
1985,51345,-999,1,5.8,10.5,8.1
1986,51345,-999,1,6.1,11.9,5.7
1987,51345,-999,1,6.4,12.6,7.6
1988,51345,-999,1,7.9,14,6.8
1989,51345,-999,1,5.5,12,6.2
1990,51345,-999,1,3.2,9.6,6.3
1991,51345,-999,1,6.5,13.7,7.9
1992,51345,-999,1,7.1,13.2,7.8
1993,51345,-999,1,6.8,13.3,8.6
1994,51345,-999,1,6.2,13.1,7.8
1995,51345,-999,1,6.8,12.5,6.5
1996,51345,-999,1,5.9,12,6.3
1997,51345,-999,1,4.4,10.6,6
1998,51345,-999,1,6.3,11.9,8
1999,51345,-999,1,5.7,12.7,7
2000,51345,-999,1,5.6,12.4,5.8
2001,51345,-999,1,7.1,11.6,6.3
2002,51345,-999,1,7.7,14.6,6.3
2003,51345,-999,1,4.9,10.3,6.2
2004,51345,-999,1,5.8,12,7.5
2005,51345,-999,1,6.2,11.6,7.9
2006,51345,-999,1,6.1,11.1,5.6
2007,51345,-999,1,5.6,12,7.6
2008,51345,-999,1,6.9,13.8,7.6
2009,51345,-999,1,6.4,12.4,6.7
2010,51345,-999,1,5.4,10.1,6.5
2011,51345,-999,1,7.3,12,6.7
2012,51345,-999,1,6.5,10.7,7.1
2013,51345,-999,1,6,12.4,6.5
2014,51345,-999,1,8.1,15.8,6.3
2015,51345,-999,1,5.7,13.7,6.6
2016,51345,-999,1,3.5,7.1,4.9
2017,51345,-999,1,5.7,12.1,6.8
1981,51346,-999,1,3.6,8.7,6.5
1982,51346,-999,1,5.8,9.9,6.1
1983,51346,-999,1,6.3,12.4,7.8
1984,51346,-999,1,5.8,10.6,6.8
1985,51346,-999,1,6.3,10.6,6.3
1986,51346,-999,1,6.5,11.8,5.4
1987,51346,-999,1,5.9,11.2,6.5
1988,51346,-999,1,6,10.4,5.9
1989,51346,-999,1,6.1,11.4,6.3
1990,51346,-999,1,4.1,8.8,6.4
1991,51346,-999,1,6.4,10.7,6.1
1992,51346,-999,1,6.7,11,6.7
1993,51346,-999,1,6.8,11.8,7.4
1994,51346,-999,1,6.9,12.5,7
1995,51346,-999,1,5.4,11.2,6.7
1996,51346,-999,1,5.6,10.3,5.6
1997,51346,-999,1,4,9.1,5.8
1998,51346,-999,1,5.3,9.5,6.8
1999,51346,-999,1,5.7,11.4,7.2
2000,51346,-999,1,5,9.8,6
2001,51346,-999,1,5.7,9.9,6.7
2002,51346,-999,1,6.8,11.9,7.3
2003,51346,-999,1,4.5,8.7,5.5
2004,51346,-999,1,4.8,9.5,6.6
2005,51346,-999,1,5.6,10.1,7
2006,51346,-999,1,6.3,10.5,6.6
2007,51346,-999,1,5.9,10.2,6.2
2008,51346,-999,1,6,10.4,6.2
2009,51346,-999,1,5.1,9.2,6.4
2010,51346,-999,1,5.3,10,6
2011,51346,-999,1,6.1,10,6
2012,51346,-999,1,5.2,9.2,7.1
2013,51346,-999,1,5.4,10.5,6
2014,51346,-999,1,6.4,12.1,7.1
2015,51346,-999,1,5.5,11.4,5.6
2016,51346,-999,1,3.8,7.2,4
2017,51346,-999,1,4.7,8.6,5.7
1981,51347,-999,1,1.2,5.3,5.1
1982,51347,-999,1,7.4,13.6,6.3
1983,51347,-999,1,5.1,10.5,3.6
1984,51347,-999,1,6.7,10.1,5.8
1985,51347,-999,1,4.4,12,7.6
1986,51347,-999,1,4.8,9.7,5.8
1987,51347,-999,1,5.1,10.8,8.2
1988,51347,-999,1,4.7,11.2,5.9
1989,51347,-999,1,6.5,11.4,4.3
1990,51347,-999,1,4.6,10.5,5.9
1991,51347,-999,1,5.6,10.4,6.1
1992,51347,-999,1,5.9,14,7.2
1993,51347,-999,1,6.6,11.4,5.1
1994,51347,-999,1,6.3,14.4,7.4
1995,51347,-999,1,7.4,12.8,4.9
1996,51347,-999,1,4.2,10,7.2
1997,51347,-999,1,3.7,8.7,7.1
1998,51347,-999,1,5.5,12,7.3
1999,51347,-999,1,6.2,11.6,5.5
2000,51347,-999,1,6.2,12,7.2
2001,51347,-999,1,4.5,10.7,6.2
2002,51347,-999,1,5.4,11.1,6.4
2003,51347,-999,1,5.3,10.3,6.7
2004,51347,-999,1,6.1,11.2,6
2005,51347,-999,1,7.4,13,6.1
2006,51347,-999,1,5.9,10.4,6.1
2007,51347,-999,1,6,10.8,6.3
2008,51347,-999,1,4.7,9,5.5
2009,51347,-999,1,7.3,11.8,4.2
2010,51347,-999,1,6.4,11.3,4.7
2011,51347,-999,1,6,10.8,5.6
2012,51347,-999,1,5.1,11.8,6.6
2013,51347,-999,1,5.9,12,7.3
2014,51347,-999,1,6.5,13.7,7.8
2015,51347,-999,1,5.9,12.4,5.2
2016,51347,-999,1,3.6,5.9,3.4
2017,51347,-999,1,3.1,7.2,6.5
1981,51348,-999,1,3.4,3.9,5.3
1982,51348,-999,1,5.6,6,6.2
1983,51348,-999,1,4.2,4.7,6.2
1984,51348,-999,1,4.6,5,5.6
1985,51348,-999,1,5.6,5.9,6.7
1986,51348,-999,1,5,5.4,5.6
1987,51348,-999,1,5.5,6,5.6
1988,51348,-999,1,3.8,4.2,5.4
1989,51348,-999,1,5.8,6.1,6.1
1990,51348,-999,1,4.5,4.8,5.5
1991,51348,-999,1,5.9,6.3,7
1992,51348,-999,1,5.6,6.1,6.3
1993,51348,-999,1,4.7,5.1,5.3
1994,51348,-999,1,5.6,6.2,6
1995,51348,-999,1,5.9,6.4,6.4
1996,51348,-999,1,5.3,5.8,5.5
1997,51348,-999,1,4.8,5.2,6.8
1998,51348,-999,1,5.2,5.6,5.4
1999,51348,-999,1,5.4,5.7,7
2000,51348,-999,1,4.3,4.7,6.6
2001,51348,-999,1,4.9,5.2,6
2002,51348,-999,1,6,6.2,6.2
2003,51348,-999,1,3.8,4.1,6.3
2004,51348,-999,1,5.6,6.1,6.5
2005,51348,-999,1,5.8,6.4,6.8
2006,51348,-999,1,5.5,5.8,6.4
2007,51348,-999,1,5.2,5.6,5.6
2008,51348,-999,1,4.4,4.8,5.1
2009,51348,-999,1,4.3,4.6,6.5
2010,51348,-999,1,5.7,6.1,5.1
2011,51348,-999,1,4.6,4.9,6.1
2012,51348,-999,1,5.4,5.8,7.1
2013,51348,-999,1,4.5,4.9,6.5
2014,51348,-999,1,5.6,6.1,6.4
2015,51348,-999,1,5.3,5.7,6.4
2016,51348,-999,1,4.2,6.6,1.1
2017,51348,-999,1,1.1,3.3,5.4
1981,51349,-999,1,2.8,6.8,5.1
1982,51349,-999,1,6.9,10.5,5.5
1983,51349,-999,1,7.1,11.3,5.7
1984,51349,-999,1,5.8,8.5,6.5
1985,51349,-999,1,5.4,8.2,6.6
1986,51349,-999,1,5.6,9.8,5.4
1987,51349,-999,1,6.1,11.4,6.2
1988,51349,-999,1,5.4,9.4,4.9
1989,51349,-999,1,5.7,9.6,5.1
1990,51349,-999,1,3.8,7.6,6.3
1991,51349,-999,1,6.7,10.4,6.9
1992,51349,-999,1,6.7,11.1,6.9
1993,51349,-999,1,6.4,10.4,6.3
1994,51349,-999,1,6.9,12.4,7.2
1995,51349,-999,1,5.7,10.4,6.6
1996,51349,-999,1,6.4,10,7.1
1997,51349,-999,1,4.1,7.9,6.5
1998,51349,-999,1,5.3,10.1,7.7
1999,51349,-999,1,6,10.9,7.2
2000,51349,-999,1,5.2,8.8,6.5
2001,51349,-999,1,4.9,8.4,5.9
2002,51349,-999,1,5.9,10,6.7
2003,51349,-999,1,4.4,7.7,6
2004,51349,-999,1,5.3,9.1,6.8
2005,51349,-999,1,5.9,10.1,7.2
2006,51349,-999,1,6.5,9.3,5.6
2007,51349,-999,1,6.2,10.1,5.9
2008,51349,-999,1,5.9,9.8,5.5
2009,51349,-999,1,6,9,5.8
2010,51349,-999,1,5.4,8.6,5.3
2011,51349,-999,1,6.1,8.8,5.8
2012,51349,-999,1,5.9,9.5,7.5
2013,51349,-999,1,5.4,9.2,6.7
2014,51349,-999,1,6.9,11.8,7.4
2015,51349,-999,1,6.2,10.7,6.5
2016,51349,-999,1,3.7,7,2.2
2017,51349,-999,1,3.8,7.5,6.4
1981,51351,-999,1,3.1,7.5,5.3
1982,51351,-999,1,8,11.6,6.1
1983,51351,-999,1,6.8,11.2,6.1
1984,51351,-999,1,5.3,8.6,6.8
1985,51351,-999,1,5,7.8,6.2
1986,51351,-999,1,5.9,9.8,5
1987,51351,-999,1,6,10.7,6.8
1988,51351,-999,1,6,9.8,5.3
1989,51351,-999,1,6.5,10.3,5.9
1990,51351,-999,1,3.8,7.7,6.5
1991,51351,-999,1,6.1,10.6,6.2
1992,51351,-999,1,6.9,11.3,7.1
1993,51351,-999,1,6,9.8,6.4
1994,51351,-999,1,6,10.6,7.4
1995,51351,-999,1,6.2,10.2,6.2
1996,51351,-999,1,5.5,9.6,7.4
1997,51351,-999,1,4.1,8,7
1998,51351,-999,1,5.3,9,8.4
1999,51351,-999,1,7.2,11.8,6.4
2000,51351,-999,1,6.2,9.5,6.3
2001,51351,-999,1,5.5,8.8,5.9
2002,51351,-999,1,7.1,11.1,6.9
2003,51351,-999,1,4.7,7.5,6
2004,51351,-999,1,5.7,8.7,6.9
2005,51351,-999,1,5.4,8.6,6.9
2006,51351,-999,1,7.1,9.9,4.8
2007,51351,-999,1,5.7,9.1,6.8
2008,51351,-999,1,6.9,10.9,6.6
2009,51351,-999,1,6,9.3,6.5
2010,51351,-999,1,6.2,8.9,5.2
2011,51351,-999,1,6.6,8.9,5.6
2012,51351,-999,1,5.7,9.1,7.3
2013,51351,-999,1,6.6,9.8,6.6
2014,51351,-999,1,7.2,12,6
2015,51351,-999,1,4.7,8.1,7.5
2016,51351,-999,1,3.2,7.3,3.9
2017,51351,-999,1,3,6.8,6.2
1981,51352,-999,1,4.2,6.3,5.6
1982,51352,-999,1,5.1,7.1,6.5
1983,51352,-999,1,5.4,8,6.3
1984,51352,-999,1,5.1,6.8,5.4
1985,51352,-999,1,5.6,7.4,6.6
1986,51352,-999,1,5.2,7.1,6.6
1987,51352,-999,1,6.6,9.1,5.2
1988,51352,-999,1,4.5,6.8,6.1
1989,51352,-999,1,6.7,8.6,7.1
1990,51352,-999,1,5,6.5,5.5
1991,51352,-999,1,7.2,9.4,7.4
1992,51352,-999,1,5.8,8,6.7
1993,51352,-999,1,5.9,7.6,5.6
1994,51352,-999,1,6.6,9.3,6.5
1995,51352,-999,1,6.8,9.1,6.9
1996,51352,-999,1,6.4,8.8,5.9
1997,51352,-999,1,4.4,6.4,6.8
1998,51352,-999,1,6.1,8.9,6.4
1999,51352,-999,1,5.8,7.9,5.7
2000,51352,-999,1,5.6,7.1,5
2001,51352,-999,1,5.9,8.2,6
2002,51352,-999,1,6.6,8.1,5.4
2003,51352,-999,1,4.9,6.7,5.9
2004,51352,-999,1,5.6,7.1,6.4
2005,51352,-999,1,6.4,8.2,6.4
2006,51352,-999,1,6.3,8.1,5
2007,51352,-999,1,5.2,8,5.2
2008,51352,-999,1,5.6,7.7,4.7
2009,51352,-999,1,5.7,7,6
2010,51352,-999,1,6,7.7,5.6
2011,51352,-999,1,5.7,7.6,5.3
2012,51352,-999,1,5.7,7.3,6.8
2013,51352,-999,1,4.6,6.7,5.7
2014,51352,-999,1,6.4,8.1,5.1
2015,51352,-999,1,6.2,8.2,6.8
2016,51352,-999,1,3.5,7,1.5
2017,51352,-999,1,1.6,4.3,5.5
1981,51354,-999,1,1.1,5.6,4.7
1982,51354,-999,1,6,13.4,6.8
1983,51354,-999,1,6.9,13.3,4.1
1984,51354,-999,1,6.7,12,4.4
1985,51354,-999,1,4.9,12,6.4
1986,51354,-999,1,5.4,11.2,5.9
1987,51354,-999,1,6.3,12.1,7.4
1988,51354,-999,1,4.5,11.6,4.4
1989,51354,-999,1,5.4,9.7,5.8
1990,51354,-999,1,5.5,12.9,5.1
1991,51354,-999,1,6.4,12.5,5.8
1992,51354,-999,1,6.8,14.3,4.8
1993,51354,-999,1,6.1,11.8,4.5
1994,51354,-999,1,6.8,13.7,6.7
1995,51354,-999,1,6.6,11.8,4.6
1996,51354,-999,1,6.1,11.9,6
1997,51354,-999,1,2.7,8.7,7.3
1998,51354,-999,1,5.3,12.5,5.9
1999,51354,-999,1,5.7,12,8.2
2000,51354,-999,1,8.1,14.1,7.5
2001,51354,-999,1,4.6,11.4,4.8
2002,51354,-999,1,6.4,12.2,5.8
2003,51354,-999,1,4.8,11.5,5.4
2004,51354,-999,1,6,12.2,4.8
2005,51354,-999,1,6.4,13.6,5
2006,51354,-999,1,6.6,12.4,4.9
2007,51354,-999,1,6,11.3,4.2
2008,51354,-999,1,5.3,10.7,5.2
2009,51354,-999,1,6.6,12.9,5.4
2010,51354,-999,1,5.7,11.4,5.2
2011,51354,-999,1,5.6,10.8,5.3
2012,51354,-999,1,4.7,12,7.2
2013,51354,-999,1,4.9,10.6,7.7
2014,51354,-999,1,6.2,13.1,6.6
2015,51354,-999,1,4.9,11.2,5
2016,51354,-999,1,4.6,7.5,3
2017,51354,-999,1,4.1,9.6,6.6
1981,51359,-999,1,1.1,3.6,5.6
1982,51359,-999,1,6.7,12,6.3
1983,51359,-999,1,5.9,10.3,3.9
1984,51359,-999,1,6.4,9.2,4
1985,51359,-999,1,4.3,8.8,6.8
1986,51359,-999,1,5.8,9.9,5.3
1987,51359,-999,1,6.5,11.8,7.1
1988,51359,-999,1,5.3,10.5,5.4
1989,51359,-999,1,5.3,8.6,5.7
1990,51359,-999,1,5.7,9.7,5.4
1991,51359,-999,1,6.8,10.5,7
1992,51359,-999,1,7.1,11,7.2
1993,51359,-999,1,7.6,11.2,5.4
1994,51359,-999,1,7.7,12.5,7.3
1995,51359,-999,1,7.4,11.6,5.1
1996,51359,-999,1,5.6,10.9,6.5
1997,51359,-999,1,2.7,6.7,7.9
1998,51359,-999,1,4.7,10,6.9
1999,51359,-999,1,6.2,10.1,7.1
2000,51359,-999,1,7.8,11,8.9
2001,51359,-999,1,5.5,9.4,6.5
2002,51359,-999,1,6.4,10.1,6.1
2003,51359,-999,1,4.7,8.6,6.4
2004,51359,-999,1,6.9,10.6,5.6
2005,51359,-999,1,5.7,11,7.2
2006,51359,-999,1,5.7,8,6.2
2007,51359,-999,1,5.7,10.3,5.6
2008,51359,-999,1,4.8,7.6,5.9
2009,51359,-999,1,6.2,8.3,4.9
2010,51359,-999,1,6.2,9.7,5.4
2011,51359,-999,1,5.6,8.7,5.8
2012,51359,-999,1,5,10.4,6.7
2013,51359,-999,1,5,9.1,7.8
2014,51359,-999,1,6.2,10.9,6.9
2015,51359,-999,1,4.6,7.9,5.7
2016,51359,-999,1,4.6,7.2,1.3
2017,51359,-999,1,2.1,5.7,6.8
1981,51361,-999,1,3.5,7.6,5.4
1982,51361,-999,1,5.5,9.2,7.3
1983,51361,-999,1,5.4,9.8,6.5
1984,51361,-999,1,5.5,9.6,5.9
1985,51361,-999,1,5.7,9.7,5.9
1986,51361,-999,1,5.7,10,5.3
1987,51361,-999,1,6.5,10.3,6.6
1988,51361,-999,1,5,8,5.1
1989,51361,-999,1,6,10.2,4.7
1990,51361,-999,1,4.3,8.1,6.2
1991,51361,-999,1,6.4,10.3,6.7
1992,51361,-999,1,6.6,10.6,5.8
1993,51361,-999,1,6.5,10.4,6.5
1994,51361,-999,1,5.8,10.4,6.5
1995,51361,-999,1,5.4,10,6.5
1996,51361,-999,1,4.9,9,5.7
1997,51361,-999,1,3.8,7.8,5.3
1998,51361,-999,1,4.3,7.9,6.6
1999,51361,-999,1,7.1,11.5,6
2000,51361,-999,1,4.9,8.8,5.1
2001,51361,-999,1,5.2,9.1,7.1
2002,51361,-999,1,4.9,8.5,6.5
2003,51361,-999,1,4.4,8.5,5.2
2004,51361,-999,1,6,10.3,6.8
2005,51361,-999,1,5.9,9.9,6.6
2006,51361,-999,1,6.1,9.7,6.1
2007,51361,-999,1,5.5,9.3,5.8
2008,51361,-999,1,4.6,8.5,5.6
2009,51361,-999,1,6,9.5,6.3
2010,51361,-999,1,6,10.2,5.7
2011,51361,-999,1,5.7,9.1,5.4
2012,51361,-999,1,4.9,8.6,7.5
2013,51361,-999,1,5.9,10.1,7
2014,51361,-999,1,6.8,11.9,7
2015,51361,-999,1,4.1,8.9,6.1
2016,51361,-999,1,4,7.3,3.1
2017,51361,-999,1,3.8,7.3,5.1
1981,51363,-999,1,5.3,7.8,5.4
1982,51363,-999,1,5.4,7.5,6
1983,51363,-999,1,5.8,8,6.6
1984,51363,-999,1,5.4,6.2,5.8
1985,51363,-999,1,6,7.2,7.4
1986,51363,-999,1,6,8.5,5.7
1987,51363,-999,1,6.9,8.5,6.3
1988,51363,-999,1,4.4,5.5,6.4
1989,51363,-999,1,7.2,8.9,6.2
1990,51363,-999,1,5.9,7.3,4.5
1991,51363,-999,1,8.1,10.2,7
1992,51363,-999,1,7,9.5,6.6
1993,51363,-999,1,6.6,7.7,4.6
1994,51363,-999,1,6.8,8.8,6.9
1995,51363,-999,1,5.8,8.6,7.4
1996,51363,-999,1,7.1,8.9,6.3
1997,51363,-999,1,3,4.7,5.2
1998,51363,-999,1,5.8,8.6,6.2
1999,51363,-999,1,5.5,7.6,5.5
2000,51363,-999,1,4.8,5.9,6
2001,51363,-999,1,6.7,8.4,5.6
2002,51363,-999,1,5.7,6.8,6
2003,51363,-999,1,5,6.1,7.2
2004,51363,-999,1,5.7,7.4,6
2005,51363,-999,1,6.7,7.8,6.7
2006,51363,-999,1,6,7,5.7
2007,51363,-999,1,6.7,9.2,4
2008,51363,-999,1,6.5,8.5,4.2
2009,51363,-999,1,6.4,7.4,5.5
2010,51363,-999,1,5.4,7.2,5.1
2011,51363,-999,1,5,6.6,4.9
2012,51363,-999,1,8,9,5.1
2013,51363,-999,1,5.6,8.9,5.9
2014,51363,-999,1,7.9,10.9,6
2015,51363,-999,1,6.2,8.5,6.4
2016,51363,-999,1,3.5,6.9,1.4
2017,51363,-999,1,1.7,3.7,3.1
1981,51364,-999,1,3.3,5.3,3.6
1982,51364,-999,1,5.3,7,6.3
1983,51364,-999,1,5,6.9,6.2
1984,51364,-999,1,5.7,6.7,5
1985,51364,-999,1,5.9,7.3,6.8
1986,51364,-999,1,4.9,6.8,6
1987,51364,-999,1,7.1,8.8,5.1
1988,51364,-999,1,5.2,6.3,5.5
1989,51364,-999,1,7,8.3,5.4
1990,51364,-999,1,5.4,6.6,5.2
1991,51364,-999,1,7.6,9.3,7.3
1992,51364,-999,1,6.7,8.6,5.8
1993,51364,-999,1,6.5,7.4,5
1994,51364,-999,1,6.5,8,5.8
1995,51364,-999,1,5.6,7.6,7.4
1996,51364,-999,1,5.9,7.4,4.8
1997,51364,-999,1,3.5,5.2,5.6
1998,51364,-999,1,5.4,7.2,5.6
1999,51364,-999,1,6,7.3,5.8
2000,51364,-999,1,4.6,5.7,5.1
2001,51364,-999,1,6,7.3,5.7
2002,51364,-999,1,5.1,6.2,5.5
2003,51364,-999,1,4.4,5.9,6.3
2004,51364,-999,1,6.5,7.9,6.5
2005,51364,-999,1,6,7.3,5.5
2006,51364,-999,1,6.7,7.6,5.4
2007,51364,-999,1,5.8,7.9,4.6
2008,51364,-999,1,5.3,6.9,3.7
2009,51364,-999,1,5.8,6.8,5.5
2010,51364,-999,1,6,7.1,5.2
2011,51364,-999,1,4.4,5.1,5.2
2012,51364,-999,1,6.6,7.4,6.2
2013,51364,-999,1,5.7,7.4,6.5
2014,51364,-999,1,7.8,10,7.5
2015,51364,-999,1,6,7.5,6.2
2016,51364,-999,1,3.5,6.5,1.3
2017,51364,-999,1,1.5,3.5,3.6
1981,51377,-999,1,5.5,9.3,7.1
1982,51377,-999,1,5.5,12.9,6.5
1983,51377,-999,1,5.5,10.2,6.3
1984,51377,-999,1,6.1,12.8,7.1
1985,51377,-999,1,4.9,9.9,7.6
1986,51377,-999,1,4.8,12.5,7.5
1987,51377,-999,1,4.2,8.9,6
1988,51377,-999,1,4.8,9.4,6.5
1989,51377,-999,1,6.5,12.1,5.8
1990,51377,-999,1,5.1,12.2,6.3
1991,51377,-999,1,6.1,11.8,6.5
1992,51377,-999,1,5.6,12.8,7.9
1993,51377,-999,1,5.5,11.7,7.8
1994,51377,-999,1,5.5,11.1,7.9
1995,51377,-999,1,6.3,12.7,6.7
1996,51377,-999,1,7.8,11.3,7.9
1997,51377,-999,1,4.4,9.3,6.3
1998,51377,-999,1,6.9,12.6,6.9
1999,51377,-999,1,6.4,12.3,7.4
2000,51377,-999,1,5.7,12.3,6.5
2001,51377,-999,1,6.4,13.1,6.2
2002,51377,-999,1,5.2,9.9,5.3
2003,51377,-999,1,4.6,10.4,7
2004,51377,-999,1,4.7,9.6,6.8
2005,51377,-999,1,5.5,12.5,6
2006,51377,-999,1,6.3,13.9,5
2007,51377,-999,1,5.3,9.8,6.8
2008,51377,-999,1,7.4,14.2,5.1
2009,51377,-999,1,5.9,12.8,6.4
2010,51377,-999,1,4.7,9.8,7
2011,51377,-999,1,5.3,9.8,4.1
2012,51377,-999,1,3.7,8.7,4.6
2013,51377,-999,1,3.4,8,6.3
2014,51377,-999,1,7.2,13.5,5.5
2015,51377,-999,1,6.3,12.7,5.9
2016,51377,-999,1,3.6,7.3,2.6
2017,51377,-999,1,4,10.4,6.8
1981,51380,-999,1,4,6.8,7.5
1982,51380,-999,1,8.2,11.9,6.8
1983,51380,-999,1,7.9,11.8,6.2
1984,51380,-999,1,4.9,7.8,6.9
1985,51380,-999,1,5.3,7.5,6.6
1986,51380,-999,1,6.1,8.8,6.3
1987,51380,-999,1,6.4,9.4,6.7
1988,51380,-999,1,6,9,5.4
1989,51380,-999,1,6.2,8.7,6.1
1990,51380,-999,1,4.8,7.4,5.8
1991,51380,-999,1,5.5,8.3,6.4
1992,51380,-999,1,6.8,10.8,8.1
1993,51380,-999,1,6.8,9.2,7
1994,51380,-999,1,6.1,10.3,7.1
1995,51380,-999,1,6.9,10.4,6.8
1996,51380,-999,1,5.5,9.2,7.2
1997,51380,-999,1,4.3,7.3,6.4
1998,51380,-999,1,5.6,8.4,8
1999,51380,-999,1,6.5,9.8,6.3
2000,51380,-999,1,7,10.4,6.6
2001,51380,-999,1,6.4,10.1,6.6
2002,51380,-999,1,5.4,7.6,5.7
2003,51380,-999,1,5,7.5,6.8
2004,51380,-999,1,5.8,7.8,7
2005,51380,-999,1,5.3,8,7
2006,51380,-999,1,6.1,8.2,5.3
2007,51380,-999,1,5.8,9.2,8.5
2008,51380,-999,1,6.2,9,7.4
2009,51380,-999,1,6.8,8.8,7.3
2010,51380,-999,1,5.8,8,6.5
2011,51380,-999,1,6.1,9.1,5.7
2012,51380,-999,1,4.9,7.4,6
2013,51380,-999,1,7,9.3,6.3
2014,51380,-999,1,7.5,10.8,5.5
2015,51380,-999,1,4.9,7.6,7.3
2016,51380,-999,1,3.6,7.7,4
2017,51380,-999,1,2.3,6.1,5.5
1981,51384,-999,1,3.8,8.8,6.8
1982,51384,-999,1,6,14.9,5.8
1983,51384,-999,1,6.1,11.7,6.3
1984,51384,-999,1,6.4,12.9,7.3
1985,51384,-999,1,5.4,12.5,7.8
1986,51384,-999,1,4.4,11.1,6.7
1987,51384,-999,1,6.8,11.7,8.3
1988,51384,-999,1,4.7,11.5,5.7
1989,51384,-999,1,6.7,11.5,6.5
1990,51384,-999,1,5.2,11.7,6.7
1991,51384,-999,1,6.5,10.9,7.7
1992,51384,-999,1,6.2,14.1,7.7
1993,51384,-999,1,7.1,13.6,8.2
1994,51384,-999,1,5.4,11.1,8
1995,51384,-999,1,5.3,11.5,7.2
1996,51384,-999,1,6.7,11.5,8.6
1997,51384,-999,1,3.8,9.1,6.3
1998,51384,-999,1,6.6,12.3,6.9
1999,51384,-999,1,7.4,14.2,7.1
2000,51384,-999,1,6.7,13,6.5
2001,51384,-999,1,7.2,14.4,5.8
2002,51384,-999,1,5.8,11.3,6.3
2003,51384,-999,1,4.4,9.7,6.7
2004,51384,-999,1,5.5,11.5,6.8
2005,51384,-999,1,6.2,14.6,6.9
2006,51384,-999,1,6,14.4,4.4
2007,51384,-999,1,6.4,11.6,6.3
2008,51384,-999,1,6.4,14.8,5.4
2009,51384,-999,1,6.3,14.6,7.1
2010,51384,-999,1,4.9,9.6,8.7
2011,51384,-999,1,4.8,9.8,4.3
2012,51384,-999,1,4.8,11,7
2013,51384,-999,1,5.3,11.2,7
2014,51384,-999,1,6.8,14.3,6.9
2015,51384,-999,1,6.4,13.4,5.2
2016,51384,-999,1,4.2,8,4
2017,51384,-999,1,3.7,10.6,7
1981,51388,-999,1,4.1,10.1,7.6
1982,51388,-999,1,7.2,13.5,6.3
1983,51388,-999,1,6.3,11.4,5.2
1984,51388,-999,1,6.3,10.9,4.7
1985,51388,-999,1,4.4,10.6,7.2
1986,51388,-999,1,4.6,10.6,6.1
1987,51388,-999,1,5.8,11.5,7.4
1988,51388,-999,1,4.4,10.6,3.6
1989,51388,-999,1,6.5,12,5.3
1990,51388,-999,1,3.8,10.2,6.8
1991,51388,-999,1,5.3,11,5.9
1992,51388,-999,1,5.9,13.3,6.1
1993,51388,-999,1,6.3,12.7,7
1994,51388,-999,1,4.8,12,6.6
1995,51388,-999,1,5,10.6,6.3
1996,51388,-999,1,6.1,11.8,7.3
1997,51388,-999,1,3.8,9.9,5.7
1998,51388,-999,1,5.5,11.3,6.9
1999,51388,-999,1,5.9,13,7.4
2000,51388,-999,1,6,14.5,6.9
2001,51388,-999,1,7,13.6,6
2002,51388,-999,1,4.6,11.1,4.7
2003,51388,-999,1,4.5,11.3,7.1
2004,51388,-999,1,4.4,11.8,7.1
2005,51388,-999,1,5.2,12.3,6.3
2006,51388,-999,1,5.2,11.8,5
2007,51388,-999,1,6.1,11.2,8.4
2008,51388,-999,1,6,11.6,6.6
2009,51388,-999,1,6.2,12.5,6.5
2010,51388,-999,1,5.6,12.5,6.6
2011,51388,-999,1,5.7,11,6
2012,51388,-999,1,3.5,9.8,5.5
2013,51388,-999,1,5.4,12.1,6.4
2014,51388,-999,1,7.4,14.7,5.7
2015,51388,-999,1,4.2,10.3,5.3
2016,51388,-999,1,5,8.9,5.5
2017,51388,-999,1,4.7,10,5.7
1981,51389,-999,1,5.2,9.2,7.1
1982,51389,-999,1,6.1,11.8,5.5
1983,51389,-999,1,5.4,10.3,6.6
1984,51389,-999,1,5.2,8.6,6.1
1985,51389,-999,1,6.1,10.5,7
1986,51389,-999,1,5.1,9.9,7.3
1987,51389,-999,1,6.6,11.5,6.1
1988,51389,-999,1,4.8,9.4,5.3
1989,51389,-999,1,6.2,10.5,6.3
1990,51389,-999,1,5.1,11,6.4
1991,51389,-999,1,6.2,11,7.6
1992,51389,-999,1,6.4,12,6.6
1993,51389,-999,1,5.4,9.7,7.1
1994,51389,-999,1,6.1,11.2,7.3
1995,51389,-999,1,6.1,11,7.7
1996,51389,-999,1,7.3,11.9,6.4
1997,51389,-999,1,4.4,9.3,6.4
1998,51389,-999,1,5.6,10.9,7.4
1999,51389,-999,1,6,11.5,7.7
2000,51389,-999,1,6.2,10.8,6.5
2001,51389,-999,1,5.9,11.5,5.8
2002,51389,-999,1,6.3,10.8,6.4
2003,51389,-999,1,4.6,9.2,7.1
2004,51389,-999,1,5.5,10.5,6.4
2005,51389,-999,1,7,12.7,7.1
2006,51389,-999,1,6.5,11.8,5.3
2007,51389,-999,1,5.1,9.5,6.6
2008,51389,-999,1,5.8,10.9,5.3
2009,51389,-999,1,5.7,10.5,6.8
2010,51389,-999,1,6.2,9.7,8
2011,51389,-999,1,5.1,8.7,5.1
2012,51389,-999,1,5.4,10.1,6.6
2013,51389,-999,1,5.5,10.6,6.6
2014,51389,-999,1,6.3,10.6,6.5
2015,51389,-999,1,6.8,11.3,5.1
2016,51389,-999,1,4.3,7.2,3
2017,51389,-999,1,3.2,7.6,6.9
1981,51392,-999,1,5.9,10.8,4.5
1982,51392,-999,1,6,12,4.9
1983,51392,-999,1,5.6,10.2,4.4
1984,51392,-999,1,4.6,8.6,4.2
1985,51392,-999,1,5.7,10.2,4.1
1986,51392,-999,1,5.1,10.2,5.1
1987,51392,-999,1,4.8,8.9,3.9
1988,51392,-999,1,4.7,9.7,3.9
1989,51392,-999,1,6.2,9.9,4.4
1990,51392,-999,1,5.4,11,4.4
1991,51392,-999,1,6.5,11.7,4.8
1992,51392,-999,1,5.2,11.2,5.4
1993,51392,-999,1,5.3,9.6,3.8
1994,51392,-999,1,6.4,11.9,5.6
1995,51392,-999,1,5.4,10,4.5
1996,51392,-999,1,6.8,11.2,5
1997,51392,-999,1,4.9,9.1,5.8
1998,51392,-999,1,6.1,11.6,4.4
1999,51392,-999,1,5.7,10.4,4.3
2000,51392,-999,1,5.5,9.9,4.7
2001,51392,-999,1,5.3,10.7,4.3
2002,51392,-999,1,6.4,10.7,3.8
2003,51392,-999,1,5.5,10.5,4.2
2004,51392,-999,1,5.8,10.3,5.5
2005,51392,-999,1,6,11.9,3.5
2006,51392,-999,1,6.9,11.5,4.1
2007,51392,-999,1,5.3,10.2,3.7
2008,51392,-999,1,6,11.5,3.9
2009,51392,-999,1,6.4,10.4,5.2
2010,51392,-999,1,6,10,4.6
2011,51392,-999,1,5.1,10.7,4.6
2012,51392,-999,1,4.7,10.5,5.4
2013,51392,-999,1,4.7,9.5,4.9
2014,51392,-999,1,6,10.6,4.6
2015,51392,-999,1,5.3,10.5,5
2016,51392,-999,1,3.8,8,2.9
2017,51392,-999,1,2.5,4.5,4.8
1981,51394,-999,1,6.2,11.4,6.3
1982,51394,-999,1,5.1,12.9,5.9
1983,51394,-999,1,5.3,10.2,5.8
1984,51394,-999,1,4.6,12.1,6.9
1985,51394,-999,1,5.7,10.1,6.6
1986,51394,-999,1,6,14,7.9
1987,51394,-999,1,3.9,9.6,5.3
1988,51394,-999,1,4.2,8.2,6.2
1989,51394,-999,1,6.9,12.7,5.7
1990,51394,-999,1,5.7,13.7,6.2
1991,51394,-999,1,5.8,12,5.1
1992,51394,-999,1,5.9,12.5,6.5
1993,51394,-999,1,5.3,11.5,6.4
1994,51394,-999,1,5.2,10.9,7.1
1995,51394,-999,1,6.3,13.2,7.4
1996,51394,-999,1,8.8,12.1,7.2
1997,51394,-999,1,4.7,9.8,6.5
1998,51394,-999,1,7.1,12,6.2
1999,51394,-999,1,7.2,14.9,5.5
2000,51394,-999,1,5.5,12.2,5.8
2001,51394,-999,1,6.2,13.3,5.5
2002,51394,-999,1,6.4,12.2,5.3
2003,51394,-999,1,5.8,11.7,6.9
2004,51394,-999,1,5.1,11.4,6.8
2005,51394,-999,1,6.3,12.3,5.2
2006,51394,-999,1,7,14.2,5
2007,51394,-999,1,5.6,9.9,5.9
2008,51394,-999,1,6.9,13.6,4.6
2009,51394,-999,1,6.1,12.9,6.1
2010,51394,-999,1,4.6,10,5.9
2011,51394,-999,1,4.9,10.5,4.9
2012,51394,-999,1,3.3,9.1,4.9
2013,51394,-999,1,3.1,8,6.3
2014,51394,-999,1,6.6,13.2,5.4
2015,51394,-999,1,5.3,12.2,6.4
2016,51394,-999,1,4.1,8.2,2.5
2017,51394,-999,1,4.2,9.3,5.4
1981,51333,-999,0,1.9,7,6.5
1982,51333,-999,0,6.2,14.7,6.4
1983,51333,-999,0,6.9,13.1,5.7
1984,51333,-999,0,5.6,9.2,4.7
1985,51333,-999,0,4.7,11.2,6.8
1986,51333,-999,0,4.8,9.5,5.9
1987,51333,-999,0,5.8,10.2,6.9
1988,51333,-999,0,4.9,10.7,5.3
1989,51333,-999,0,6,11.1,5
1990,51333,-999,0,4.2,10,5.3
1991,51333,-999,0,4.2,9.3,4.8
1992,51333,-999,0,6.4,13.7,6
1993,51333,-999,0,6.3,11.1,7.7
1994,51333,-999,0,5.1,13.1,7.9
1995,51333,-999,0,7.1,12.5,6.4
1996,51333,-999,0,4.7,10.3,6.2
1997,51333,-999,0,3.4,8.5,7.8
1998,51333,-999,0,6.7,12.4,7.3
1999,51333,-999,0,5.7,11.9,5
2000,51333,-999,0,7.2,14.1,7.3
2001,51333,-999,0,4.8,11.9,5.8
2002,51333,-999,0,5.1,11.7,5.2
2003,51333,-999,0,4.2,9.4,6.1
2004,51333,-999,0,5.1,11.2,6.3
2005,51333,-999,0,6.3,13.2,6.7
2006,51333,-999,0,5.4,11.9,5.1
2007,51333,-999,0,4.9,9.9,7.1
2008,51333,-999,0,4.9,11.3,6.5
2009,51333,-999,0,8,13.6,6.2
2010,51333,-999,0,5.4,10.4,5.5
2011,51333,-999,0,6.4,11.1,5.4
2012,51333,-999,0,4.3,10.6,6
2013,51333,-999,0,5.4,11.3,6.7
2014,51333,-999,0,6.2,14,6.7
2015,51333,-999,0,4.3,9.6,6
2016,51333,-999,0,3.6,7.1,4.9
2017,51333,-999,0,4.1,10.4,5.3
1981,51334,-999,0,1,5.3,5
1982,51334,-999,0,6.2,15.2,7
1983,51334,-999,0,4.5,11.6,4.1
1984,51334,-999,0,6.4,10.7,4.7
1985,51334,-999,0,4.4,11.1,8
1986,51334,-999,0,5.1,11.1,6.3
1987,51334,-999,0,5.6,10.1,9.2
1988,51334,-999,0,4,11.6,6.6
1989,51334,-999,0,6.4,11.4,4.8
1990,51334,-999,0,4.4,12.4,5.5
1991,51334,-999,0,5,10.7,5.7
1992,51334,-999,0,4.7,13.7,5.6
1993,51334,-999,0,5.5,10.8,5.4
1994,51334,-999,0,4.6,12.1,7.8
1995,51334,-999,0,7.1,13.2,4.3
1996,51334,-999,0,3,8,5.7
1997,51334,-999,0,3.6,9.6,7.8
1998,51334,-999,0,6.3,13.6,7.2
1999,51334,-999,0,3.8,10.9,6.2
2000,51334,-999,0,7,14.8,6.3
2001,51334,-999,0,3.5,11.8,5.6
2002,51334,-999,0,5.7,12.7,5.7
2003,51334,-999,0,4.2,11,3.9
2004,51334,-999,0,5.5,12.3,6.1
2005,51334,-999,0,6.4,14.7,5.2
2006,51334,-999,0,6.6,14.7,5.1
2007,51334,-999,0,5.6,11.8,5.1
2008,51334,-999,0,4.6,12.1,6.1
2009,51334,-999,0,8.2,15.8,4
2010,51334,-999,0,5.9,12.4,5.4
2011,51334,-999,0,5.8,11.8,4.4
2012,51334,-999,0,4,11,7.1
2013,51334,-999,0,6.8,14.1,6.4
2014,51334,-999,0,6.4,14.9,8.1
2015,51334,-999,0,6.5,13.5,6.4
2016,51334,-999,0,4.5,6.5,4.9
2017,51334,-999,0,4.2,10.7,5.7
1981,51336,-999,0,1.5,6.2,5.3
1982,51336,-999,0,6.3,14.4,6.6
1983,51336,-999,0,5.9,11.7,5.4
1984,51336,-999,0,5.9,10.2,5
1985,51336,-999,0,3.4,11.2,7.3
1986,51336,-999,0,4.8,10,5.9
1987,51336,-999,0,5.9,10.8,8.7
1988,51336,-999,0,3.7,10.5,5.7
1989,51336,-999,0,5.9,11.2,4.7
1990,51336,-999,0,3.9,11,5
1991,51336,-999,0,4.7,10.3,5.8
1992,51336,-999,0,4.7,12.7,5.2
1993,51336,-999,0,5.8,11.7,6.3
1994,51336,-999,0,4,11.7,6.8
1995,51336,-999,0,6.9,12.8,4.5
1996,51336,-999,0,3.9,8.7,5.7
1997,51336,-999,0,3.7,9,7.1
1998,51336,-999,0,6.6,13.6,7.8
1999,51336,-999,0,5.6,12.8,5.7
2000,51336,-999,0,6.9,14.4,6.9
2001,51336,-999,0,4,11.3,5.5
2002,51336,-999,0,6.1,13.4,4.9
2003,51336,-999,0,4.4,10.6,4.8
2004,51336,-999,0,5.3,12.3,6.3
2005,51336,-999,0,6.5,15,6.8
2006,51336,-999,0,5.9,13.6,4.3
2007,51336,-999,0,6.3,10.6,5.6
2008,51336,-999,0,5,12,5.6
2009,51336,-999,0,6.9,14,5.1
2010,51336,-999,0,5.5,11.6,6.2
2011,51336,-999,0,6.3,12.5,4.9
2012,51336,-999,0,4,10.3,6.6
2013,51336,-999,0,6.2,13.1,6.6
2014,51336,-999,0,5.9,14.7,7.6
2015,51336,-999,0,5.9,12.4,6.6
2016,51336,-999,0,4,7.5,4.9
2017,51336,-999,0,4,10.1,6.2
1981,51337,-999,0,2.2,6.6,6.5
1982,51337,-999,0,6.1,14.8,5.7
1983,51337,-999,0,6,11.1,6.4
1984,51337,-999,0,6.4,11.9,5.3
1985,51337,-999,0,5,11.3,8.1
1986,51337,-999,0,4.1,11.1,6.1
1987,51337,-999,0,7.1,12.5,9
1988,51337,-999,0,3.6,10.3,4.4
1989,51337,-999,0,6,11.7,6.3
1990,51337,-999,0,4.4,11.2,6.9
1991,51337,-999,0,6.6,11.8,6.1
1992,51337,-999,0,6.3,12.3,6.9
1993,51337,-999,0,6.8,13,7.8
1994,51337,-999,0,5.9,11.7,7.6
1995,51337,-999,0,6.3,12,5.7
1996,51337,-999,0,5.4,10.4,7.7
1997,51337,-999,0,3.9,8.8,5.4
1998,51337,-999,0,7.2,13.2,7.7
1999,51337,-999,0,6.5,13,5.5
2000,51337,-999,0,8.4,15.5,6.7
2001,51337,-999,0,6.2,12.9,6.4
2002,51337,-999,0,4.7,11.9,4.5
2003,51337,-999,0,4.6,10.2,5.7
2004,51337,-999,0,5.1,12.1,6.9
2005,51337,-999,0,6.6,13.3,6.3
2006,51337,-999,0,5.4,13.5,4.8
2007,51337,-999,0,6.4,11.2,4.8
2008,51337,-999,0,5.6,14.2,4.9
2009,51337,-999,0,6.5,14.2,6.2
2010,51337,-999,0,5.1,11.4,7.9
2011,51337,-999,0,5.9,11.3,4.3
2012,51337,-999,0,4.4,10.7,6
2013,51337,-999,0,4.6,10.2,6.8
2014,51337,-999,0,7.2,15.4,6.9
2015,51337,-999,0,6.1,14.3,5.9
2016,51337,-999,0,4.1,8.2,4.4
2017,51337,-999,0,4.7,10.5,6.5
1981,51350,-999,0,1.9,6.3,5.7
1982,51350,-999,0,7.1,11.7,6.2
1983,51350,-999,0,6.9,11.3,5.6
1984,51350,-999,0,5.8,8.9,6.4
1985,51350,-999,0,5.6,10.1,6.9
1986,51350,-999,0,5.5,9.1,5.1
1987,51350,-999,0,5,9.9,6.7
1988,51350,-999,0,5.3,10.3,5.1
1989,51350,-999,0,5.6,9.1,4.8
1990,51350,-999,0,4.3,8.4,6.1
1991,51350,-999,0,5.5,10,6.6
1992,51350,-999,0,6.6,13.5,6
1993,51350,-999,0,6.2,9.8,6
1994,51350,-999,0,5.7,12.5,7.4
1995,51350,-999,0,6.5,11.7,6.7
1996,51350,-999,0,5.5,11,7.8
1997,51350,-999,0,4.3,9,7.4
1998,51350,-999,0,5.5,10.7,8.1
1999,51350,-999,0,7.4,11.8,5.4
2000,51350,-999,0,5.1,8.6,7.2
2001,51350,-999,0,6.1,11,7.2
2002,51350,-999,0,5,9,6.9
2003,51350,-999,0,4.2,7.2,6.4
2004,51350,-999,0,5.5,7.9,6.4
2005,51350,-999,0,6.5,10,6.5
2006,51350,-999,0,6.9,10.9,5.6
2007,51350,-999,0,5.6,9,6.9
2008,51350,-999,0,5.8,9.7,5.2
2009,51350,-999,0,6.5,8.6,5.1
2010,51350,-999,0,5,7.8,5.6
2011,51350,-999,0,6.5,9.9,6.2
2012,51350,-999,0,5.3,10.2,7.7
2013,51350,-999,0,6.1,10.5,6.5
2014,51350,-999,0,7.1,12.7,7.7
2015,51350,-999,0,5.2,9.6,6.2
2016,51350,-999,0,3.5,7.3,4.5
2017,51350,-999,0,2.4,6.2,6
1981,51366,-999,0,2.1,4.6,7.4
1982,51366,-999,0,3.6,8.4,3.1
1983,51366,-999,0,3.5,6,4.5
1984,51366,-999,0,4.9,9.2,3
1985,51366,-999,0,1.5,6.4,4.3
1986,51366,-999,0,2.9,9.4,3.2
1987,51366,-999,0,1.9,6.8,4.5
1988,51366,-999,0,1.6,5.5,4.5
1989,51366,-999,0,2.6,6.7,1.7
1990,51366,-999,0,0.6,6.9,6.1
1991,51366,-999,0,1.7,7.7,4.7
1992,51366,-999,0,5.2,8.6,3.8
1993,51366,-999,0,4.8,11.8,5.4
1994,51366,-999,0,2.3,6.2,3.2
1995,51366,-999,0,3.7,8.5,3.1
1996,51366,-999,0,1.7,7.4,4.1
1997,51366,-999,0,3.7,8.1,2.7
1998,51366,-999,0,2.5,7.4,4.7
1999,51366,-999,0,2,8.5,2.7
2000,51366,-999,0,2.7,8.8,3.2
2001,51366,-999,0,2.7,6.7,4.6
2002,51366,-999,0,1.6,7.9,1.9
2003,51366,-999,0,3.8,9.3,5.5
2004,51366,-999,0,3.2,9.2,4.8
2005,51366,-999,0,2.8,9.3,4.2
2006,51366,-999,0,0.9,7.8,2.6
2007,51366,-999,0,4.1,8.5,5.8
2008,51366,-999,0,3.8,7.6,5.2
2009,51366,-999,0,3.2,10.7,5.7
2010,51366,-999,0,2.2,8.2,2.6
2011,51366,-999,0,3.8,7.3,2.5
2012,51366,-999,0,2.7,6.6,3.4
2013,51366,-999,0,1.5,7.5,3.9
2014,51366,-999,0,3.4,7.4,3.2
2015,51366,-999,0,2.1,6.4,2.3
2016,51366,-999,0,6.4,7.4,4.2
2017,51366,-999,0,5.6,10.2,5
1981,51368,-999,0,2.1,7.2,5.7
1982,51368,-999,0,2.6,7.2,2.9
1983,51368,-999,0,2.7,6.6,4.5
1984,51368,-999,0,5.5,12,3.7
1985,51368,-999,0,1.7,7.6,5.1
1986,51368,-999,0,1.7,7.7,3.5
1987,51368,-999,0,2.4,7.2,5.3
1988,51368,-999,0,1.8,5.7,4.9
1989,51368,-999,0,2.9,9.3,2.1
1990,51368,-999,0,0,6.3,4.9
1991,51368,-999,0,1.7,8.3,4.3
1992,51368,-999,0,4.1,8.4,2.8
1993,51368,-999,0,4.4,11.2,5.3
1994,51368,-999,0,2.1,5.9,3.5
1995,51368,-999,0,3,8,3
1996,51368,-999,0,0.4,5.9,4.5
1997,51368,-999,0,3.9,9.2,1.7
1998,51368,-999,0,2.6,6.6,5.2
1999,51368,-999,0,1.4,7.8,2.7
2000,51368,-999,0,2.5,9,3.3
2001,51368,-999,0,1.1,5.8,4.3
2002,51368,-999,0,0.7,7.9,1.7
2003,51368,-999,0,3.7,8.4,5.2
2004,51368,-999,0,3.3,9,3.7
2005,51368,-999,0,2.1,8.1,4.5
2006,51368,-999,0,0.1,4.9,2.1
2007,51368,-999,0,3.4,7,5.1
2008,51368,-999,0,3.5,7.4,4.1
2009,51368,-999,0,3.3,10.9,4.7
2010,51368,-999,0,2,7.9,2.6
2011,51368,-999,0,3.2,6.6,3.1
2012,51368,-999,0,2.3,6.7,2.7
2013,51368,-999,0,1.4,6.4,4
2014,51368,-999,0,3.3,6.8,3.5
2015,51368,-999,0,2.2,6.4,1.8
2016,51368,-999,0,5.8,7.3,7.1
2017,51368,-999,0,5,9.8,5.2
1981,51369,-999,0,2.6,5.7,8.5
1982,51369,-999,0,3.4,7.1,3.5
1983,51369,-999,0,3.3,7,4.4
1984,51369,-999,0,5.8,9.2,4.4
1985,51369,-999,0,1.1,4.7,5.6
1986,51369,-999,0,2.3,8.9,4.9
1987,51369,-999,0,2.7,6.1,3.8
1988,51369,-999,0,2.9,5.3,4.2
1989,51369,-999,0,2.3,6.7,2.1
1990,51369,-999,0,0.7,5,6.4
1991,51369,-999,0,2.1,5.7,5.5
1992,51369,-999,0,4.3,6.4,3.5
1993,51369,-999,0,4.1,9.6,4.7
1994,51369,-999,0,1.9,4.9,3.4
1995,51369,-999,0,2.5,6.8,2.6
1996,51369,-999,0,1.1,5.3,4.8
1997,51369,-999,0,3.8,7.6,2.8
1998,51369,-999,0,2.8,6.7,4.5
1999,51369,-999,0,2.5,5.8,2.8
2000,51369,-999,0,3,7.7,4.5
2001,51369,-999,0,1.8,6,4.7
2002,51369,-999,0,1,7,2.2
2003,51369,-999,0,3.4,6,5.2
2004,51369,-999,0,3,6.2,4.9
2005,51369,-999,0,2.2,7.3,4.2
2006,51369,-999,0,1,6.5,3.1
2007,51369,-999,0,5.6,8.1,6.1
2008,51369,-999,0,3.9,7.5,4.9
2009,51369,-999,0,3.4,10.3,5.5
2010,51369,-999,0,1.9,4.9,4.5
2011,51369,-999,0,4,6,2.3
2012,51369,-999,0,2,4.4,3.2
2013,51369,-999,0,2.4,5.4,3.4
2014,51369,-999,0,5.1,8.9,4.4
2015,51369,-999,0,1.8,5.3,2.7
2016,51369,-999,0,6.1,8.3,4.2
2017,51369,-999,0,6.2,10,4.1
1981,51371,-999,0,2.1,7.8,5
1982,51371,-999,0,2.9,8.2,2.3
1983,51371,-999,0,3.2,7.6,4
1984,51371,-999,0,5.4,12.1,2.9
1985,51371,-999,0,1.7,8.5,4.5
1986,51371,-999,0,2.1,8.2,4
1987,51371,-999,0,2,7.4,5.2
1988,51371,-999,0,1.9,5.5,5.1
1989,51371,-999,0,2.7,8.5,1.5
1990,51371,-999,0,0.4,6.3,5.5
1991,51371,-999,0,2.1,9.5,4.9
1992,51371,-999,0,5.6,11.1,3.2
1993,51371,-999,0,3.6,10.2,5.7
1994,51371,-999,0,2.5,7.1,2.4
1995,51371,-999,0,3.4,8.6,2.2
1996,51371,-999,0,1.5,6.4,3.4
1997,51371,-999,0,3.6,9.1,1.8
1998,51371,-999,0,2.8,8,3.8
1999,51371,-999,0,1.6,9,2.5
2000,51371,-999,0,2.7,8.6,3.8
2001,51371,-999,0,2,7,3.6
2002,51371,-999,0,1.5,9.4,2.2
2003,51371,-999,0,4.3,10.5,4.6
2004,51371,-999,0,3.3,9.9,3.2
2005,51371,-999,0,3,10.1,4.3
2006,51371,-999,0,0.6,6.3,2.2
2007,51371,-999,0,3.8,8.5,4.7
2008,51371,-999,0,3.7,8.1,4.3
2009,51371,-999,0,3.7,11.5,4.8
2010,51371,-999,0,1.6,8.8,2.7
2011,51371,-999,0,3.5,7.8,2.5
2012,51371,-999,0,2.8,7.8,3
2013,51371,-999,0,2,9.5,4.5
2014,51371,-999,0,3.1,6.6,3.4
2015,51371,-999,0,2,6,1.6
2016,51371,-999,0,6.1,7.5,5.2
2017,51371,-999,0,5.2,10.2,5
1981,51372,-999,0,2.4,4.7,8.3
1982,51372,-999,0,3.6,7,3.9
1983,51372,-999,0,3.4,6.9,5.2
1984,51372,-999,0,5,8.8,3.4
1985,51372,-999,0,1.9,6.5,4.9
1986,51372,-999,0,3.5,10.2,3.9
1987,51372,-999,0,1.9,6.8,5
1988,51372,-999,0,2,6.9,3.9
1989,51372,-999,0,2.7,6.8,2.3
1990,51372,-999,0,1,5.9,7.2
1991,51372,-999,0,1.9,7,5.4
1992,51372,-999,0,4.7,8.4,3.9
1993,51372,-999,0,4.9,11.7,6
1994,51372,-999,0,2,6.3,3.5
1995,51372,-999,0,3.9,9,2.5
1996,51372,-999,0,2.6,7.6,5.1
1997,51372,-999,0,3.8,9.2,2.7
1998,51372,-999,0,2.9,8.8,5.3
1999,51372,-999,0,2.7,9.3,3.4
2000,51372,-999,0,3.9,10.3,3.8
2001,51372,-999,0,4.1,9.3,4.9
2002,51372,-999,0,2.6,9.3,2.8
2003,51372,-999,0,3.5,8.5,5.8
2004,51372,-999,0,3,8.4,6.8
2005,51372,-999,0,3.2,10.7,4.4
2006,51372,-999,0,1.2,8.9,3.1
2007,51372,-999,0,4.6,8.6,7.2
2008,51372,-999,0,5,8.9,5.2
2009,51372,-999,0,3.2,10,7.5
2010,51372,-999,0,2.7,7.7,3.8
2011,51372,-999,0,3.6,7.3,3.1
2012,51372,-999,0,3,6.3,5.1
2013,51372,-999,0,2.5,8.4,3.9
2014,51372,-999,0,4.9,9.3,4.8
2015,51372,-999,0,2,6.5,2.6
2016,51372,-999,0,6,7.6,4.9
2017,51372,-999,0,6.3,9.9,4.3
1981,51375,-999,0,1.3,5.1,6.7
1982,51375,-999,0,2.5,5.7,3
1983,51375,-999,0,2.5,6.2,3.9
1984,51375,-999,0,5.9,9.5,3.9
1985,51375,-999,0,1.3,4.1,5.2
1986,51375,-999,0,2.4,7.9,4.2
1987,51375,-999,0,2.6,6.5,2.2
1988,51375,-999,0,2.6,5.9,3.8
1989,51375,-999,0,2.3,7.2,1.8
1990,51375,-999,0,0.2,4.4,4.8
1991,51375,-999,0,2,6.4,4.9
1992,51375,-999,0,3.1,5.8,2
1993,51375,-999,0,3.9,9.2,3.9
1994,51375,-999,0,0.9,2.7,2.9
1995,51375,-999,0,1.3,3.7,3.5
1996,51375,-999,0,0.8,4.2,5
1997,51375,-999,0,3.2,6.2,1.1
1998,51375,-999,0,2.9,6.7,3.6
1999,51375,-999,0,1.5,4.5,2.1
2000,51375,-999,0,2.5,7.9,3.5
2001,51375,-999,0,1,4.3,3.8
2002,51375,-999,0,0.1,5.8,1.6
2003,51375,-999,0,2.6,5,2.6
2004,51375,-999,0,3.1,7.1,3.2
2005,51375,-999,0,1.6,5.1,2.5
2006,51375,-999,0,0,3.5,2.6
2007,51375,-999,0,4.3,6.4,4.7
2008,51375,-999,0,3.1,6.3,4.3
2009,51375,-999,0,3.3,9.7,3.7
2010,51375,-999,0,1.7,4.8,3.6
2011,51375,-999,0,3.9,4.6,1.8
2012,51375,-999,0,1.7,4.1,0.7
2013,51375,-999,0,1.8,5.5,2.7
2014,51375,-999,0,4.1,6.9,3.2
2015,51375,-999,0,1.8,5.2,2.1
2016,51375,-999,0,5.3,8.6,5.2
2017,51375,-999,0,5.7,9.7,4
1981,51378,-999,0,3.7,6.3,7.8
1982,51378,-999,0,4.3,7.7,5
1983,51378,-999,0,5,9.9,6.4
1984,51378,-999,0,5.8,10.1,4.1
1985,51378,-999,0,3.5,8.3,6.2
1986,51378,-999,0,4,11,4.3
1987,51378,-999,0,3.3,8.8,6.6
1988,51378,-999,0,2.5,8,3.1
1989,51378,-999,0,4.1,9.4,3.8
1990,51378,-999,0,1.7,6.5,7.3
1991,51378,-999,0,3.6,7.9,6.1
1992,51378,-999,0,5.3,10.4,4.1
1993,51378,-999,0,5.3,12.2,6.2
1994,51378,-999,0,3.3,8.9,5.7
1995,51378,-999,0,4.3,9.3,3.2
1996,51378,-999,0,5.1,10.9,6.2
1997,51378,-999,0,4.1,9.8,3.9
1998,51378,-999,0,4.1,9.3,5.9
1999,51378,-999,0,4.4,11.2,6.1
2000,51378,-999,0,5.9,13.7,6.1
2001,51378,-999,0,5.7,11.5,5.6
2002,51378,-999,0,4.5,11.1,5
2003,51378,-999,0,3.7,9.5,6
2004,51378,-999,0,3.3,10.3,8
2005,51378,-999,0,4.4,12,5.8
2006,51378,-999,0,2.5,10,4.8
2007,51378,-999,0,5.7,11.1,7.7
2008,51378,-999,0,5.1,10.1,6.2
2009,51378,-999,0,4.8,10.8,6.5
2010,51378,-999,0,4.5,11.1,5.5
2011,51378,-999,0,5.5,9.8,5.3
2012,51378,-999,0,2.8,8.1,6.1
2013,51378,-999,0,3.2,9.9,5.6
2014,51378,-999,0,7.2,12.3,5.5
2015,51378,-999,0,2.4,7.6,4.5
2016,51378,-999,0,5.9,9,3.4
2017,51378,-999,0,5.8,10.1,4.3
1981,51382,-999,0,3.1,4.7,6.9
1982,51382,-999,0,4.7,9.3,5.6
1983,51382,-999,0,6,10.2,5.9
1984,51382,-999,0,6.2,11.1,5.6
1985,51382,-999,0,2.7,8.8,7.4
1986,51382,-999,0,3.2,10.2,6.5
1987,51382,-999,0,3.1,7.3,6.2
1988,51382,-999,0,3.6,7,4.8
1989,51382,-999,0,5.2,10.1,4.6
1990,51382,-999,0,2.9,9.1,7.7
1991,51382,-999,0,4.8,10.6,6.6
1992,51382,-999,0,6.1,8.9,6.9
1993,51382,-999,0,4.9,11,5.9
1994,51382,-999,0,3.9,9.5,6.8
1995,51382,-999,0,5.5,10.7,5
1996,51382,-999,0,6.6,10.1,6.5
1997,51382,-999,0,5.2,10.2,5.2
1998,51382,-999,0,5.2,10.4,5.4
1999,51382,-999,0,5.2,10.2,6.3
2000,51382,-999,0,6,11.7,6
2001,51382,-999,0,5.2,10.8,5.3
2002,51382,-999,0,5.5,9.8,6.7
2003,51382,-999,0,4.1,9.3,5.7
2004,51382,-999,0,3.9,7.2,7.3
2005,51382,-999,0,4.5,10.1,5.1
2006,51382,-999,0,4.4,10.7,4.9
2007,51382,-999,0,5.3,9.4,6.7
2008,51382,-999,0,4.9,10.9,4.5
2009,51382,-999,0,5.1,12.7,7
2010,51382,-999,0,3.7,8.4,8.5
2011,51382,-999,0,4.9,9,5.8
2012,51382,-999,0,2.4,5.9,4.5
2013,51382,-999,0,3.6,7.4,4.7
2014,51382,-999,0,6.9,11.9,5.6
2015,51382,-999,0,3.6,9.6,5.5
2016,51382,-999,0,5.2,6.9,2
2017,51382,-999,0,5.5,10.7,5.6
1981,51385,-999,0,6.5,9.7,7.5
1982,51385,-999,0,5.5,11.7,5.8
1983,51385,-999,0,6.3,11.3,7.3
1984,51385,-999,0,6,13.2,7.3
1985,51385,-999,0,4,7.9,7.8
1986,51385,-999,0,5.2,13.2,8.7
1987,51385,-999,0,3.3,8.4,6.3
1988,51385,-999,0,4.2,8.6,6.6
1989,51385,-999,0,7.2,14.2,6.2
1990,51385,-999,0,5.5,13.1,6.4
1991,51385,-999,0,5.5,11.8,6.6
1992,51385,-999,0,5.5,11.6,7.6
1993,51385,-999,0,5,9.4,7.3
1994,51385,-999,0,5.4,11.4,7.5
1995,51385,-999,0,5.8,11.9,7.7
1996,51385,-999,0,8.2,12.3,7.5
1997,51385,-999,0,4.5,9,6.2
1998,51385,-999,0,7.2,12.5,7.5
1999,51385,-999,0,6.9,13,5.7
2000,51385,-999,0,5.6,12.6,6.2
2001,51385,-999,0,6.1,13.5,6.7
2002,51385,-999,0,5.8,11.5,5.6
2003,51385,-999,0,5.1,11.9,6.2
2004,51385,-999,0,4,8.8,7.6
2005,51385,-999,0,5.2,11.5,5.7
2006,51385,-999,0,6.3,13.9,5.1
2007,51385,-999,0,6,10.3,7.5
2008,51385,-999,0,6.8,13.3,5
2009,51385,-999,0,6.8,13.8,7.1
2010,51385,-999,0,4.1,9.6,6.3
2011,51385,-999,0,5.3,11.8,4.1
2012,51385,-999,0,3.2,8.2,4.9
2013,51385,-999,0,3.3,8.4,7
2014,51385,-999,0,8.3,14.7,5.6
2015,51385,-999,0,6.7,12.3,7.6
2016,51385,-999,0,4.9,8.7,2.6
2017,51385,-999,0,4.4,9.8,7.6
1981,51386,-999,0,3.1,7.3,7.8
1982,51386,-999,0,5.7,14.4,6.4
1983,51386,-999,0,5.2,10,6.6
1984,51386,-999,0,6.5,12.1,6
1985,51386,-999,0,4.6,10.3,8
1986,51386,-999,0,4.3,10.7,6.8
1987,51386,-999,0,6.5,11.8,8.1
1988,51386,-999,0,3.9,10.3,4.7
1989,51386,-999,0,6.1,11.8,5.7
1990,51386,-999,0,4,10.9,7.4
1991,51386,-999,0,6.5,12.3,5.7
1992,51386,-999,0,6.5,12.3,7.2
1993,51386,-999,0,5.8,12.3,8
1994,51386,-999,0,6,12.3,7.1
1995,51386,-999,0,5.8,11.6,5.9
1996,51386,-999,0,5.9,10.5,8.2
1997,51386,-999,0,3.9,8.7,5.1
1998,51386,-999,0,6.9,13.4,7.8
1999,51386,-999,0,6.8,13.2,6.9
2000,51386,-999,0,8.8,16.5,6.7
2001,51386,-999,0,5.7,12,6.4
2002,51386,-999,0,4.4,11.2,4.8
2003,51386,-999,0,5.3,11.5,6.7
2004,51386,-999,0,4.7,11.3,7.3
2005,51386,-999,0,5.7,13.3,5.8
2006,51386,-999,0,6.1,13.2,5.2
2007,51386,-999,0,5.9,10.5,6.8
2008,51386,-999,0,5.6,12.2,5.4
2009,51386,-999,0,6.6,13.7,6.6
2010,51386,-999,0,5.4,12,6.5
2011,51386,-999,0,6.3,11.7,5.3
2012,51386,-999,0,3.3,8.8,5.2
2013,51386,-999,0,4.9,10.3,7.1
2014,51386,-999,0,7.1,15.5,6.7
2015,51386,-999,0,5.4,12.9,5.7
2016,51386,-999,0,4.8,8.2,3.6
2017,51386,-999,0,4.7,10.5,5.9
1981,51391,-999,0,5.1,7.8,6.5
1982,51391,-999,0,4.4,9.8,5.4
1983,51391,-999,0,5.1,7.7,5
1984,51391,-999,0,5.8,11.5,7.7
1985,51391,-999,0,4.6,7.7,6.8
1986,51391,-999,0,5.7,12.1,8.1
1987,51391,-999,0,3.7,8.5,6.4
1988,51391,-999,0,4,6.3,5.1
1989,51391,-999,0,6.2,10.6,5.3
1990,51391,-999,0,4,10.3,7.2
1991,51391,-999,0,4.2,7.5,5.7
1992,51391,-999,0,6.2,9.6,7.5
1993,51391,-999,0,3.9,9.3,6.3
1994,51391,-999,0,5.2,9.4,6.3
1995,51391,-999,0,5.2,10.3,7.3
1996,51391,-999,0,5.8,8.6,6.4
1997,51391,-999,0,5.6,9.9,7.1
1998,51391,-999,0,7,10.5,5.3
1999,51391,-999,0,5.3,12.2,6.1
2000,51391,-999,0,5.2,9.6,4.7
2001,51391,-999,0,5.9,10.5,5.4
2002,51391,-999,0,5.9,11.2,4.9
2003,51391,-999,0,5.1,9.7,6.8
2004,51391,-999,0,3.7,7.9,6.9
2005,51391,-999,0,4.9,10.7,4.8
2006,51391,-999,0,6.1,11.5,5.6
2007,51391,-999,0,5.7,8.5,7.1
2008,51391,-999,0,6.6,9.5,4.8
2009,51391,-999,0,5,12.1,7
2010,51391,-999,0,3,7.6,6.1
2011,51391,-999,0,4.8,8.6,3.8
2012,51391,-999,0,2.8,4.4,4.7
2013,51391,-999,0,3.8,6.8,4.2
2014,51391,-999,0,6,11.9,4.9
2015,51391,-999,0,5,8.8,6.9
2016,51391,-999,0,6.5,9.6,2.2
2017,51391,-999,0,5.4,9.5,7.5
1981,51393,-999,0,5,7.6,6.8
1982,51393,-999,0,5.3,10.6,5.7
1983,51393,-999,0,5.8,9.8,6
1984,51393,-999,0,6.7,12.7,6.5
1985,51393,-999,0,2.8,7.3,7.9
1986,51393,-999,0,4.4,12.1,8.3
1987,51393,-999,0,3.7,7.9,6.8
1988,51393,-999,0,4.3,7.3,6.3
1989,51393,-999,0,6.4,11.3,5.5
1990,51393,-999,0,4.8,11.2,7.4
1991,51393,-999,0,5.3,10.3,6.7
1992,51393,-999,0,5.9,8.7,7
1993,51393,-999,0,4.2,9.7,6.1
1994,51393,-999,0,5.1,10.1,6.2
1995,51393,-999,0,5.9,12.3,6.5
1996,51393,-999,0,7.9,11.5,7.7
1997,51393,-999,0,5.3,10.1,6
1998,51393,-999,0,6.6,11.2,5.7
1999,51393,-999,0,5.4,10.8,6.7
2000,51393,-999,0,6,11.1,5.8
2001,51393,-999,0,5.7,11.6,5.7
2002,51393,-999,0,5.5,11.3,5.2
2003,51393,-999,0,4.7,9.5,6.2
2004,51393,-999,0,4.3,8.7,8.2
2005,51393,-999,0,3.5,10.4,4.9
2006,51393,-999,0,6.2,12.4,5.2
2007,51393,-999,0,6.4,10.9,6.9
2008,51393,-999,0,6.6,11.8,5
2009,51393,-999,0,5.7,12.6,7
2010,51393,-999,0,3.8,8.7,6.8
2011,51393,-999,0,5.2,10.2,4.3
2012,51393,-999,0,2.7,6.3,5.6
2013,51393,-999,0,3.5,7.1,4.3
2014,51393,-999,0,7.5,12.9,5.5
2015,51393,-999,0,5.2,10.4,7.5
2016,51393,-999,0,4.4,8,2.4
2017,51393,-999,0,4.5,9.2,6.1
1981,51395,-999,0,3,5,7.1
1982,51395,-999,0,4.2,7.6,5
1983,51395,-999,0,4.8,6.8,4.1
1984,51395,-999,0,6.5,9.6,5.8
1985,51395,-999,0,2.7,5.5,6.6
1986,51395,-999,0,3.4,9.2,6.5
1987,51395,-999,0,4.2,8.1,5.8
1988,51395,-999,0,3.9,6.3,4
1989,51395,-999,0,3.7,7.4,4.4
1990,51395,-999,0,1.8,7.1,6.8
1991,51395,-999,0,4,6.8,5.6
1992,51395,-999,0,4.9,6.7,4.9
1993,51395,-999,0,3.1,8.6,5.3
1994,51395,-999,0,3.2,5.8,4.6
1995,51395,-999,0,4,7.3,4.3
1996,51395,-999,0,3.8,7.1,6.4
1997,51395,-999,0,4.4,8.3,5.5
1998,51395,-999,0,5.1,7.9,3.8
1999,51395,-999,0,3.7,8,4.1
2000,51395,-999,0,5.2,8.5,4.5
2001,51395,-999,0,3.4,6.8,4.4
2002,51395,-999,0,3.7,8.3,3.1
2003,51395,-999,0,4.4,6.6,6
2004,51395,-999,0,3.7,6.8,7.6
2005,51395,-999,0,2.8,7.9,4
2006,51395,-999,0,3.1,7.2,5.5
2007,51395,-999,0,5.8,8.1,6.1
2008,51395,-999,0,5.3,7.5,3.8
2009,51395,-999,0,4.3,10.3,5.9
2010,51395,-999,0,2.2,6.3,4.9
2011,51395,-999,0,4,5.2,3.9
2012,51395,-999,0,2.4,3.6,4.6
2013,51395,-999,0,3.2,5.4,3.5
2014,51395,-999,0,4.8,8.1,4.3
2015,51395,-999,0,3.4,6.1,5.1
2016,51395,-999,0,6.1,9.1,3.2
2017,51395,-999,0,5.3,8.6,5.3
1981,51396,-999,0,1.7,5.2,6.9
1982,51396,-999,0,3.3,7.3,3.9
1983,51396,-999,0,4.2,7.4,3.8
1984,51396,-999,0,5.3,9.6,3.8
1985,51396,-999,0,1.3,4.5,5.7
1986,51396,-999,0,2.2,6.9,3.9
1987,51396,-999,0,2.8,8.6,2.3
1988,51396,-999,0,2.7,5.4,3.2
1989,51396,-999,0,2,7,2.3
1990,51396,-999,0,0.2,5.1,5.3
1991,51396,-999,0,2.3,6.2,4.8
1992,51396,-999,0,2.7,5.8,2.2
1993,51396,-999,0,3.6,9.1,4.3
1994,51396,-999,0,1.2,3.3,3
1995,51396,-999,0,1.2,3.1,3.3
1996,51396,-999,0,1,5.7,4.9
1997,51396,-999,0,3.2,7.2,1
1998,51396,-999,0,3.1,7.3,3.7
1999,51396,-999,0,1.5,4.8,1.6
2000,51396,-999,0,3,7.8,2.9
2001,51396,-999,0,1,4.7,4
2002,51396,-999,0,0.5,5.7,2.2
2003,51396,-999,0,2.4,5.1,2.7
2004,51396,-999,0,2.8,6.2,4.2
2005,51396,-999,0,2.2,5.4,3.5
2006,51396,-999,0,0,3.7,2.1
2007,51396,-999,0,3.5,5.2,3.7
2008,51396,-999,0,3.3,5.9,3.7
2009,51396,-999,0,3.2,9.9,2.7
2010,51396,-999,0,2.2,5.8,3.7
2011,51396,-999,0,3,4.7,2.9
2012,51396,-999,0,1.9,4,1.1
2013,51396,-999,0,1.8,5.8,2.8
2014,51396,-999,0,3.6,6.1,3.4
2015,51396,-999,0,2.2,5.3,2.4
2016,51396,-999,0,6.2,9,4.8
2017,51396,-999,0,5.3,9.8,4
1981,51398,-999,0,2,3.9,7.7
1982,51398,-999,0,3.8,6.2,3.6
1983,51398,-999,0,3.3,4.6,4.6
1984,51398,-999,0,5.2,6.9,3.9
1985,51398,-999,0,1.5,4,6.1
1986,51398,-999,0,2.3,8.6,4.8
1987,51398,-999,0,3.4,7.3,2.9
1988,51398,-999,0,3.3,4.9,3.7
1989,51398,-999,0,3.2,6.2,3.1
1990,51398,-999,0,0.4,3.9,5.7
1991,51398,-999,0,2.3,6.3,4.9
1992,51398,-999,0,3.8,4.3,3.7
1993,51398,-999,0,3.4,7.7,3.7
1994,51398,-999,0,1.4,3.1,3.1
1995,51398,-999,0,2.4,3.2,2.7
1996,51398,-999,0,2.7,6.3,6
1997,51398,-999,0,3.3,6.1,2.9
1998,51398,-999,0,3.3,5.6,3.4
1999,51398,-999,0,2.5,4.8,2.2
2000,51398,-999,0,3.6,7.6,3.7
2001,51398,-999,0,1.3,4.8,3.7
2002,51398,-999,0,1.3,3.7,2.7
2003,51398,-999,0,3.4,5,5.1
2004,51398,-999,0,3.4,6,6.3
2005,51398,-999,0,2,6.5,2.5
2006,51398,-999,0,0.4,3.7,3.5
2007,51398,-999,0,5.4,7,4.9
2008,51398,-999,0,3.9,6,3.8
2009,51398,-999,0,3.4,8.4,4.8
2010,51398,-999,0,1.4,3.3,3.2
2011,51398,-999,0,3.4,3.6,3.3
2012,51398,-999,0,2.1,3.1,2.5
2013,51398,-999,0,2.3,4.4,2.9
2014,51398,-999,0,4.1,5.9,3.8
2015,51398,-999,0,2.3,4.3,3.6
2016,51398,-999,0,6.3,8.9,3.2
2017,51398,-999,0,5.3,8.2,3.8
1981,51402,-999,0,2.5,4.5,8.9
1982,51402,-999,0,3.8,7.1,3.1
1983,51402,-999,0,3.7,6.1,4.1
1984,51402,-999,0,5.4,7.6,4.1
1985,51402,-999,0,1,3.9,6.1
1986,51402,-999,0,2,9.7,5.6
1987,51402,-999,0,3.4,6.4,2.9
1988,51402,-999,0,3.4,5.2,3.8
1989,51402,-999,0,3.1,6.4,2.4
1990,51402,-999,0,0.6,3.6,5.8
1991,51402,-999,0,2,5.3,5
1992,51402,-999,0,3.9,4.4,3.9
1993,51402,-999,0,3.6,8.3,3.8
1994,51402,-999,0,1.7,3.9,3.4
1995,51402,-999,0,2.6,4.8,2.7
1996,51402,-999,0,2.1,5.3,5.4
1997,51402,-999,0,3.6,6.8,2.9
1998,51402,-999,0,2.6,5.6,3.6
1999,51402,-999,0,2.4,4.4,2.9
2000,51402,-999,0,3.2,7.4,4.3
2001,51402,-999,0,1.4,4.9,3.4
2002,51402,-999,0,1.1,4.8,2.4
2003,51402,-999,0,3.3,5.1,5.6
2004,51402,-999,0,2.9,5.6,5.6
2005,51402,-999,0,2.2,7.9,3.3
2006,51402,-999,0,0.4,4.9,3.3
2007,51402,-999,0,5.9,7.9,5.1
2008,51402,-999,0,4.2,6.7,4.3
2009,51402,-999,0,3.2,9.1,5.4
2010,51402,-999,0,1.2,3,4.3
2011,51402,-999,0,3.6,4.1,2.9
2012,51402,-999,0,1.7,2,2.9
2013,51402,-999,0,3.1,5.4,3.6
2014,51402,-999,0,4.9,7.4,3.6
2015,51402,-999,0,2.5,4.7,2.7
2016,51402,-999,0,6.3,8.6,4.3
2017,51402,-999,0,6.9,9.9,4
1981,68769,-999,0,3.5,5.2,8
1982,68769,-999,0,5.3,10.2,4.6
1983,68769,-999,0,5.1,8.1,4.3
1984,68769,-999,0,5.8,9.9,5.1
1985,68769,-999,0,1.6,6.4,6.4
1986,68769,-999,0,3.1,11,6.6
1987,68769,-999,0,3.9,7.3,5.8
1988,68769,-999,0,4.1,5.6,4.7
1989,68769,-999,0,4.8,9,5
1990,68769,-999,0,2.7,8.2,6.8
1991,68769,-999,0,3.4,7.2,5.6
1992,68769,-999,0,6.3,7.9,5.8
1993,68769,-999,0,3.5,9.4,5.7
1994,68769,-999,0,2.7,7.1,5.9
1995,68769,-999,0,5.3,10.1,4.6
1996,68769,-999,0,5.8,8.9,6.5
1997,68769,-999,0,5.5,10.2,5
1998,68769,-999,0,5,9,4.5
1999,68769,-999,0,4.2,8,4.7
2000,68769,-999,0,5,9.3,4.6
2001,68769,-999,0,3.3,7.6,4.5
2002,68769,-999,0,4.3,9.3,4.7
2003,68769,-999,0,3.9,7.7,6.8
2004,68769,-999,0,3.8,7.4,7.3
2005,68769,-999,0,3.6,9.2,4.7
2006,68769,-999,0,3.5,9.2,4.5
2007,68769,-999,0,6.7,9.6,5.9
2008,68769,-999,0,5.3,9.8,4.5
2009,68769,-999,0,4.4,11.1,6.2
2010,68769,-999,0,3,5.7,6.4
2011,68769,-999,0,3.9,5.9,4.8
2012,68769,-999,0,2.5,3.9,5.3
2013,68769,-999,0,4.3,7.3,4.4
2014,68769,-999,0,6.7,10.9,5.4
2015,68769,-999,0,3.3,8,5
2016,68769,-999,0,5.9,8.3,2.5
2017,68769,-999,0,5.9,10.6,4.5
